move,-73.18264,-205.37149
move,-72.12067,-205.18643
move,-71.1072,-204.95554
move,-70.07653,-204.7626
move,-68.9252,-204.67392
move,-67.82843,-204.67789
move,-66.76636,-204.78986
move,-65.65007,-204.99716
move,-64.56085,-205.31767
move,-63.582363,-205.66835
move,-62.57583,-206.05435
move,-61.637024,-206.40125
move,-60.567245,-206.64119
move,-59.475018,-206.82065
move,-58.372997,-206.99985
move,-57.26944,-207.16936
move,-56.125767,-207.33
move,-55.001785,-207.39316
move,-54.000877,-207.40234
move,-52.838463,-207.33643
move,-51.679638,-207.22049
move,-50.486015,-207.06996
move,-49.456306,-206.92775
move,-48.499485,-206.75627
move,-47.53607,-206.56738
move,-46.543465,-206.3774
move,-45.56941,-206.19287
move,-44.576084,-206.00668
move,-43.579,-205.8422
move,-42.586166,-205.7149
move,-41.58945,-205.62248
move,-40.571095,-205.56157
move,-39.532112,-205.5288
move,-38.46421,-205.49707
move,-37.24237,-205.46082
move,-36.203323,-205.43016
move,-35.096725,-205.4071
move,-34.105595,-205.42514
move,-32.96325,-205.50487
move,-31.881927,-205.68835
move,-30.813011,-205.93605
move,-29.763641,-206.18285
move,-28.694899,-206.43129
move,-27.697674,-206.6468
move,-26.576595,-206.88152
move,-25.567293,-207.08633
move,-24.562983,-207.26529
move,-23.524212,-207.41231
move,-22.359476,-207.56131
move,-21.023504,-207.69925
move,-19.70907,-207.80716
move,-18.367125,-207.85646
move,-17.0121,-207.83827
move,-15.705966,-207.79698
move,-14.339937,-207.73816
move,-13.047697,-207.65878
move,-11.732682,-207.55772
move,-10.429991,-207.45413
move,-9.125688,-207.37491
move,-7.8318377,-207.3281
move,-6.537879,-207.28429
move,-5.0746117,-207.23492
move,-3.7807975,-207.18724
move,-2.511445,-207.13354
move,-1.2415036,-207.09592
move,0.12519167,-207.0553
move,1.3936583,-206.98564
move,2.6699924,-206.85936
move,3.958084,-206.72903
move,5.2252994,-206.63925
move,6.507051,-206.65837
move,7.7570477,-206.92708
move,8.642962,-207.81346
move,8.935016,-209.03171
move,8.956863,-210.31317
move,8.878421,-211.5691
move,8.778558,-212.84781
move,8.720551,-214.1046
move,8.770613,-215.37376
move,8.946847,-216.63141
move,9.276717,-217.89519
move,9.714442,-219.07483
move,10.243042,-220.49174
move,10.577674,-221.66667
move,10.812136,-222.87817
move,10.989102,-224.1239
move,11.035569,-225.58612
move,10.954462,-226.80539
move,10.839512,-228.03421
move,10.667399,-229.28056
move,10.419762,-230.68672
move,10.2027025,-231.98756
move,10.071409,-233.27524
move,10.039996,-234.52103
move,10.069903,-235.75475
move,10.077859,-237.00078
move,9.921668,-238.24792
move,9.579441,-239.43333
move,9.202727,-240.63402
move,8.798586,-241.86371
move,8.200863,-242.94139
move,7.444235,-243.96082
move,6.515834,-244.7877
move,5.43027,-245.44572
move,4.248199,-245.94159
move,3.0374954,-246.3263
move,1.8360654,-246.76509
move,0.9572116,-247.66724
move,0.4269085,-248.83284
move,0.07539479,-250.06598
move,-0.15453485,-251.3273
move,-0.24530639,-252.58202
move,-0.24666156,-253.84026
move,-0.16080752,-255.0956
move,-0.049360193,-256.37335
move,0.06786947,-257.6264
move,0.12200288,-258.883
move,0.120124936,-260.16556
move,0.10668625,-261.4723
move,0.07040214,-262.7787
move,0.0025979253,-264.12
move,-0.10332269,-265.41016
move,-0.2674896,-266.73108
move,-0.48210242,-268.08136
move,-0.85234094,-269.33386
move,-1.3872842,-270.63098
move,-2.12164,-271.91013
move,-2.9542136,-272.94687
move,-3.9222453,-273.82166
move,-5.0485425,-274.43024
move,-6.256697,-274.89514
move,-7.4732795,-275.33804
move,-8.658364,-275.88525
move,-9.735962,-276.64365
move,-10.693408,-277.79315
move,-11.172361,-278.9795
move,-11.300709,-280.25198
move,-11.153483,-281.52414
move,-10.827341,-282.75174
move,-10.463307,-283.9815
move,-10.08661,-285.22012
move,-9.747015,-286.43176
move,-9.415311,-287.6831
move,-9.074774,-288.95724
move,-8.635525,-290.17432
move,-8.044907,-291.39352
move,-7.3471518,-292.49762
move,-6.468379,-293.57538
move,-5.520735,-294.4196
move,-4.4495554,-295.12424
move,-3.3665614,-295.78854
move,-2.360538,-296.55948
move,-1.5585811,-297.49655
move,-0.870029,-298.54855
move,-0.34655532,-299.69168
move,-0.012274437,-300.90347
move,0.19157879,-302.1695
move,0.31734,-303.38504
move,0.41730863,-304.66373
move,0.4723154,-305.92096
move,0.49596697,-307.38483
move,0.50647753,-308.6554
move,0.48960763,-309.9259
move,0.4855126,-311.18433
move,0.48773715,-312.5274
move,0.5034243,-313.8341
move,0.5438185,-315.2128
move,0.585756,-316.57935
move,0.6311035,-317.82477
move,0.6828424,-319.14252
move,0.73564416,-320.48444
move,0.74481946,-321.73035
move,0.653024,-322.9972
move,0.47338325,-324.25482
move,0.2776682,-325.5346
move,0.17007731,-326.8602
move,0.2599257,-328.0899
move,0.5083316,-329.37192
move,0.96074957,-330.5695
move,1.6159376,-331.62747
move,2.4413042,-332.54352
move,3.4477656,-333.37564
move,4.6607685,-334.15012
move,5.7270164,-334.74738
move,6.8266716,-335.4063
move,7.7609777,-336.21002
move,8.554907,-337.18448
move,9.159353,-338.28696
move,9.63647,-339.50302
move,9.990316,-340.6978
move,10.284623,-341.93365
move,10.519622,-343.15747
move,10.712878,-344.41315
move,10.841321,-345.67682
move,10.861717,-346.93463
move,10.817429,-348.21646
move,10.757364,-349.52185
move,10.695007,-350.82718
move,10.632966,-352.07202
move,10.5572405,-353.44937
move,10.463447,-354.83768
move,10.37235,-356.15344
move,10.281971,-357.48138
move,10.193166,-358.86996
move,10.10626,-360.22238
move,10.021058,-361.58704
move,9.942401,-362.95206
move,9.92932,-363.20578
cluster,4292
move,9.882323,-364.28165
move,-10.000001,355.49997
move,-9.9688225,355.01257
move,-9.87306,353.52408
move,-9.774831,351.99603
move,-9.682953,350.5073
move,-9.601395,349.04428
move,-9.5192585,347.50208
move,-9.4493685,346.05173
move,-9.367558,344.58878
move,-9.28519,343.07297
move,-9.142057,341.61545
move,-8.867955,340.0555
move,-8.526887,338.7266
move,-7.998355,337.49057
move,-7.2017536,336.39218
move,-6.1898084,335.42795
move,-4.88809,334.60318
move,-3.6484692,334.04495
move,-2.4053838,333.46426
move,-1.3741591,332.47946
move,-0.7478745,331.24664
move,-0.36992058,329.86005
move,-0.19651532,328.39255
move,-0.11306496,326.9297
move,-0.044448875,325.43973
move,-0.031151716,323.97458
move,-0.028936826,322.50934
move,-0.06509476,320.9918
move,-0.10960815,319.46143
move,-0.14880691,318.11575
move,-0.19257425,316.61176
move,-0.23634802,315.10776
move,-0.27184275,313.76187
move,-0.2905809,312.41565
move,-0.29663616,311.08237
move,-0.2827984,309.74908
move,-0.27939993,308.40262
move,-0.28546134,307.0166
move,-0.29064324,305.47214
move,-0.2718,304.126
move,-0.25224233,302.77985
move,-0.23515636,301.42023
move,-0.2482897,300.04758
move,-0.32047844,298.72968
move,-0.4318557,297.3614
move,-0.5555713,295.87476
move,-0.66617006,294.54614
move,-0.78908825,293.15247
move,-0.9665061,291.6982
move,-1.2137321,290.36163
move,-1.5849483,289.0271
move,-2.1724927,287.78873
move,-2.941255,286.65317
move,-3.9802184,285.5859
move,-5.124577,284.7851
move,-6.430225,284.1505
move,-7.7578626,283.5307
move,-8.782402,282.66684
move,-9.524174,281.48566
move,-9.929326,280.13773
move,-10.089034,278.6419
move,-10.167079,277.28464
move,-10.205948,275.87268
move,-10.228549,274.43402
move,-10.252845,273.06146
move,-10.284452,271.6494
move,-10.323963,270.21115
move,-10.372275,268.8787
move,-10.42305,267.48022
move,-10.474195,266.06854
move,-10.524494,264.68323
move,-10.577141,263.232
move,-10.627386,261.8467
move,-10.677527,260.4615
move,-10.713787,259.03638
move,-10.696493,257.66376
move,-10.676081,256.26486
move,-10.615365,254.84073
move,-10.492202,253.43364
move,-10.362116,252.05371
move,-10.232108,250.66055
move,-10.120891,249.23941
move,-10.0352545,247.82962
move,-9.952878,246.34035
move,-9.906348,244.92874
move,-9.877855,243.4902
move,-9.865814,242.05145
move,-9.86081,240.5862
move,-9.856628,239.12094
move,-9.849246,237.66891
move,-9.838763,236.15105
move,-9.908717,234.7424
move,-10.198307,233.34671
move,-10.323331,231.87671
move,-10.123462,230.46867
move,-9.58055,229.16843
move,-8.787589,227.96976
move,-7.816379,226.874
move,-6.6645064,225.90822
move,-5.395349,225.1264
move,-4.0480924,224.45674
move,-2.7945516,223.7828
move,-1.8010702,222.75305
move,-1.080326,221.37527
move,-0.53415054,219.91731
move,-0.092964575,218.54784
move,0.3535162,217.13849
move,0.7867303,215.65659
move,0.9205007,214.30614
move,0.86250484,212.82927
move,0.7102607,211.37215
move,0.5017733,209.92186
move,0.29403183,208.4848
move,0.11576059,207.03052
move,-0.042777255,205.57385
move,-0.17390522,204.1013
move,-0.28032187,202.58698
move,-0.3542726,201.16333
move,-0.4323028,199.68703
move,-0.5721188,198.2153
move,-0.72923344,196.69215
move,-0.88238275,195.28809
move,-1.0388696,193.80475
move,-1.206763,192.34929
move,-1.4422178,190.87654
move,-1.7968662,189.42847
move,-2.3618312,188.0659
move,-3.3127923,186.96065
move,-4.4864206,186.15063
move,-5.678115,185.50568
move,-6.9033237,184.84659
move,-7.9985733,184.05109
move,-8.899111,183.04259
move,-9.595554,181.86664
move,-10.185724,180.64697
move,-10.661254,179.35281
move,-10.964194,178.02077
move,-11.125276,176.6633
move,-11.21329,175.27464
move,-11.2708645,173.90857
move,-11.334221,172.49428
move,-11.442799,171.19215
move,-11.647986,169.82849
move,-11.957311,168.64714
move,-12.541579,167.42725
move,-13.214263,166.39305
move,-14.0731,165.34543
move,-14.998612,164.3557
move,-16.0116,163.45695
move,-17.125937,162.70915
move,-18.342337,162.11403
move,-19.627937,161.6497
move,-20.91999,161.28378
move,-22.290363,160.98074
move,-23.601665,160.75372
move,-25.007477,160.58769
move,-26.381386,160.46501
move,-27.709288,160.37466
move,-29.111248,160.30731
move,-30.490246,160.27489
move,-31.893728,160.25711
move,-33.27301,160.24046
move,-34.67649,160.22351
move,-36.055824,160.21033
move,-37.435097,160.22026
move,-38.81388,160.2608
move,-40.228455,160.31705
move,-41.570602,160.36696
move,-42.925507,160.39392
move,-44.292763,160.39734
move,-45.6219,160.33492
move,-47.01017,160.131
move,-48.338306,159.86198
move,-49.652836,159.53333
move,-50.929607,159.11778
move,-52.117218,158.54933
move,-53.117184,157.65941
move,-53.889374,156.57762
move,-54.507065,155.38571
move,-55.016636,154.117
move,-55.614113,152.8761
move,-56.41735,151.99318
move,-57.554745,151.28397
move,-58.837734,150.81664
move,-60.19801,150.52629
move,-61.543404,150.36751
move,-62.945965,150.32083
move,-64.349525,150.3314
move,-65.5837,150.34398
move,-67.02358,150.35869
move,-68.30616,150.36964
move,-69.67335,150.35965
move,-71.075226,150.29153
move,-72.43998,150.20805
move,-73.82954,150.13766
move,-75.208275,150.09619
move,-76.61105,150.04967
move,-77.98721,149.95798
move,-79.36878,149.71906
move,-80.67397,149.27568
move,-81.92397,148.6417
move,-82.99394,147.75542
move,-83.85848,146.68353
move,-84.5422,145.48642
move,-85.09544,144.23628
move,-85.69554,142.96875
move,-86.5951,141.96548
move,-87.75306,141.24237
move,-89.03605,140.70726
move,-90.36712,140.40015
move,-91.749405,140.24347
move,-93.114975,140.17813
move,-94.506325,140.15848
move,-95.909904,140.14975
move,-97.31346,140.1566
move,-98.680534,140.18105
move,-100.059814,140.18452
move,-101.4149,140.16292
move,-102.78207,140.14012
move,-104.16111,140.10782
move,-105.50346,140.06296
move,-106.93029,140.01076
move,-108.236176,139.96255
move,-109.54206,139.91432
move,-110.847946,139.86607
move,-112.09331,139.818
move,-113.446625,139.74695
move,-114.78813,139.68188
move,-116.15376,139.61443
move,-117.48288,139.54373
move,-118.81175,139.46837
move,-120.12757,139.37842
move,-121.466515,139.27258
move,-122.793106,139.16446
move,-124.190315,139.03098
move,-125.52384,138.87132
move,-126.859634,138.64398
move,-128.21257,138.31941
move,-129.51128,137.97704
move,-130.83171,137.57857
move,-132.07643,137.07652
move,-133.22807,136.2468
move,-133.86273,134.94907
move,-133.66623,133.57799
move,-132.8744,132.44244
move,-131.86069,131.48947
move,-130.83417,130.48131
move,-130.26556,129.19612
move,-130.04578,127.78673
move,-129.93613,126.33893
move,-129.8896,124.911896
move,-129.8779,123.46005
move,-129.92358,122.04519
move,-130.04381,120.59821
move,-130.1906,119.16593
move,-130.38528,117.702614
move,-130.53993,116.502625
move,-130.64735,115.03087
move,-130.63739,113.59099
move,-130.62665,112.356804
move,-130.63014,111.12264
move,-130.64336,109.888535
move,-130.6115,108.642944
move,-130.46838,107.429474
move,-130.30196,106.18214
move,-130.13887,104.95875
move,-129.97511,103.71105
move,-129.90971,102.479774
move,-129.98026,101.21144
move,-130.11978,99.97328
move,-130.42122,98.727486
move,-130.92473,97.367134
move,-131.5938,96.31909
move,-132.4509,95.39927
move,-133.42749,94.6465
move,-134.50879,94.00356
move,-135.53674,93.45745
move,-136.4092,92.98685
move,-137.22179,92.45429
move,-137.97006,91.819405
move,-138.64746,91.10954
move,-139.24129,90.316216
move,-139.74927,89.4769
move,-140.1002,88.50131
move,-140.2758,87.51638
move,-140.36024,86.3841
move,-140.40288,85.191376
move,-140.42178,84.19057
move,-140.42126,83.20884
move,-140.40634,82.20796
move,-140.3705,81.21727
move,-140.31503,80.2178
move,-140.25975,79.22796
move,-140.20828,78.228294
move,-140.18727,77.25645
move,-140.18552,76.274704
move,-140.17651,75.293015
move,-140.16504,74.30171
move,-140.15663,73.26224
move,-140.14728,72.261284
move,-140.1234,71.10654
move,-140.09947,70.086525
move,-140.07565,69.076126
move,-140.05037,68.065796
move,-140.02385,67.04589
move,-139.99709,66.016365
move,-139.97461,64.99636
move,-139.9894,63.995533
move,-140.02675,62.96634
move,-140.06844,61.91803
move,-140.1053,60.898438
move,-140.13065,59.86889
move,-140.15082,58.829594
move,-140.16037,57.81902
move,-140.18147,56.79899
move,-140.20383,55.76936
move,-140.22386,54.749306
move,-140.24101,53.738815
move,-140.26389,52.699566
move,-140.28947,51.679638
move,-140.31525,50.65009
move,-140.34059,49.639786
move,-140.36693,48.590992
move,-140.39894,47.5616
move,-140.4332,46.541916
move,-140.46562,45.522182
move,-140.49863,44.483208
move,-140.53113,43.463474
move,-140.56425,42.4245
move,-140.59741,41.385525
move,-140.62985,40.36579
move,-140.66231,39.346058
move,-140.69542,38.307083
move,-140.72787,37.28735
move,-140.76004,36.277237
move,-140.79327,35.24789
move,-140.82619,34.208908
move,-140.85793,33.13137
move,-140.88037,32.11137
move,-140.89409,31.02383
move,-140.90616,30.051775
move,-140.9183,29.070097
move,-140.9305,28.088417
move,-140.945,26.914253
move,-140.95706,25.9422
move,-140.96902,24.950891
move,-140.97162,23.959528
move,-140.9702,22.968155
move,-140.94464,21.986874
move,-140.88086,21.007198
move,-140.81548,20.027632
move,-140.74013,19.0295
move,-140.62999,17.78421
move,-140.52501,16.542341
move,-140.40823,15.155744
move,-140.2759,13.867931
move,-140.15073,12.627948
move,-140.0723,11.34795
move,-139.7237,10.120219
move,-139.12334,8.987515
move,-138.44684,7.926729
move,-137.67151,6.9060225
move,-136.78516,6.0139318
move,-135.80069,5.2114887
move,-134.7373,4.5170016
move,-133.65405,3.8090856
move,-132.76515,2.9380658
move,-132.02563,1.9074185
move,-131.49724,0.7663964
move,-131.06592,-0.41553387
move,-130.70921,-1.6221468
move,-130.40605,-2.8309047
move,-130.16621,-4.0537515
move,-130.00078,-5.3010097
move,-129.89731,-6.555101
move,-129.81433,-7.81076
move,-129.74962,-9.079586
move,-129.7208,-10.349607
move,-129.74965,-11.607645
move,-129.7517,-12.866041
move,-129.75388,-14.172836
move,-129.74608,-15.4675045
move,-129.71886,-16.76188
move,-129.68864,-18.043982
move,-129.7147,-19.350521
move,-129.76804,-20.644012
move,-129.8706,-21.934612
move,-129.99219,-23.23574
move,-130.11366,-24.536884
move,-130.26448,-25.846935
move,-130.49359,-27.09649
move,-130.79654,-28.479322
move,-131.12791,-29.768343
move,-131.51814,-31.166933
move,-131.86255,-32.38986
move,-132.15193,-33.66361
move,-132.37138,-34.939575
move,-132.459,-36.213577
move,-132.08215,-37.450413
move,-131.59164,-38.648357
move,-131.05148,-39.851574
move,-130.51448,-41.0429
move,-129.96744,-42.25627
move,-129.5934,-43.08588
move,-130.31267,-42.73895
move,-131.49844,-42.18986
move,-132.70023,-41.708878
move,-133.95108,-41.33367
move,-135.23698,-41.040737
move,-136.48785,-40.66323
move,-137.77522,-40.384712
move,-138.8023,-40.92885
move,-139.1076,-42.172966
move,-139.37317,-43.440105
move,-139.64178,-44.718975
move,-139.86537,-45.969555
move,-140.0092,-47.243702
move,-140.0179,-48.53783
move,-139.92577,-49.829056
move,-139.8105,-51.13077
move,-139.68608,-52.45594
move,-139.60454,-53.772053
move,-139.60889,-55.066605
move,-139.6512,-56.409016
move,-139.72809,-57.725655
move,-139.81238,-59.04187
move,-139.89659,-60.358074
move,-139.99655,-61.66103
move,-140.10756,-62.987396
move,-140.1993,-64.27884
move,-140.27106,-65.62001
move,-140.32979,-66.93759
move,-140.37389,-68.26784
move,-140.38991,-69.59869
move,-140.38193,-70.90546
move,-140.3661,-72.24848
move,-140.36601,-73.56734
move,-140.3758,-74.886185
move,-140.38559,-76.20503
move,-140.3954,-77.52388
move,-140.40605,-78.95163
move,-140.41637,-80.33098
move,-140.4251,-81.66194
move,-140.4073,-83.0533
move,-140.39294,-84.39628
move,-140.37796,-85.78765
move,-140.35748,-87.17899
move,-140.318,-88.5336
move,-140.23149,-89.88604
move,-140.13844,-91.27443
move,-140.04756,-92.62658
move,-139.97868,-94.00424
move,-139.9293,-95.382744
move,-139.89359,-96.749565
move,-139.8766,-98.08039
move,-139.89195,-99.43546
move,-139.91179,-100.7784
move,-139.9551,-102.108696
move,-140.00465,-103.43876
move,-140.05394,-104.76883
move,-140.10193,-106.09895
move,-140.14836,-107.41702
move,-140.19283,-108.72307
move,-140.23584,-110.041275
move,-140.2771,-111.37164
move,-140.31335,-112.665825
move,-140.34053,-113.98442
move,-140.36523,-115.29099
move,-140.36882,-116.59775
move,-140.36569,-117.928734
move,-140.34143,-119.211105
move,-140.3223,-120.51766
move,-140.31934,-121.82445
move,-140.31567,-123.13123
move,-140.2463,-124.46011
move,-140.07904,-125.767975
move,-139.83769,-127.052216
move,-139.56758,-128.34312
move,-139.29297,-129.64546
move,-138.9566,-130.94481
move,-138.45216,-132.14955
move,-137.79668,-133.3203
move,-136.91835,-134.31587
move,-135.83759,-135.06735
move,-134.60756,-135.5686
move,-133.35376,-135.8912
move,-132.2007,-136.61389
move,-131.49292,-137.6644
move,-131.06201,-138.86948
move,-130.80156,-140.13731
move,-130.60794,-141.4418
move,-130.45322,-142.75159
move,-130.34358,-144.06578
move,-130.28595,-145.37128
move,-130.26756,-146.79883
move,-130.31015,-148.11697
move,-130.37233,-149.4344
move,-130.43578,-150.7639
move,-130.4993,-152.0934
move,-130.56268,-153.4229
move,-130.62729,-154.77657
move,-130.68652,-156.10625
move,-130.71997,-157.44894
move,-130.71614,-158.77982
move,-130.67378,-160.09804
move,-130.62805,-161.45247
move,-130.5837,-162.77063
move,-130.53862,-164.12509
move,-130.49434,-165.45537
move,-130.44926,-166.80983
move,-130.40422,-168.16429
move,-130.35988,-169.50665
move,-130.3385,-170.86165
move,-130.32555,-172.20464
move,-130.33011,-173.54778
move,-130.3422,-174.89075
move,-130.35422,-176.23372
move,-130.3662,-177.56459
move,-130.37828,-178.90756
move,-130.39034,-180.25053
move,-130.39972,-181.5814
move,-130.40877,-182.92438
move,-130.41808,-184.29155
move,-130.41461,-185.63469
move,-130.40114,-186.98976
move,-130.38663,-188.33278
move,-130.37141,-189.69995
move,-130.35582,-191.04297
move,-130.33992,-192.41017
move,-130.32437,-193.75319
move,-130.30844,-195.12036
move,-130.2918,-196.46336
move,-130.27187,-197.83052
move,-130.25214,-199.1856
move,-130.23276,-200.51646
move,-130.2131,-201.87154
move,-130.19362,-203.21451
move,-130.17378,-204.58168
move,-130.15552,-205.91254
move,-130.13689,-207.26761
move,-130.1191,-208.59848
move,-130.10083,-209.96565
move,-130.08301,-211.30862
move,-130.06651,-212.66371
move,-130.09721,-214.01816
move,-130.0186,-215.36989
move,-129.79312,-216.65686
move,-129.52628,-218.04716
move,-129.21199,-219.35263
move,-128.81113,-220.59633
move,-128.30313,-221.77275
move,-127.638435,-222.88332
move,-126.9264,-223.8759
move,-125.97427,-224.92279
move,-124.90831,-225.88962
move,-123.76524,-226.7448
move,-122.64735,-227.48897
move,-121.42476,-228.2496
move,-120.16159,-228.88492
move,-118.9984,-229.25801
move,-117.59468,-229.5773
move,-116.28865,-229.75882
move,-114.98421,-229.83202
move,-113.65336,-229.84967
move,-112.37078,-229.8579
move,-111.015594,-229.86375
move,-109.720924,-229.871
move,-108.41414,-229.8716
move,-107.02275,-229.88194
move,-105.691864,-229.8952
move,-104.3731,-229.87723
move,-103.018036,-229.85797
move,-101.74767,-229.83986
move,-100.4289,-229.82043
move,-99.09822,-229.79205
move,-97.80408,-229.75417
move,-96.50997,-229.71468
move,-95.191376,-229.68716
move,-93.9211,-229.66525
move,-92.55402,-229.64168
move,-91.27163,-229.61952
move,-90.00121,-229.6151
move,-88.70709,-229.65244
move,-87.43743,-229.69757
move,-86.14419,-229.75813
move,-84.86483,-229.84897
move,-83.59018,-229.99007
move,-82.33534,-230.18861
move,-81.00496,-230.44563
move,-79.6826,-230.97574
move,-78.555626,-231.56223
move,-77.503075,-232.24939
move,-76.57134,-233.09348
move,-75.68011,-234.2224
move,-74.97439,-235.40694
move,-74.31907,-236.63443
move,-73.460236,-237.70435
move,-72.32754,-238.50969
move,-71.0467,-239.10709
move,-69.70648,-239.47789
move,-68.47854,-239.68762
move,-67.17766,-239.81099
move,-65.89847,-239.90443
move,-64.65529,-239.99231
move,-63.363037,-240.0717
move,-62.061474,-240.18694
move,-60.676003,-240.40874
move,-59.38779,-240.78505
move,-58.10973,-241.33214
move,-57.048306,-242.12791
move,-56.15196,-243.15852
move,-55.431263,-244.2767
move,-54.778244,-245.47784
move,-54.150276,-246.6512
move,-53.274677,-247.66046
move,-52.160633,-248.38493
move,-50.929092,-248.88287
move,-49.603127,-249.15869
move,-48.255917,-249.30093
move,-46.986256,-249.34406
move,-45.691654,-249.35873
move,-44.481724,-249.34837
move,-43.24768,-249.32884
move,-42.001534,-249.30916
move,-40.73119,-249.28911
move,-39.436653,-249.26859
move,-38.11792,-249.24773
move,-36.811283,-249.22711
move,-35.456192,-249.22353
move,-34.175613,-249.29387
move,-32.847992,-249.3888
move,-31.435886,-249.48975
move,-30.132414,-249.58296
move,-28.82894,-249.6762
move,-27.39272,-249.77893
move,-26.101315,-249.87129
move,-24.592833,-249.98149
move,-23.199015,-250.14413
move,-21.980167,-250.33815
move,-20.753242,-250.5567
move,-19.537647,-250.83105
move,-18.375002,-251.20354
move,-17.286526,-251.78253
move,-16.261692,-252.46976
move,-15.291654,-253.27023
move,-14.320495,-254.33145
move,-13.584227,-255.35165
move,-12.892594,-256.43158
move,-12.293172,-257.49643
move,-11.7463,-258.65628
move,-11.234574,-260.01468
move,-10.911465,-261.20538
move,-10.648057,-262.44833
move,-10.407498,-263.67114
move,-10.176423,-264.9943
move,-9.982219,-266.22537
move,-9.782268,-267.52893
move,-9.618926,-268.7644
move,-9.421817,-270.0805
move,-9.107641,-271.3606
move,-8.5676775,-272.5198
move,-7.7457027,-273.56427
move,-6.8049264,-274.43433
move,-5.735301,-275.18402
move,-4.6081066,-275.86862
move,-3.5001543,-276.51468
move,-2.441123,-277.29544
move,-1.5752591,-278.2881
move,-0.8963321,-279.37497
move,-0.34362045,-280.532
move,0.12978694,-281.7368
move,0.5426403,-282.95123
move,0.9081132,-284.19284
move,1.1336105,-285.52765
move,1.1396071,-286.97858
move,1.0361391,-288.2569
move,0.8877964,-289.50653
move,0.72993547,-290.7672
move,0.6053415,-292.04358
move,0.5374113,-293.30005
move,0.50128156,-294.56995
move,0.44316155,-296.04498
move,0.39140162,-297.2902
move,0.33585626,-298.72903
move,0.2793569,-300.16776
move,0.21617284,-301.60617
move,0.12633446,-303.04306
move,0.040220045,-304.4561
move,-0.03339299,-305.86987
move,-0.10342525,-307.3081
move,-0.13205822,-308.66302
move,-0.14268038,-310.06677
move,-0.08883936,-311.45676
move,0.012997228,-312.8204
move,0.11224667,-314.1479
move,0.20561896,-315.4151
move,0.27865726,-316.69556
move,0.34063727,-318.06137
move,0.37148002,-319.35577
move,0.3983936,-320.65015
move,0.41896874,-321.9568
move,0.43375316,-323.25156
move,0.44655582,-324.54633
move,0.46653438,-325.84097
move,0.47939467,-327.14792
move,0.5186342,-328.4419
move,0.70501506,-329.7458
move,1.1605365,-330.95493
move,1.8159823,-332.04187
move,2.6786928,-333.05307
move,3.696063,-333.8505
move,4.8091745,-334.46167
move,5.979083,-335.04388
move,7.039862,-335.64865
move,7.973866,-336.5404
move,8.60221,-337.61307
move,9.021945,-338.8111
move,9.380375,-340.19275
move,9.5825205,-341.55627
move,9.692105,-342.93127
move,9.80099,-344.33063
move,9.910159,-345.7421
move,10.003577,-347.1788
move,10.009225,-348.55807
move,9.991165,-349.97375
move,9.971272,-351.18347
move,9.93981,-352.48993
move,9.905959,-353.89316
move,9.877178,-355.11493
move,9.843731,-356.5303
move,9.812283,-357.98193
move,9.789048,-359.22803
move,9.762828,-360.69177
move,9.73977,-362.15552
move,9.729609,-363.08728
cluster,2406
move,9.727464,-363.59552
move,-10.000001,355.49997
move,-10.020929,355.26825
move,-10.124741,354.00702
move,-10.181404,352.76422
move,-10.20192,351.6277
move,-10.221526,350.5017
move,-10.241946,349.33286
move,-10.261093,348.23907
move,-10.280946,347.10236
move,-10.293029,345.92276
move,-10.218265,344.74582
move,-10.04633,343.5901
move,-9.744976,342.53906
move,-9.330146,341.53857
move,-8.8421335,340.42923
move,-8.3525,339.356
move,-7.793871,338.30508
move,-7.1441965,337.30826
move,-6.3831053,336.43637
move,-5.5322485,335.69974
move,-4.595653,335.03705
move,-3.664117,334.44333
move,-2.711936,333.84225
move,-1.916843,333.11142
move,-1.2092109,332.0269
move,-0.74254805,330.87576
move,-0.5102854,329.75275
move,-0.39546797,328.65433
move,-0.34733224,327.52936
move,-0.32712275,326.40347
move,-0.33683494,325.2667
move,-0.35845473,324.09787
move,-0.38366655,322.87543
move,-0.4505632,321.7084
move,-0.5187237,320.5092
move,-0.58602756,319.28842
move,-0.64959663,318.0675
move,-0.69369125,316.82416
move,-0.72754645,315.6018
move,-0.7598262,314.39017
move,-0.7890519,313.10345
move,-0.7968902,312.0095
move,-0.77216864,310.67993
move,-0.6795061,309.43936
move,-0.5911631,308.23074
move,-0.53552616,307.05234
move,-0.4764388,305.74536
move,-0.42728806,304.6525
move,-0.38697836,303.53787
move,-0.3788559,302.3796
move,-0.37709075,301.17346
move,-0.4205473,299.62973
move,-0.4838617,298.0998
move,-0.54688436,296.5302
move,-0.61014694,295.01352
move,-0.70172715,293.4851
move,-0.8238281,291.972
move,-0.9605993,290.4469
move,-1.087399,289.02707
move,-1.1606313,287.60367
move,-1.1349775,286.20483
move,-1.0343091,284.79633
move,-0.96002066,283.38617
move,-0.91094804,282.02747
move,-0.8740218,280.4309
move,-1.1307139,278.87057
move,-1.5113639,277.5656
move,-2.1423488,276.1601
move,-3.1728451,274.8754
move,-4.3582764,273.86765
move,-5.707554,273.0398
move,-6.890494,272.45447
move,-8.156659,271.92456
move,-9.4174795,271.49194
move,-10.707118,271.10513
move,-12.038164,270.71878
move,-13.593153,270.30002
move,-14.89502,269.9565
move,-16.222406,269.60635
move,-17.768436,269.20535
move,-19.224342,268.8252
move,-20.701422,268.37466
move,-22.105232,267.871
move,-23.48732,267.3102
move,-24.910894,266.6468
move,-26.147463,265.9924
move,-27.30499,265.2558
move,-28.360586,264.3799
move,-29.26918,263.35358
move,-29.994637,262.17438
move,-30.423162,260.80624
move,-30.592905,259.40454
move,-30.68008,258.0478
move,-30.741098,256.58386
move,-30.794218,255.14613
move,-30.844727,253.74791
move,-30.910563,252.38448
move,-31.065182,250.95332
move,-31.319887,249.74644
move,-31.811853,248.57825
move,-32.56128,247.52457
move,-33.54339,246.52307
move,-34.49757,245.72177
move,-35.67607,244.8532
move,-36.66311,244.13258
move,-37.61776,243.35114
move,-38.60202,242.28706
move,-39.219673,241.23532
move,-39.638504,239.93634
move,-39.873615,238.52888
move,-39.97691,237.23856
move,-40.007977,235.79915
move,-40.00994,234.5528
move,-39.907543,233.0929
move,-39.747665,231.88148
move,-39.460545,230.45839
move,-39.12532,229.27122
move,-38.551174,227.96532
move,-37.869614,226.75287
move,-37.002247,225.63664
move,-36.000057,224.63689
move,-35.010242,223.6588
move,-33.9849,222.64784
move,-32.904778,221.75287
move,-31.692144,221.00142
move,-30.395773,220.46695
move,-29.007593,220.13992
move,-27.611862,219.99344
move,-26.173609,219.92969
move,-24.770205,219.90634
move,-23.3671,219.87018
move,-22.121412,219.83122
move,-20.754711,219.79073
move,-19.327534,219.74843
move,-17.912447,219.70656
move,-16.497108,219.67511
move,-15.105934,219.64499
move,-13.666372,219.61372
move,-12.226685,219.58925
move,-10.920005,219.57156
move,-9.685881,219.55814
move,-8.342828,219.54726
move,-6.9029613,219.53726
move,-5.4388976,219.52705
move,-3.9748344,219.51678
move,-2.740665,219.50816
move,-1.5186292,219.49577
move,-0.28451723,219.48102
move,0.9617247,219.47119
move,2.4135401,219.49384
move,3.6233375,219.51591
move,4.8573475,219.53758
move,6.3091245,219.56308
move,7.7609005,219.58867
move,9.212676,219.6141
move,10.62824,219.63174
move,11.983425,219.62701
move,13.386991,219.61777
move,14.790555,219.6085
move,16.242521,219.59892
move,17.6098,219.58983
move,19.013378,219.58067
move,20.356459,219.57182
move,21.590647,219.56552
move,22.849049,219.56453
move,24.313147,219.56151
move,25.534145,219.51251
move,26.983368,219.42271
move,28.213991,219.33025
move,29.669611,219.08862
move,30.83836,218.73601
move,31.915003,218.16208
move,33.07454,217.25076
move,33.917,216.35011
move,34.658043,215.36339
move,35.369446,214.34006
move,36.08957,213.3081
move,36.905083,212.35144
move,37.845222,211.55376
move,38.91161,210.91122
move,40.07096,210.45726
move,41.268913,210.16359
move,42.487953,209.97137
move,43.714138,209.8313
move,45.158714,209.6847
move,46.398808,209.56049
move,47.63049,209.48431
move,48.875957,209.43866
move,50.13355,209.3936
move,51.39166,209.36862
move,52.68632,209.3747
move,54.029305,209.39227
move,55.29957,209.41579
move,56.676853,209.49062
move,57.94367,209.58727
move,59.19717,209.69809
move,60.48642,209.81671
move,61.956406,209.95206
move,63.21042,210.05663
move,64.49061,210.13474
move,65.736206,210.17398
move,66.95809,210.1537
move,68.191826,210.12027
move,69.47392,210.08514
move,70.71968,210.04948
move,71.94079,210.00084
move,73.19802,209.94762
move,74.66078,209.88571
move,75.88177,209.83406
move,77.16319,209.77985
move,78.468796,209.72488
move,79.7022,209.68114
move,80.923546,209.63855
move,82.38716,209.64177
move,83.607994,209.6966
move,84.85239,209.76552
move,86.08543,209.81737
move,87.31961,209.81807
move,88.590096,209.81439
move,89.86058,209.81187
move,91.11883,209.82996
move,92.412895,209.86975
move,93.645645,209.92886
move,94.914566,209.99115
move,96.19558,210.05405
move,97.51279,210.12047
move,98.76952,210.18512
move,100.026115,210.25302
move,101.34307,210.32474
move,102.63585,210.39514
move,103.90422,210.46854
move,105.17166,210.55673
move,106.428345,210.62024
move,107.67403,210.59196
move,108.91378,210.46925
move,110.18722,210.23662
move,111.58701,209.8203
move,112.62449,209.17879
move,113.59108,208.33762
move,114.54806,207.24622
move,115.45252,206.11041
move,116.20047,205.14394
move,116.94885,204.16258
move,117.80254,202.95885
move,118.399994,201.82512
move,118.80379,200.59676
move,119.02374,199.33371
move,119.150314,198.05753
move,119.2398,196.64473
move,119.27585,195.41109
move,119.27412,194.189
move,119.26436,192.95493
move,119.2525,191.72086
move,119.224434,190.24496
move,119.203316,188.99887
move,119.19376,187.7285
move,119.208725,186.48235
move,119.39909,185.05637
move,119.60349,183.81476
move,119.7444,182.34564
move,119.82172,180.91995
move,119.88284,179.49352
move,119.92079,178.10254
move,119.94948,176.68723
move,119.985115,175.22363
move,120.05279,173.80957
move,120.1184,172.55281
move,120.15154,171.1256
move,120.13319,169.68587
move,120.07642,168.28348
move,120.00668,166.85736
move,119.956856,165.44273
move,119.96008,164.19635
move,119.98344,162.85347
move,120.02218,161.47464
move,120.06256,160.0353
move,120.10371,158.66862
move,120.156235,157.29019
move,120.211136,155.87547
move,120.25954,154.4606
move,120.27496,153.05711
move,120.27765,151.6655
move,120.27544,150.22552
move,120.25865,148.87048
move,120.20673,147.46785
move,120.14724,146.05342
move,120.08875,144.66316
move,120.03734,143.44212
move,120.01085,142.22038
move,119.99626,140.7443
move,120.02939,139.51096
move,120.1202,138.29224
move,120.219215,136.97705
move,120.30474,135.7216
move,120.376915,134.40466
move,120.44128,133.13582
move,120.51531,131.67363
move,120.584854,130.45346
move,120.65519,129.22122
move,120.644806,127.987976
move,120.50894,126.530205
move,120.389496,125.289635
move,120.265915,123.891525
move,120.18435,122.41761
move,120.1135,121.040016
move,120.03955,119.60201
move,119.96622,118.17609
move,119.89594,116.810585
move,119.824425,115.420906
move,119.76685,113.99433
move,119.74511,112.76035
move,119.74814,111.39313
move,119.828865,109.99205
move,119.92767,108.77396
move,120.03902,107.37477
move,120.05413,105.948235
move,119.95203,104.52409
move,119.86011,103.29332
move,119.738716,101.82215
move,119.57018,100.4045
move,119.40406,99.19375
move,119.262215,97.98012
move,119.2615,96.528824
move,119.30287,95.08952
move,119.344635,93.638115
move,119.37391,92.21064
move,119.382645,90.92808
move,119.37666,89.48821
move,119.3515,88.04854
move,119.325005,86.60889
move,119.298134,85.145035
move,119.27538,83.6811
move,119.26252,82.45906
move,119.25065,81.007095
move,119.24633,79.73662
move,119.25653,78.46616
move,119.29553,77.2326
move,119.35406,75.9877
move,119.47124,74.52839
move,119.59904,73.30081
move,119.75051,72.002815
move,119.90145,70.71692
move,120.045815,69.45467
move,120.18452,68.130905
move,120.31388,66.89131
move,120.438614,65.651276
move,120.56595,64.20488
move,120.666435,62.974785
move,120.74011,61.742867
move,120.7522,60.29104
move,120.73291,59.0449
move,120.69283,57.823456
move,120.66934,56.57742
move,120.65499,55.210197
move,120.78003,53.753277
move,121.022644,52.26036
move,121.25956,50.840122
move,121.55302,49.604263
move,121.88739,48.378586
move,122.33786,47.178997
move,122.93515,46.072113
move,123.6475,45.005898
move,124.42393,44.01606
move,125.27225,43.08679
move,126.15793,42.192905
move,127.07572,41.33205
move,128.03288,40.496696
move,129.02869,39.72856
move,130.17538,39.186367
move,131.3656,38.78087
move,132.63461,38.60498
move,133.90457,38.587955
move,135.1606,38.664227
move,136.43631,38.795376
move,137.71956,38.96673
move,138.9566,39.11822
move,140.25374,39.276997
move,141.57373,39.447556
move,142.85893,39.604183
move,144.17068,39.741085
move,145.47232,39.856415
move,146.78735,39.957443
move,148.00607,40.04798
move,149.28596,40.130875
move,150.55418,40.207005
move,151.85843,40.289536
move,153.12617,40.373215
move,154.35684,40.466682
move,155.66006,40.560234
move,156.91849,40.56318
move,158.18837,40.52886
move,159.56815,40.357
move,160.94244,39.973557
move,162.11649,39.48974
move,163.2647,38.79595
move,164.27222,37.9468
move,165.18216,36.911434
move,165.90671,35.868454
move,166.50722,34.77693
move,167.05157,33.628983
move,167.62044,32.425667
move,168.11542,31.321806
move,168.52818,30.133623
move,168.88556,28.889267
move,169.25565,27.472736
move,169.57056,26.241882
move,169.88957,24.825705
move,170.06575,23.592152
move,170.16754,22.36234
move,170.19745,21.128633
move,170.18123,19.894566
move,170.14397,18.66094
move,170.08115,17.416245
move,169.97357,15.968255
move,169.86392,14.751085
move,169.74905,13.534398
move,169.63039,12.305922
move,169.50366,11.053922
move,169.35829,9.609216
move,169.21352,8.188772
move,169.07014,6.7681894
move,168.92589,5.3112116
move,168.80762,4.094853
move,168.69504,2.8779504
move,168.55298,1.4207625
move,168.40477,0.19563249
move,168.14987,-0.9990169
move,167.75775,-2.1938753
move,167.21506,-3.314996
move,166.53482,-4.3728485
move,165.7178,-5.3120522
move,164.51065,-6.1523924
move,163.15764,-6.643167
move,161.97675,-7.0415077
move,160.81969,-7.5028877
move,159.80551,-8.256318
move,159.18878,-9.332457
move,158.90733,-10.555808
move,158.83008,-11.775149
move,158.81715,-13.081744
move,158.88113,-14.33839
move,158.97023,-15.593634
move,159.06075,-16.873034
move,159.11061,-18.336088
move,159.11136,-19.570284
move,159.10988,-20.816584
move,159.11176,-22.171787
move,159.12044,-23.466452
move,159.14998,-24.869736
move,159.17796,-26.079414
move,159.20679,-27.385895
move,159.23085,-28.752987
move,159.25253,-30.120117
move,159.27219,-31.45097
move,159.3163,-32.672146
move,159.37596,-33.96537
move,159.53085,-35.408867
move,159.71432,-36.666027
move,159.92357,-37.88227
move,160.20572,-39.07112
move,160.54097,-40.27137
move,160.97092,-41.42757
move,161.50935,-42.53792
move,162.10219,-43.606304
move,162.96048,-44.74379
move,164.05504,-45.695946
move,165.20854,-46.53681
move,166.28537,-47.25554
move,167.56332,-47.918655
move,168.7894,-48.550808
move,170.08762,-49.200726
move,171.44563,-49.712196
move,172.85768,-50.097424
move,174.24335,-50.315914
move,175.43956,-50.369743
move,176.68549,-50.342537
move,178.05148,-50.282654
move,179.51411,-50.21683
move,180.97672,-50.149315
move,182.41473,-50.07574
move,183.87624,-49.988045
move,185.3615,-49.89143
move,186.84917,-49.863636
move,188.27628,-49.905983
move,189.73473,-50.031933
move,191.15605,-50.32013
move,192.52582,-50.864597
move,193.71199,-51.71378
move,194.53087,-52.635918
move,195.38135,-53.812523
move,196.20738,-55.02139
move,196.90154,-56.056423
move,197.51532,-57.15425
move,198.01859,-58.30729
move,198.42113,-59.47387
move,198.80814,-60.683964
move,199.20335,-61.98026
move,199.5802,-63.31893
move,199.82445,-64.57805
move,200.05757,-65.85155
move,200.27803,-67.06588
move,200.49638,-68.28062
move,200.72412,-69.5797
move,200.99757,-70.84502
move,201.36304,-72.09934
move,201.81622,-73.324715
move,202.51385,-74.40506
move,203.52573,-75.229095
move,204.62791,-75.907524
move,205.7556,-76.492584
move,206.90144,-77.20769
move,207.7317,-78.11839
move,208.4302,-79.19264
move,209.06636,-80.550674
move,209.47458,-81.79105
move,209.7406,-83.19305
move,209.85461,-84.506714
move,209.90065,-85.81263
move,209.91277,-87.11937
move,209.92047,-88.414055
move,209.92815,-89.74504
move,209.93558,-91.03973
move,209.93472,-92.37071
move,209.91255,-93.701485
move,209.89803,-95.056496
move,209.92363,-96.363014
move,209.95767,-97.75409
move,209.95403,-99.31484
move,209.93431,-100.63362
move,209.91353,-101.96447
move,209.89099,-103.31944
move,209.88474,-104.650406
move,209.8391,-105.96828
move,209.71503,-107.268936
move,209.51584,-108.53591
move,209.27354,-109.807655
move,208.91429,-111.03766
move,208.38734,-112.15258
move,207.66951,-113.214066
move,206.80544,-114.05748
move,205.79874,-114.771
move,204.74649,-115.48299
move,203.70438,-116.18832
move,202.64104,-116.905495
move,201.52554,-117.6535
move,200.46996,-118.338036
move,199.36162,-118.90637
move,197.93663,-119.41094
move,196.52936,-119.766716
move,195.31403,-119.98077
move,193.87769,-120.19355
move,192.62907,-120.3482
move,191.19164,-120.43145
move,189.9232,-120.50414
move,188.67892,-120.57437
move,187.38438,-120.59501
move,186.05338,-120.602036
move,184.74649,-120.60728
move,183.39131,-120.59909
move,182.09671,-120.58251
move,180.68115,-120.56176
move,179.32674,-120.51659
move,178.00891,-120.46306
move,176.69115,-120.408806
move,175.31305,-120.34952
move,173.99503,-120.30227
move,172.64014,-120.27164
move,171.29712,-120.259415
move,169.94214,-120.28182
move,168.61159,-120.31556
move,167.26923,-120.358795
move,165.92728,-120.414375
move,164.56172,-120.483536
move,163.18411,-120.55376
move,161.81874,-120.626366
move,160.41725,-120.7041
move,159.0627,-120.72944
move,157.6596,-120.69231
move,156.28075,-120.65381
move,154.8779,-120.610466
move,153.4996,-120.55636
move,152.08572,-120.4854
move,150.63583,-120.40839
move,149.23367,-120.34592
move,147.79483,-120.290085
move,146.36787,-120.24209
move,144.91644,-120.20174
move,143.50108,-120.16974
move,142.10973,-120.14783
move,140.67,-120.126144
move,139.25444,-120.10485
move,137.81471,-120.083145
move,136.37512,-120.05217
move,134.92343,-120.020836
move,133.49576,-120.00124
move,132.12857,-119.9868
move,130.7372,-119.97382
move,129.27322,-119.96176
move,127.94225,-119.95447
move,126.67176,-119.94868
move,125.340775,-119.94262
move,123.96139,-119.94119
move,122.6062,-119.94787
move,121.21472,-119.94336
move,119.8596,-119.930046
move,118.50481,-119.89694
move,117.07786,-119.92771
move,115.73048,-120.070145
move,114.38268,-120.299286
move,112.919395,-120.6305
move,111.422485,-121.07216
move,110.04187,-121.480736
move,108.698326,-121.88653
move,107.41639,-122.394264
move,106.21876,-123.0013
move,105.08598,-123.78574
move,104.08248,-124.677734
move,103.14687,-125.69008
move,102.36347,-126.80964
move,101.69122,-127.986015
move,101.11408,-129.23813
move,100.7152,-130.48203
move,100.40216,-131.8003
move,100.22628,-133.10641
move,100.177345,-134.42438
move,100.14895,-135.75504
move,100.15164,-137.08595
move,100.09287,-138.40355
move,100.03765,-139.67282
move,100.054436,-141.00279
move,100.159996,-142.31743
move,100.26853,-143.64398
move,100.311195,-144.97397
move,100.28697,-146.30473
move,100.254036,-147.67163
move,100.16907,-149.02333
move,99.872986,-150.33159
move,99.37592,-151.57841
move,98.71269,-152.75935
move,97.93214,-153.82162
move,97.00932,-154.79591
move,95.992134,-155.63466
move,94.928474,-156.37225
move,93.79339,-157.04346
move,92.65307,-157.63034
move,91.43882,-158.17491
move,90.22939,-158.63681
move,89.00918,-159.06955
move,87.743904,-159.48236
move,86.46889,-159.81851
move,85.15869,-160.05125
move,83.86083,-160.2026
move,82.58134,-160.29016
move,81.263306,-160.33762
move,79.96912,-160.37543
move,78.65075,-160.41397
move,77.32028,-160.4524
move,76.013855,-160.48416
move,74.68293,-160.48686
move,73.35214,-160.463
move,71.99717,-160.43842
move,70.630196,-160.40819
move,69.22717,-160.36821
move,67.84892,-160.3119
move,66.43443,-160.25336
move,65.06846,-160.1926
move,63.727066,-160.12526
move,62.37333,-160.06282
move,60.994713,-160.02283
move,59.6398,-160.05013
move,58.297062,-160.08066
move,56.941956,-160.09213
move,55.599033,-160.07379
move,54.283146,-159.99078
move,52.967545,-159.79118
move,51.678734,-159.51198
move,50.389004,-159.09935
move,49.1805,-158.51598
move,48.088387,-157.75781
move,47.117596,-156.79706
move,46.3221,-155.73082
move,45.547504,-154.61887
move,44.61369,-153.60703
move,43.50973,-152.82326
move,42.26604,-152.14827
move,40.961716,-151.63237
move,39.60084,-151.29263
move,38.22311,-151.09952
move,36.837875,-150.968
move,35.414623,-150.8543
move,34.027107,-150.7491
move,32.639854,-150.64053
move,31.22876,-150.5264
move,29.878069,-150.41602
move,28.490166,-150.31621
move,27.113724,-150.2259
move,25.808733,-150.15854
move,24.417494,-150.15353
move,23.173698,-150.23076
move,21.884474,-150.34956
move,20.5713,-150.47229
move,19.28239,-150.59447
move,17.982227,-150.72604
move,16.682148,-150.85843
move,15.383158,-151.00089
move,14.069585,-151.21251
move,12.808461,-151.59335
move,11.6812525,-152.17612
move,10.547209,-152.8728
move,9.451035,-153.62569
move,8.614777,-154.60313
move,8.210479,-155.87526
move,8.340339,-157.16928
move,8.809774,-158.3993
move,9.523111,-159.50711
move,10.205614,-160.64613
move,10.487335,-162.03035
move,10.557581,-163.40707
move,10.434967,-164.81631
move,10.129532,-166.08562
move,9.661796,-167.38307
move,9.180997,-168.54596
move,8.633836,-169.7459
move,8.045679,-170.92624
move,7.3732247,-172.07434
move,6.581711,-173.12775
move,5.626368,-174.05298
move,4.559792,-174.82674
move,3.3717144,-175.45245
move,2.1646214,-176.06834
move,1.0826302,-176.89874
move,0.24836306,-177.948
move,-0.39688298,-179.17935
move,-0.81777906,-180.4405
move,-1.0250865,-181.80316
move,-1.0053794,-183.2049
move,-0.8125009,-184.58257
move,-0.49054906,-185.93573
move,-0.06550658,-187.29878
move,0.42195353,-188.61438
move,1.0668764,-189.81865
move,1.8254367,-190.97014
move,2.6877556,-192.03062
move,3.681586,-192.96748
move,4.814208,-193.83646
move,5.915183,-194.60567
move,7.020182,-195.36908
move,8.01037,-196.30627
move,8.776547,-197.43758
move,9.395728,-198.66925
move,9.883432,-199.94626
move,10.256099,-201.24867
move,10.482307,-202.60855
move,10.583707,-203.93558
move,10.617155,-205.39897
move,10.568585,-206.72896
move,10.472379,-208.08072
move,10.371275,-209.45638
move,10.296349,-210.80946
move,10.247612,-212.17592
move,10.201213,-213.53032
move,10.155221,-214.87263
move,10.106736,-216.28755
move,10.061566,-217.60568
move,10.015157,-218.96008
move,9.969587,-220.29028
move,9.924001,-221.62051
move,9.879232,-222.92657
move,9.834457,-224.23262
move,9.7892685,-225.55078
move,9.741232,-226.95357
move,9.68171,-228.28319
move,9.55333,-229.69295
move,9.411427,-230.95554
move,9.265351,-232.22983
move,9.155306,-233.50745
move,9.091885,-234.77635
move,9.022579,-236.0692
move,8.914877,-237.3472
move,8.781943,-238.57422
move,8.5727005,-239.8513
move,8.208481,-241.08025
move,7.671467,-242.23009
move,6.93361,-243.23097
move,5.951062,-244.0508
move,4.8551836,-244.66733
move,3.676206,-245.2024
move,2.5145345,-245.7457
move,1.4721899,-246.44551
move,0.5992013,-247.38121
move,-0.084030256,-248.47896
move,-0.5970047,-249.64053
move,-0.921528,-250.85542
move,-1.0873784,-252.10228
move,-1.1504886,-253.371
move,-1.1439286,-254.64143
move,-1.1213975,-255.8876
move,-1.0986593,-257.1457
move,-1.0757635,-258.41583
move,-1.0513245,-259.69812
move,-1.0343499,-260.98056
move,-1.0662034,-262.2504
move,-1.12627,-263.55573
move,-1.1864619,-264.8732
move,-1.2328126,-266.16705
move,-1.2997725,-267.5085
move,-1.4225612,-268.8456
move,-1.6483194,-270.1448
move,-1.9984096,-271.4151
move,-2.5844388,-272.59488
move,-3.4425838,-273.60443
move,-4.520107,-274.31747
move,-5.6804824,-274.86325
move,-6.8974476,-275.43097
move,-7.9728713,-276.16943
move,-8.847692,-277.10483
move,-9.552131,-278.1893
move,-10.070155,-279.37418
move,-10.346082,-280.62433
move,-10.424775,-281.892
move,-10.405305,-283.17413
move,-10.3166,-284.4291
move,-10.086122,-285.6898
move,-9.711941,-286.89053
move,-9.142747,-288.18622
move,-8.532959,-289.38275
move,-7.8662124,-290.52054
move,-7.08861,-291.61487
move,-6.1474633,-292.7044
move,-5.217338,-293.65622
move,-4.1932077,-294.56177
move,-3.100516,-295.3833
move,-1.9516383,-296.2104
move,-1.029574,-297.1814
move,-0.33087936,-298.3681
move,0.12949024,-299.6419
move,0.44426417,-300.95923
move,0.6156165,-302.2668
move,0.6829238,-303.61987
move,0.68161076,-304.95084
move,0.6737642,-306.26962
move,0.6461025,-307.5761
move,0.6147489,-308.9188
move,0.571568,-310.21277
move,0.5164104,-311.51843
move,0.4598286,-312.82422
move,0.40321445,-314.12997
move,0.34610954,-315.44778
move,0.2889591,-316.76562
move,0.23207888,-318.0955
move,0.18308093,-319.4256
move,0.17387624,-320.75653
move,0.17581977,-322.0512
move,0.19978683,-323.36987
move,0.23832063,-324.65176
move,0.3065816,-325.94455
move,0.42412046,-327.22156
move,0.66179633,-328.49332
move,1.0538558,-329.68814
move,1.6025794,-330.84668
move,2.2808783,-331.9491
move,3.0469148,-332.9769
move,3.9787006,-333.87296
move,5.065938,-334.57214
move,6.215366,-335.11304
move,7.3807487,-335.67612
move,8.38606,-336.48462
move,9.149785,-337.55716
move,9.712282,-338.73587
move,10.1562805,-339.9647
move,10.560934,-341.23257
move,10.8933325,-342.5335
move,11.123148,-343.83212
move,11.244071,-345.15698
move,11.267769,-346.47562
move,11.254791,-347.78244
move,11.235989,-349.12524
move,11.215436,-350.49222
move,11.189666,-351.91965
move,11.151462,-353.26227
move,11.10585,-354.56827
move,11.0587,-355.92267
move,11.011904,-357.28915
move,10.968264,-358.7162
move,10.929705,-360.04648
move,10.892453,-361.40128
move,10.859869,-362.76822
move,10.854437,-363.07065
cluster,4196
move,10.8417425,-364.1596
move,204.5,370.5
move,203.28413,370.29306
move,202.08179,370.14194
move,200.86263,370.0541
move,199.66107,370.18964
move,200.86263,370.0541
move,198.4938,370.58337
move,199.66107,370.18964
move,197.39673,371.12146
move,196.43147,371.85016
move,195.53671,372.69873
move,194.73499,373.5494
move,193.91832,374.40045
move,193.03084,375.17755
move,192.11667,375.92328
move,191.15742,376.64606
move,190.17375,377.27686
move,189.09825,377.81033
move,187.97557,378.23615
move,186.81422,378.54172
move,185.63374,378.76248
move,184.44972,378.88315
move,183.25262,378.982
move,182.01305,379.088
move,180.79414,379.18338
move,179.6585,379.23566
move,178.41557,379.29007
move,177.19362,379.33124
move,176.00333,379.3283
move,174.7852,379.22812
move,173.61107,379.03287
move,172.43056,378.7596
move,171.3005,378.387
move,170.1843,377.88892
move,169.13019,377.3138
move,168.12149,376.624
move,167.18681,375.8365
move,166.38147,374.97583
move,165.71613,374.0029
move,165.13756,372.95023
move,164.45262,371.92664
move,163.56407,371.12543
move,162.46191,370.57812
move,161.31143,370.27826
move,160.1327,370.113
move,158.92622,369.99857
move,157.75047,369.90173
move,156.56467,369.79672
move,155.39066,369.68094
move,154.24399,369.51755
move,153.07693,369.34464
move,151.91628,369.0846
move,150.71739,368.693
move,149.40744,368.13202
move,148.1524,367.45645
move,146.91618,366.69562
move,145.77234,365.82437
move,144.74406,364.8011
move,143.84203,363.6637
move,143.04176,362.4846
move,142.35913,361.2184
move,141.76819,359.89233
move,141.27876,358.624
move,140.85359,357.31897
move,140.49927,355.8571
move,140.31021,354.4716
move,140.35008,352.98306
move,140.69926,351.54907
move,141.26364,350.15475
move,141.92963,348.79108
move,142.58855,347.64767
move,143.43867,346.40662
move,144.45625,345.28363
move,145.67918,344.36423
move,146.99835,343.56302
move,148.37996,342.93512
move,149.77681,342.3756
move,151.18636,341.84875
move,152.613,341.3706
move,154.08447,340.94885
move,155.46416,340.67056
move,156.8218,340.50955
move,158.19754,340.41226
move,159.56223,340.32843
move,160.92488,340.21634
move,162.28712,340.09912
move,163.65343,340.05093
move,164.98434,340.0394
move,166.37556,340.01633
move,167.66904,339.96066
move,168.94792,339.8642
move,170.21495,339.77054
move,171.75777,339.6344
move,173.12877,339.4832
move,174.34245,339.34
move,175.56882,339.2014
move,176.80745,339.063
move,178.21362,338.8995
move,179.61728,338.71518
move,180.84537,338.50525
move,182.17258,338.05493
move,183.28647,337.42303
move,184.2305,336.6122
move,185.02063,335.66574
move,185.78557,334.5618
move,186.57057,333.549
move,187.58311,332.68936
move,188.69518,332.0279
move,189.87495,331.46674
move,191.10062,331.01492
move,192.3776,330.63943
move,193.70442,330.26218
move,194.9768,329.915
move,196.2675,329.5438
move,197.56602,329.1559
move,198.88728,328.75977
move,200.10707,328.32697
move,201.33603,327.7859
move,202.50432,327.10162
move,203.58025,326.29825
move,204.61563,325.42407
move,205.58899,324.49924
move,206.47667,323.52426
move,207.3163,322.44568
move,208.06844,321.2756
move,208.68733,320.04358
move,209.16125,318.7361
move,209.50574,317.3758
move,209.75665,315.99512
move,209.90758,314.56357
move,209.9423,313.16074
move,209.87234,311.77136
move,209.65639,310.3857
move,209.18767,309.0268
move,208.48601,307.81314
move,207.56567,306.67566
move,206.55777,305.68207
move,205.53229,304.7963
move,204.58875,304.0196
move,203.59404,303.19098
move,202.60965,302.243
move,201.7833,301.24704
move,201.096,300.17944
move,200.53201,299.0681
move,200.00777,297.89774
move,199.55798,296.6583
move,199.20476,295.42572
move,198.90804,294.10342
move,198.60924,292.75677
move,198.33968,291.50287
move,198.09677,290.2805
move,197.78477,289.06186
move,197.30931,287.9385
move,196.61086,286.90765
move,195.7833,285.928
move,194.85173,284.9606
move,193.83989,284.0058
move,192.7502,283.1829
move,191.56969,282.59763
move,190.3116,282.12787
move,189.02794,281.69342
move,187.7193,281.29758
move,186.42001,280.9572
move,185.09303,280.62766
move,183.83392,280.23727
move,182.60715,279.61234
move,181.64973,278.7821
move,180.78775,277.691
move,180.1058,276.4669
move,179.73087,275.11807
move,179.6444,273.71884
move,179.72984,272.3061
move,179.87984,271.0689
move,180.06941,269.6782
move,180.2642,268.31268
move,180.4981,266.94113
move,180.80444,265.59637
move,181.21223,264.25375
move,181.7346,262.93832
move,182.42076,261.7585
move,183.40414,260.79877
move,184.61012,260.16052
move,185.84644,259.7387
move,187.15842,259.35382
move,188.50398,258.95447
move,189.82706,258.4871
move,191.0862,257.89673
move,192.30133,257.19464
move,193.41974,256.4094
move,194.46669,255.47606
move,195.3204,254.47182
move,196.04514,253.41396
move,196.75688,252.21844
move,197.37813,250.98718
move,197.91539,249.73003
move,198.41507,248.45732
move,198.88737,247.14857
move,199.25446,245.84448
move,199.51892,244.47868
move,199.6801,243.14555
move,199.75392,241.81674
move,199.76888,240.49796
move,199.73997,239.14313
move,199.68108,237.80132
move,199.62794,236.42296
move,199.64876,235.08018
move,199.70647,233.73831
move,199.76756,232.3966
move,199.82773,231.03061
move,199.87729,229.66426
move,199.91753,228.32175
move,199.9545,227.06389
move,199.99496,225.6851
move,200.03796,224.30634
move,200.07265,222.95163
move,200.10703,221.57263
move,200.14005,220.1815
move,200.17744,218.77849
move,200.21481,217.36339
move,200.25061,215.98453
move,200.29367,214.64218
move,200.34357,213.38483
move,200.4543,211.85252
move,200.64352,210.63322
move,201.03651,209.27464
move,201.56242,208.17294
move,202.37906,207.04834
move,203.26482,206.12138
move,204.2763,205.18349
move,205.24919,204.15855
move,206.02237,203.00204
move,206.70526,201.84569
move,207.29794,200.76324
move,207.85548,199.52832
move,208.34506,198.21318
move,208.71071,196.90857
move,208.9851,195.64342
move,209.14159,194.4082
move,209.1924,193.11447
move,209.24083,191.88115
move,209.29262,190.5632
move,209.34155,189.3178
move,209.3967,187.9152
move,209.42154,187.28236
move,209.42155,187.28241
move,209.61484,186.28073
move,209.79803,185.23795
move,209.99141,184.18724
move,210.1317,183.15778
move,210.20598,182.12096
move,210.25882,181.06352
move,210.29338,180.01501
move,210.30151,178.90816
move,210.30295,177.87825
move,210.30423,176.85796
move,210.30551,175.83768
move,210.30681,174.79814
move,210.3082,173.71051
move,210.30959,172.59401
move,210.31082,171.59299
move,210.31204,170.6112
move,210.31313,169.78764
move,210.301,169.2873
move,210.28287,168.28645
move,210.26721,167.16043
move,210.12892,166.04507
move,209.86394,164.95058
move,209.55045,163.88911
move,209.27766,162.95607
move,209.0081,162.02208
move,208.68982,160.93188
move,208.33607,159.86278
move,208.02115,158.94308
move,207.6372,157.88481
move,207.18791,157.0016
move,206.5911,156.0469
move,206.03337,155.2626
move,205.32825,154.37238
move,204.68568,153.65607
move,203.96239,152.9786
move,203.06459,152.2834
move,202.1658,151.65404
move,201.32175,151.09834
move,200.45547,150.55939
move,199.59555,150.02847
move,198.71188,149.49965
move,197.78325,149.03346
move,196.82758,148.67819
move,195.81435,148.44914
move,194.79626,148.29391
move,193.75922,148.13567
move,192.78435,147.7903
move,191.92284,147.00198
move,191.21477,145.87788
move,190.68549,144.6836
move,190.29651,143.4121
move,190.06984,142.1376
move,189.88835,140.81902
move,189.7192,139.51099
move,189.546,138.16689
move,189.3767,136.85889
move,189.204,135.53914
move,189.0355,134.20667
move,188.88365,132.88437
move,188.73355,131.47665
move,188.59203,130.10452
move,188.45972,128.71931
move,188.35902,127.39218
move,188.3222,126.086365
move,188.39148,124.75723
move,188.46779,123.452644
move,188.56654,122.11333
move,188.8144,120.84399
move,189.15001,119.59355
move,189.50128,118.30972
move,189.8317,117.08297
move,190.17853,115.84825
move,190.67404,114.62823
move,191.40558,113.54851
move,192.39067,112.51602
move,193.37944,111.738464
move,194.43724,111.01344
move,195.48361,110.358925
move,196.53914,109.63285
move,197.37056,108.707596
move,198.03902,107.643295
move,198.47374,106.37651
move,198.63771,105.12991
move,198.67435,103.872314
move,198.60056,102.6287
move,198.40498,101.36155
move,198.1011,100.14078
move,197.6331,98.97459
move,196.90627,97.95221
move,195.96295,97.121086
move,194.92879,96.34224
move,193.93716,95.529236
move,193.03561,94.61859
move,192.27939,93.58399
move,191.6593,92.461815
move,191.1372,91.303825
move,190.69606,90.087
move,190.40434,88.851326
move,190.23076,87.56862
move,190.144,86.22847
move,190.11351,84.98259
move,190.13606,83.67615
move,190.25014,82.37478
move,190.51741,81.08415
move,190.94855,79.91642
move,191.62102,78.74083
move,192.38513,77.6965
move,193.20323,76.78908
move,194.15839,75.88017
move,195.14201,75.09561
move,196.16206,74.31803
move,197.14891,73.46321
move,198.02985,72.46718
move,198.71225,71.382454
move,199.30055,70.202576
move,199.75294,68.92593
move,200.02333,67.636055
move,200.14209,66.310814
move,200.1546,64.98012
move,200.1212,63.63742
move,200.09918,62.306614
move,200.10965,60.963654
move,200.13698,59.632942
move,200.15865,58.29001
move,200.18402,56.94716
move,200.21878,55.616623
move,200.25998,54.201527
move,200.29161,52.834633
move,200.29593,51.443165
move,200.2938,50.16059
move,200.2638,48.86629
move,200.20013,47.585274
move,200.12833,46.280453
move,200.0499,44.963898
move,199.94853,43.661026
move,199.83672,42.359024
move,199.7206,41.033096
move,199.60638,39.707005
move,199.50182,38.477245
move,199.38776,37.139
move,199.27701,35.84904
move,199.1264,34.42936
move,198.96988,33.10785
move,198.99162,31.64513
move,199.08247,30.317272
move,199.04382,29.048717
move,198.71388,27.827723
move,198.05164,26.77582
move,197.20401,25.863085
move,196.28606,25.056679
move,195.33054,24.256527
move,194.40738,23.301186
move,193.67206,22.295214
move,192.9565,21.245369
move,192.26665,20.22199
move,191.6166,19.159075
move,191.08844,18.044151
move,190.71494,16.844244
move,190.61092,15.629089
move,190.73976,14.391065
move,190.9908,13.1951
move,191.29916,12.012646
move,191.72166,10.712269
move,192.11723,9.479486
move,192.51402,8.285307
move,192.99039,7.1473837
move,193.58817,6.0968103
move,194.50104,5.0174594
move,195.52632,4.0596614
move,196.64235,3.1893682
move,197.83908,2.4827793
move,199.06447,1.9973099
move,200.24133,1.6689731
move,201.64241,1.3992581
move,202.88391,1.2958196
move,204.12985,1.3049564
move,205.38763,1.3412709
move,206.62183,1.3357097
move,207.85583,1.3152413
move,209.08972,1.2877574
move,210.33511,1.2404436
move,211.61604,1.174938
move,212.97025,1.1244407
move,214.20392,1.0899649
move,215.53217,1.006631
move,216.95074,0.84544307
move,218.2219,0.67505705
move,219.51047,0.45809275
move,220.8005,0.24940334
move,222.0437,0.05444277
move,223.30675,-0.16847228
move,224.59113,-0.40961695
move,225.86844,-0.61941826
move,227.15657,-0.7486514
move,228.45981,-0.84491265
move,229.76364,-0.9329996
move,231.06998,-0.9544909
move,232.35245,-0.9320675
move,233.58655,-0.9141389
move,234.89328,-0.89799976
move,236.18799,-0.8967838
move,237.4828,-0.90359914
move,238.7533,-0.91086704
move,240.07204,-0.9199049
move,241.3546,-0.9271505
move,242.66151,-0.9306193
move,243.98053,-0.93342686
move,245.33565,-0.94091344
move,246.77554,-0.9434182
move,248.23952,-0.9200068
move,249.64299,-0.89614046
move,250.99806,-0.87309444
move,252.36508,-0.8453587
move,253.7317,-0.80227584
move,255.01358,-0.7581351
move,256.3796,-0.7006962
move,257.819,-0.6631111
move,259.12515,-0.6193788
move,260.37097,-0.5861258
move,261.6172,-0.59327346
move,262.97192,-0.6286005
move,264.2279,-0.70338345
move,265.49045,-0.8451414
move,266.751,-1.0032722
move,268.02832,-1.2139401
move,269.28397,-1.4067178
move,270.54636,-1.5494207
move,271.82538,-1.6447723
move,273.10657,-1.7051487
move,274.4735,-1.7322812
move,275.69553,-1.7176079
move,276.92728,-1.644389
move,278.1911,-1.5160967
move,279.4398,-1.3592904
move,280.67072,-1.2744077
move,281.92642,-1.1936226
move,283.1765,-1.0503922
move,284.43396,-0.8697304
move,285.89154,-0.7401291
move,287.19803,-0.7100803
move,288.43207,-0.69150496
move,289.6905,-0.6919939
move,290.9732,-0.7026958
move,292.26773,-0.7241398
move,293.54935,-0.774202
move,294.82895,-0.8575277
move,296.12817,-0.9973231
move,297.42563,-1.1536525
move,298.7393,-1.2668205
move,300.0458,-1.2834538
move,301.33994,-1.2501488
move,302.6318,-1.1663415
move,303.8974,-1.0553415
move,305.15005,-0.9363311
move,306.42358,-0.785194
move,307.74097,-0.59458154
move,308.95367,-0.44307324
move,310.17838,-0.28995952
move,311.42508,-0.11936481
move,312.6876,0.10618968
move,314.0571,0.41261238
move,315.3999,0.72890747
move,316.71942,1.0379478
move,317.9564,1.3280504
move,319.23453,1.6528105
move,320.4991,2.066643
move,321.72787,2.577261
move,322.90182,3.177977
move,324.01385,3.840944
move,325.17258,4.589007
move,326.18546,5.4125724
move,327.08984,6.420867
move,327.8639,7.4731894
move,328.56223,8.605913
move,329.19843,9.815837
move,329.69434,11.062625
move,330.03244,12.324591
move,330.29794,13.628795
move,330.56198,14.945685
move,330.82565,16.250315
move,331.1029,17.564455
move,331.42493,18.830772
move,331.8199,20.088945
move,332.3031,21.315592
move,332.93475,22.513306
move,333.7161,23.604542
move,334.5739,24.557306
move,335.55682,25.416645
move,336.7262,26.16858
move,337.84528,26.841862
move,338.75497,27.802788
move,339.23856,29.049677
move,339.4766,30.395527
move,339.60376,31.756784
move,339.6976,33.108727
move,339.78058,34.437134
move,339.6976,33.108727
move,339.8573,35.85074
move,339.9121,37.156384
move,339.99332,38.50913
move,340.04822,39.863136
move,340.09137,41.229736
move,340.15488,42.595543
move,340.1662,43.96271
move,340.15982,45.36629
move,340.11612,46.73268
move,340.02997,48.073006
move,339.97354,49.451176
move,339.89633,50.791985
move,339.82678,52.121113
move,339.84552,53.403103
move,339.94446,54.70609
move,340.18234,55.989357
move,340.57507,57.235504
move,341.04288,58.468304
move,341.58887,59.62868
move,342.18344,60.778667
move,342.84595,61.90479
move,343.57834,62.972076
move,344.39514,63.97615
move,345.2803,64.90401
move,346.24765,65.763985
move,347.27313,66.55385
move,348.47302,67.32678
move,349.65396,67.96616
move,350.81015,68.52095
move,351.98938,68.99309
move,353.30075,69.3788
move,354.53287,69.63291
move,355.82285,69.72548
move,357.12775,69.66704
move,358.39655,69.48219
move,359.66495,69.16961
move,360.9063,68.72591
move,362.068,68.15616
move,363.1431,67.416275
move,364.07874,66.50531
move,364.9353,65.53454
move,365.70374,64.48055
move,366.28946,63.339695
move,366.86685,62.18092
move,367.43347,61.04378
move,367.99463,59.917454
move,368.57672,58.788174
move,369.18787,57.633087
move,369.74313,56.54475
move,370.14706,55.354637
move,370.36758,54.103813
move,370.5154,52.671803
move,370.63934,51.273678
move,370.79788,50.062454
move,371.17398,48.9029
move,371.8345,47.791393
move,372.72083,46.703594
move,373.569,45.80745
move,374.48508,44.999138
move,375.52036,44.18204
move,376.5361,43.36047
move,377.417,42.270695
move,378.18768,41.084606
move,378.73526,39.81977
move,379.11664,38.469997
move,379.40552,37.071808
move,379.59314,35.681316
move,379.7226,34.344482
move,379.84778,33.068012
move,379.96927,31.82765
move,380.07864,30.610636
move,380.0838,29.219282
move,380.10425,27.815971
move,380.1466,26.534075
move,380.19165,25.09488
move,380.21475,23.860964
move,380.15762,22.580044
move,379.93048,21.356413
move,379.4796,20.183216
move,378.87888,19.091799
move,378.16257,18.072758
move,377.3445,17.116913
move,376.41302,16.183805
move,375.43842,15.388962
move,374.38147,14.684441
move,373.28308,13.976347
move,372.2946,13.219253
move,371.45145,12.287273
move,370.82022,11.173486
move,370.41928,9.994464
move,370.15518,8.764586
move,369.9964,7.492107
move,369.90036,6.2010317
move,369.86792,4.9552712
move,369.88477,3.6487107
move,369.95776,2.3198035
move,370.04642,1.016029
move,370.13754,-0.3118172
move,370.2487,-1.6745694
move,370.3286,-3.0031252
move,370.3665,-4.394068
move,370.35742,-5.6402774
move,370.28995,-6.957285
move,370.27478,-7.15029
cluster,2054
move,370.17645,-8.234801
move,-370.5,-5.5
move,-370.0908,-6.708902
move,-369.59805,-8.824896
move,-369.95804,-10.933974
move,-371.60895,-12.429613
move,-373.3834,-13.690687
move,-374.9895,-15.1415205
move,-376.35236,-16.835377
move,-377.49905,-18.672852
move,-378.51645,-20.788202
move,-379.2399,-22.986927
move,-379.69028,-25.257393
move,-379.66174,-27.538301
move,-379.5368,-29.851524
move,-379.45212,-32.123478
move,-379.38382,-34.396122
move,-379.25507,-36.687122
move,-378.95154,-38.863304
move,-378.2697,-40.938637
move,-377.23856,-42.915276
move,-375.90805,-44.723125
move,-374.15723,-46.064972
move,-372.36136,-47.36103
move,-371.12778,-49.22288
move,-370.55557,-51.385147
move,-370.26434,-53.617325
move,-370.05185,-55.88108
move,-369.74078,-58.648594
move,-369.27917,-61.447594
move,-368.30185,-64.093704
move,-366.33636,-66.08645
move,-363.86014,-67.41445
move,-361.26562,-68.43906
move,-358.5276,-68.749306
move,-355.7841,-68.694626
move,-353.0537,-68.59175
move,-350.32483,-68.46866
move,-347.71637,-67.739265
move,-345.36783,-66.30967
move,-343.47617,-64.37938
move,-341.8446,-62.108463
move,-340.86722,-59.62764
move,-340.68246,-56.942196
move,-340.61362,-54.210716
move,-340.53156,-51.49278
move,-340.3266,-48.741985
move,-339.96585,-45.92728
move,-339.61572,-43.05821
move,-339.45438,-40.185257
move,-339.28638,-37.5242
move,-339.00882,-34.97317
move,-338.5573,-32.583942
move,-337.85123,-30.258846
move,-336.916,-27.975271
move,-335.6209,-25.922192
move,-333.89664,-23.960585
move,-332.33456,-22.089115
move,-331.14215,-19.764568
move,-330.01276,-17.434555
move,-328.9844,-15.084786
move,-327.97952,-12.724668
move,-326.85233,-10.354767
move,-325.3888,-8.21995
move,-323.71478,-6.1818337
move,-321.90494,-4.3705063
move,-319.7653,-3.0740411
move,-317.2919,-2.040498
move,-314.89612,-1.3523986
move,-312.4717,-0.7788895
move,-310.0699,-0.48858994
move,-307.5945,-0.33048895
move,-305.04214,-0.28033954
move,-302.47742,-0.3292883
move,-299.97736,-0.20899197
move,-297.48163,0.0027707769
move,-295.0105,0.21490178
move,-292.5489,-0.08912407
move,-290.75662,-1.6270998
move,-290.17755,-4.1021576
move,-290.35297,-6.6731987
move,-290.5362,-9.243958
move,-290.5338,-11.795025
move,-290.495,-14.407725
move,-290.54117,-16.89986
move,-290.59744,-19.500673
move,-290.58746,-22.065845
move,-290.76813,-24.477552
move,-291.11188,-27.050352
move,-292.37454,-29.15441
move,-294.7121,-30.127909
move,-297.2755,-30.457762
move,-298.63065,-32.51465
move,-298.8297,-35.087658
move,-298.80756,-37.652687
move,-298.94824,-40.092735
move,-299.16406,-42.527363
move,-299.40698,-45.117367
move,-299.4385,-47.609123
move,-299.25552,-50.21596
move,-299.10858,-52.789032
move,-298.70416,-55.361942
move,-297.6556,-57.728424
move,-295.86127,-59.57253
move,-293.51605,-60.613945
move,-291.37552,-61.921448
move,-290.68893,-64.444565
move,-290.5442,-66.8823
move,-290.63754,-69.36095
move,-290.76837,-71.9107
move,-290.80316,-74.402306
move,-290.73874,-76.96669
move,-290.6527,-79.44562
move,-290.48172,-82.05357
move,-290.30542,-84.51564
move,-289.95166,-87.031044
move,-289.49988,-89.58072
move,-289.16885,-91.97702
move,-288.98962,-94.54798
move,-289.00613,-97.06222
move,-288.87106,-99.58015
move,-287.9105,-101.91157
move,-286.22354,-103.774765
move,-284.33484,-105.32348
move,-282.3004,-106.67462
move,-280.58768,-108.67505
move,-279.80618,-111.15516
move,-279.6722,-113.59309
move,-279.7923,-116.03418
move,-279.9405,-118.582954
move,-280.08878,-121.01054
move,-280.26566,-123.557495
move,-280.44824,-126.12833
move,-280.6237,-128.60265
move,-280.75287,-131.22484
move,-280.5909,-133.70764
move,-279.7131,-136.02103
move,-278.2864,-138.03584
move,-276.18173,-139.3775
move,-273.81238,-140.20213
move,-271.3288,-140.51181
move,-268.81516,-140.63234
move,-266.39026,-140.814
move,-263.97073,-141.45508
move,-261.93637,-142.95416
move,-260.59525,-145.03822
move,-259.7135,-147.34355
move,-258.1547,-149.16908
move,-255.78343,-150.0717
move,-253.31728,-150.33354
move,-250.72282,-150.51215
move,-248.26648,-150.52353
move,-245.68942,-150.54036
move,-243.23349,-150.55579
move,-240.76956,-150.40804
move,-238.26564,-150.38664
move,-235.66826,-150.53084
move,-233.0756,-150.74529
move,-230.61334,-150.90817
move,-227.96448,-150.83904
move,-225.34015,-150.7556
move,-222.84814,-150.6987
move,-220.38026,-150.65105
move,-217.93768,-150.70428
move,-215.38803,-150.98152
move,-212.98384,-151.692
move,-210.93114,-153.26746
move,-209.9184,-155.46881
move,-209.00137,-157.7273
move,-207.16663,-159.29242
move,-204.80267,-159.91798
move,-202.33665,-159.99376
move,-199.85686,-159.94818
move,-197.42699,-159.84518
move,-194.76588,-159.78366
move,-192.26286,-159.69347
move,-189.77232,-159.59315
move,-187.24486,-159.63757
move,-184.73094,-159.75755
move,-182.14503,-159.8846
move,-179.57043,-160.24716
move,-177.03372,-160.70332
move,-174.40887,-161.14699
move,-171.98352,-161.53316
move,-169.51793,-161.52905
move,-167.07495,-161.28752
move,-164.44911,-160.93144
move,-162.00938,-160.64677
move,-159.57161,-160.48082
move,-156.92323,-160.39357
move,-154.49211,-160.1658
move,-152.12077,-159.10307
move,-150.6315,-157.21284
move,-150.03015,-154.65668
move,-149.51915,-152.09238
move,-147.59,-150.38214
move,-145.19794,-150.00784
move,-142.59698,-149.97307
move,-139.95935,-150.00253
move,-137.3338,-150.03233
move,-134.68405,-150.00916
move,-132.08269,-149.97807
move,-129.60223,-149.9635
move,-127.171616,-150.03755
move,-124.69644,-150.19884
move,-122.22418,-150.50777
move,-119.77348,-151.0242
move,-117.31503,-151.35194
move,-114.83994,-151.26414
move,-112.34494,-150.93396
move,-109.80849,-150.64412
move,-107.29207,-150.39343
move,-104.6987,-150.19121
move,-102.0859,-150.13202
move,-99.50865,-150.12833
move,-96.9193,-150.14362
move,-94.32994,-150.15845
move,-91.84948,-150.16945
move,-89.308525,-150.18614
move,-86.69632,-150.25911
move,-84.10818,-150.66916
move,-81.77367,-151.34238
move,-80.11198,-153.29173
move,-79.57829,-155.68686
move,-78.85747,-157.99658
move,-76.87341,-159.57304
move,-74.35523,-159.8814
move,-72.067116,-160.842
move,-70.326225,-162.75911
move,-69.290886,-165.12071
move,-68.76611,-167.6806
move,-67.441154,-169.80714
move,-64.98967,-170.48027
move,-62.38178,-171.01746
move,-60.60097,-172.84282
move,-59.813248,-175.28662
move,-60.020283,-177.91501
move,-60.125015,-180.56146
move,-60.043774,-182.99164
move,-59.907936,-185.60164
move,-59.898117,-188.24954
move,-60.45791,-190.78279
move,-60.91985,-193.33418
move,-60.595802,-195.8735
move,-59.13872,-198.01149
move,-56.918728,-199.3385
move,-54.359245,-199.90393
move,-51.891388,-200.73172
move,-50.161125,-202.5965
move,-49.824036,-205.05049
move,-49.666,-207.61801
move,-48.20874,-209.46053
move,-45.70326,-210.19118
move,-43.331284,-210.82361
move,-41.38986,-212.27621
move,-40.388245,-214.48584
move,-40.204258,-216.90697
move,-40.303146,-219.54282
move,-40.368378,-221.98608
move,-40.400978,-224.62352
move,-40.720673,-227.03929
move,-41.799442,-229.2458
move,-44.12269,-230.48436
move,-46.528687,-230.90471
move,-48.71111,-231.90413
move,-49.81675,-234.07083
move,-50.135464,-236.52524
move,-50.06129,-238.97992
move,-49.945263,-241.4816
move,-50.069942,-244.00665
move,-50.220066,-246.48247
move,-50.489002,-248.99634
move,-50.80428,-251.48009
move,-50.89862,-254.04292
move,-50.860573,-256.57153
move,-50.84429,-259.0765
move,-50.804924,-261.54443
move,-50.742054,-264.07227
move,-50.67748,-266.60025
move,-50.52227,-269.07468
move,-50.271336,-271.54156
move,-50.01445,-274.044
move,-49.46785,-276.4855
move,-47.904446,-278.41956
move,-45.66037,-279.38342
move,-43.240562,-279.8347
move,-40.683243,-279.9503
move,-38.21286,-279.73068
move,-35.736412,-279.44815
move,-33.241283,-279.2685
move,-30.706537,-279.4176
move,-28.252008,-279.97144
move,-25.778908,-280.491
move,-23.297054,-280.94836
move,-21.670225,-282.74875
move,-20.862295,-285.15506
move,-19.481474,-287.24664
move,-17.890709,-289.26932
move,-17.858599,-291.73654
move,-18.390614,-294.1701
move,-19.063002,-296.64557
move,-19.600088,-299.073
move,-19.482273,-301.73148
move,-19.18055,-304.25394
move,-18.395462,-306.70963
move,-16.801868,-308.6803
move,-14.394351,-309.38422
move,-11.870264,-309.37347
move,-9.2878,-309.1873
move,-6.7565002,-309.44107
move,-4.3328886,-310.33853
move,-2.3208423,-311.86096
move,-0.65340513,-313.84937
move,0.49937195,-316.1603
move,1.0445888,-318.6832
move,1.2634997,-321.26328
move,1.4431864,-323.8787
move,1.3189803,-326.51288
move,1.1617118,-328.98828
move,1.1224341,-331.6614
move,1.0644811,-334.16516
move,0.8264657,-336.65732
move,0.34432587,-339.2256
move,-0.16626786,-341.66528
move,-0.55320513,-344.09045
move,-0.6542339,-346.57663
move,-0.600729,-349.05652
move,-0.54941624,-351.56064
move,-0.4998184,-354.08905
move,-0.42098093,-356.6166
move,-0.31719688,-359.17975
move,-0.21199156,-361.77917
move,-0.20172065,-362.03308
cluster,1580
move,1.3239623,49.89378
move,0.85293573,48.871975
move,-0.17418927,46.4954
move,-2.2962463,45.206978
move,-4.766066,44.870766
move,-5.0011716,44.83876
