move,79.00521,-241.85008
move,79.93355,-242.02019
move,80.89883,-242.11894
move,81.93811,-241.99142
move,82.832924,-241.46776
move,83.49145,-240.6521
move,83.8949,-239.68262
move,84.104294,-238.66121
move,84.16661,-237.63834
move,84.09713,-236.59775
move,83.91075,-235.56198
move,83.67389,-234.54564
move,83.4202,-233.52397
move,83.163994,-232.51228
move,82.89804,-231.49374
move,82.62628,-230.47675
move,82.349625,-229.45164
move,82.07328,-228.43587
move,81.795204,-227.40173
move,81.52526,-226.38425
move,81.18717,-225.12454
move,80.80538,-223.84041
move,80.3722,-222.53598
move,79.921585,-221.24971
move,79.42958,-220.0038
move,78.826065,-218.79514
move,78.178604,-217.63538
move,77.50136,-216.47934
move,76.87537,-215.4677
move,76.194786,-214.40855
move,75.49834,-213.33218
move,74.81029,-212.26411
move,74.12883,-211.1646
move,73.469,-210.02522
move,72.85212,-208.88834
move,72.35724,-207.81955
move,71.92609,-206.68625
move,71.57873,-205.53671
move,71.33432,-204.3845
move,71.14495,-203.19836
move,70.99288,-202.05347
move,70.831245,-200.66525
move,70.67478,-199.2882
move,70.52085,-197.92249
move,70.36561,-196.5453
move,70.23361,-195.37466
move,70.102936,-194.21553
move,69.97221,-193.0564
move,69.792656,-191.68222
move,69.508865,-190.33792
move,69.1351,-189.0034
move,68.75281,-187.91386
move,68.195206,-186.67052
move,67.56856,-185.46028
move,66.89078,-184.2646
move,66.10395,-183.13763
move,65.32684,-181.99005
move,64.82277,-180.73386
move,64.64465,-179.36017
move,64.59447,-177.98737
move,64.68377,-176.82463
move,64.889046,-175.47743
move,65.09114,-174.32852
move,65.33894,-172.95308
move,65.5582,-171.5963
move,65.70936,-170.43962
move,65.86467,-169.07393
move,66.01889,-167.68481
move,66.178566,-166.57617
move,66.38018,-165.52449
move,66.593636,-164.47514
move,66.78488,-163.57874
move,67.00928,-162.53168
move,67.23386,-161.48465
move,67.46033,-160.42873
move,67.683,-159.39058
move,67.90566,-158.35242
move,68.0979,-157.45624
move,68.32439,-156.40033
move,68.55273,-155.33556
move,68.78304,-154.25262
move,68.97353,-153.32823
move,68.78304,-154.25262
move,69.18966,-152.2794
move,69.40762,-151.22171
move,69.59713,-150.33424
move,69.87901,-149.28271
move,70.201706,-148.43507
move,70.69641,-147.48598
move,71.31959,-146.57162
move,72.02203,-145.76436
move,72.829865,-145.04863
move,73.56745,-144.50478
move,74.485466,-143.91937
move,75.43248,-143.38174
move,76.404465,-142.83298
move,77.30161,-142.24902
move,78.001945,-141.65869
move,78.731514,-140.83937
move,79.24367,-140.06886
move,79.74043,-139.1206
move,80.10833,-138.28119
move,80.51071,-137.2693
move,80.882515,-136.25546
move,81.22318,-135.20216
move,81.44027,-134.14432
move,81.658455,-133.08672
move,81.82547,-132.02917
move,81.922676,-130.96292
move,81.95798,-129.90186
move,81.94311,-128.8675
move,81.87315,-127.808205
move,81.7488,-126.790405
move,81.590355,-125.768074
move,81.4305,-124.76432
move,81.26922,-123.75161
move,81.102066,-122.71227
move,80.939804,-121.7273
move,80.762184,-120.67129
move,80.59408,-119.67809
move,80.4185,-118.658554
move,80.24725,-117.656685
move,80.086006,-116.65317
move,79.92777,-115.63079
move,79.78151,-114.624985
move,79.64468,-113.59953
move,79.514305,-112.59154
move,79.380775,-111.53819
move,79.26431,-110.501114
move,79.18181,-109.58827
move,79.10756,-108.538216
move,79.06361,-107.54096
move,79.04445,-106.506615
move,79.03565,-105.5084
move,79.01971,-104.483185
move,78.966064,-103.468216
move,78.90304,-102.45378
move,78.82175,-101.467964
move,78.720634,-100.4475
move,78.58723,-99.44913
move,78.382996,-98.46312
move,78.06566,-97.50766
move,77.67703,-96.58828
move,77.233215,-95.68421
move,76.700775,-94.79763
move,76.07044,-93.98996
move,75.36025,-93.26318
move,74.613495,-92.5737
move,73.86593,-91.89855
move,73.088936,-91.201805
move,72.345,-90.53617
move,71.57991,-89.85335
move,70.809845,-89.16248
move,70.045616,-88.478714
move,69.23697,-87.760445
move,68.259575,-86.89551
move,67.27211,-86.02451
move,66.281815,-85.15675
move,65.23798,-84.33581
move,64.128426,-83.56459
move,63.039978,-82.844406
move,61.94001,-82.12071
move,60.85932,-81.40972
move,59.76895,-80.69243
move,58.668976,-79.968765
move,57.57867,-79.25137
move,56.48882,-78.53328
move,55.41799,-77.768005
move,54.431824,-76.930984
move,53.47691,-76.041565
move,52.588272,-75.10174
move,51.77203,-74.08408
move,51.064293,-72.988014
move,50.48004,-71.965
move,49.83071,-70.81954
move,49.23835,-69.77454
move,48.60613,-68.65919
move,48.02178,-67.48015
move,47.492695,-66.274445
move,46.978725,-65.09992
move,46.463238,-63.863304
move,45.98215,-62.67493
move,45.496727,-61.475864
move,45.015644,-60.287502
move,44.521706,-59.09192
move,44.00788,-57.892174
move,43.489902,-56.71944
move,42.952713,-55.55542
move,42.34546,-54.335297
move,41.801796,-53.25123
move,41.216724,-52.084583
move,40.627357,-50.90715
move,40.074398,-49.750572
move,39.564575,-48.549248
move,39.136337,-47.28065
move,38.764183,-46.02973
move,38.399174,-44.824875
move,38.020916,-43.575733
move,37.690067,-42.325417
move,37.480515,-41.06092
move,37.338352,-39.763622
move,37.24197,-38.450493
move,37.172146,-37.15878
move,37.132458,-35.854267
move,37.10269,-34.561028
move,37.07469,-33.267735
move,37.057896,-31.997381
move,37.05928,-30.715332
move,37.071526,-29.44494
move,37.15081,-28.177013
move,37.272835,-26.900824
move,37.411552,-25.649534
move,37.55342,-24.375357
move,37.688465,-23.100473
move,37.76398,-21.820791
move,37.781986,-20.53897
move,37.7351,-19.269426
move,37.64389,-18.002289
move,37.50705,-16.634687
move,37.365955,-15.348809
move,37.230038,-14.155324
move,37.088165,-12.939272
move,36.924854,-11.644389
move,36.748512,-10.44454
move,36.555702,-9.188759
move,36.36289,-7.9329762
move,36.175323,-6.711443
move,35.964123,-5.4822392
move,35.652622,-4.25088
move,35.25125,-2.984858
move,34.831696,-1.7856455
move,34.39475,-0.6049681
move,33.945038,0.5956158
move,33.503407,1.7745655
move,33.053684,2.9751482
move,32.6232,4.1704707
move,32.20153,5.3689523
move,31.777702,6.578916
move,31.407763,7.7579913
move,31.064413,8.9812155
move,30.72726,10.194178
move,30.406439,11.447319
move,30.107166,12.705821
move,29.839487,13.924113
move,29.583574,15.1685705
move,29.374474,16.43315
move,29.304985,17.689278
move,29.388197,18.991259
move,29.600946,20.30166
move,29.968628,21.504534
move,30.512964,22.664532
move,31.161201,23.783636
move,31.88468,24.841688
move,32.68759,25.840767
move,33.580982,26.79184
move,34.535328,27.664772
move,35.55091,28.502695
move,36.58126,29.322496
move,37.603592,30.133825
move,38.64896,30.971819
move,39.676826,31.848984
move,40.457317,32.573532
move,41.18845,33.318165
move,41.917847,34.11443
move,42.51464,34.84538
move,43.125298,35.724686
move,43.66028,36.652042
move,44.05881,37.47725
move,44.399982,38.327793
move,44.686066,39.19842
move,44.9599,40.25225
move,45.177376,41.328453
move,45.310356,42.244358
move,45.38611,43.21226
move,45.392494,44.24655
move,45.333668,45.161083
move,45.191265,46.2314
move,44.99898,47.29403
move,44.783695,48.333736
move,44.557617,49.38973
move,44.33344,50.43685
move,44.11116,51.475098
move,43.886982,52.52222
move,43.693653,53.427456
move,43.51899,54.437637
move,43.489117,55.497253
move,43.621193,56.532043
move,43.84405,57.569942
move,44.135715,58.57178
move,44.5056,59.54733
move,44.96872,60.5024
move,45.49308,61.393925
move,46.08667,62.252068
move,46.73894,63.08973
move,47.411427,63.863758
move,48.135258,64.58979
move,48.931286,65.278336
move,49.750225,65.91032
move,50.60043,66.49952
move,51.49961,67.04662
move,52.40267,67.532394
move,53.32345,68.00404
move,54.23942,68.46512
move,55.162975,68.910774
move,56.1118,69.345345
move,57.052193,69.75427
move,57.987743,70.127556
move,58.95015,70.481606
move,59.90011,70.81667
move,60.90539,71.15836
move,61.90619,71.484825
move,62.8843,71.79288
move,63.866642,72.08713
move,64.85009,72.3777
move,65.8424,72.67033
move,66.838646,72.94908
move,67.79318,73.20853
move,68.78302,73.476524
move,69.770226,73.71822
move,70.752655,73.94075
move,71.73563,74.160904
move,72.736305,74.385025
move,73.719284,74.60518
move,74.71111,74.82732
move,75.69425,75.04672
move,76.695465,75.26847
move,77.67011,75.484314
move,78.671326,75.706055
move,79.664345,75.922745
move,80.668434,76.13111
move,81.66543,76.32878
move,82.6623,76.52707
move,83.68867,76.71539
move,84.692154,76.798195
move,85.717445,76.81596
move,86.74287,76.82581
move,87.77713,76.84844
move,88.80172,76.89095
move,89.82493,76.958534
move,90.87379,77.04841
move,91.90378,77.145195
move,92.93037,77.27288
move,93.96333,77.421616
move,94.99317,77.59031
move,95.98664,77.80472
move,96.99966,78.05498
move,97.98722,78.39126
move,98.93816,78.775055
move,99.921875,79.17466
move,100.86218,79.56055
move,101.82249,79.969154
move,102.77348,80.37645
move,103.72481,80.783005
move,104.68673,81.18777
move,105.53425,81.53679
move,106.49489,81.92079
move,107.451775,82.28952
move,108.42736,82.6602
move,109.369,83.01798
move,110.32808,83.38098
move,111.280594,83.73564
move,112.233116,84.09029
move,113.21116,84.454414
move,114.129654,84.796394
move,115.09918,85.15737
move,116.31219,85.60674
move,117.54049,86.04789
move,118.78442,86.47945
move,120.00204,86.88065
move,121.27564,87.25744
move,122.505646,87.57555
move,123.81125,87.87613
move,125.10999,88.15454
move,126.38208,88.44622
move,127.70775,88.76261
move,128.93388,89.0482
move,130.23581,89.31042
move,131.56313,89.49027
move,132.8888,89.56482
move,134.20753,89.42991
move,135.47926,88.982254
move,136.60152,88.25584
move,137.57074,87.34852
move,138.44336,86.40949
move,139.29764,85.347984
move,140.06908,84.280975
move,140.93204,83.29193
move,142.05136,82.53771
move,143.21619,81.97788
move,144.45952,81.54494
move,145.69408,81.15858
move,146.95972,80.79562
move,148.21463,80.48204
move,149.47714,80.26144
move,150.79114,80.19984
move,152.08977,80.32305
move,153.38109,80.578316
move,154.65155,80.923676
move,155.9346,81.309425
move,157.05383,81.67701
move,158.30792,82.179245
move,159.38048,82.71937
move,160.51756,83.425446
move,161.42706,84.35629
move,162.16441,85.46023
move,162.80502,86.61033
move,163.31432,87.80993
move,163.65564,89.03359
move,164.01471,90.31234
move,164.39316,91.52516
move,164.79143,92.74375
move,165.22269,93.95104
move,165.70999,95.17414
move,166.22536,96.347946
move,166.79384,97.52272
move,167.41318,98.631676
move,168.15083,99.69353
move,168.99844,100.71605
move,169.87549,101.6981
move,170.77892,102.65593
move,171.75343,103.575005
move,172.77754,104.438774
move,173.82904,105.32392
move,174.80032,106.2462
move,175.68959,107.23238
move,176.5076,108.26405
move,177.28528,109.32639
move,178.00558,110.46951
move,178.6819,111.58575
move,179.34924,112.693886
move,179.94505,113.82873
move,180.46317,115.02622
move,180.88077,116.23801
move,181.2105,117.524254
move,181.4245,118.76466
move,181.57231,120.01482
move,181.68465,121.30349
move,181.75847,122.57175
move,181.78146,123.85354
move,181.7409,125.13473
move,181.63524,126.4007
move,181.4831,127.673706
move,181.32458,128.93427
move,181.1615,130.22911
move,180.98988,131.59274
move,180.82631,132.89928
move,180.67558,134.12593
move,180.54248,135.38931
move,180.48889,136.65839
move,180.46703,137.92879
move,180.44472,139.22229
move,180.41594,140.49243
move,180.37415,141.79688
move,180.32448,143.06644
move,180.27045,144.3243
move,180.21596,145.5937
move,180.16296,146.82846
move,180.1051,148.12079
move,180.04108,149.36655
move,179.975,150.64691
move,179.9112,151.90424
move,179.85089,153.15016
move,179.79279,154.40776
move,179.73647,155.66544
move,179.67809,156.91144
move,179.61842,158.1574
move,179.55765,159.4264
move,179.49756,160.68391
move,179.43811,161.9299
move,179.378,163.18741
move,179.31647,164.46797
move,179.25647,165.7255
move,179.1965,166.98302
move,179.13638,168.2405
move,179.07199,169.50932
move,179.00763,170.76662
move,178.94328,172.05858
move,178.88844,173.30473
move,178.83473,174.57408
move,178.72134,175.82759
move,178.50542,177.09096
move,178.18695,178.32059
move,177.78407,179.53745
move,177.2923,180.70857
move,176.70784,181.83633
move,176.05826,182.91452
move,175.32047,183.94806
move,174.45505,184.86093
move,173.47778,185.63475
move,172.31845,186.35002
move,171.16714,186.91338
move,169.9789,187.3942
move,168.75104,187.80077
move,167.54723,188.1271
move,166.26161,188.4109
move,165.00955,188.62666
move,163.73167,188.82735
move,162.44759,188.98297
move,161.15656,189.05836
move,159.87459,189.05377
move,158.5816,189.0153
move,157.28857,188.97803
move,155.99547,188.94406
move,154.7024,188.90987
move,153.36275,188.89247
move,152.06941,188.91998
move,150.77663,188.96555
move,149.40521,189.05623
move,147.92259,189.2035
move,146.6142,189.35155
move,145.27174,189.50636
move,143.9412,189.6631
move,142.62213,189.81888
move,141.29121,189.97296
move,139.93787,190.13371
move,138.59901,190.31677
move,137.43466,190.49626
move,136.13737,190.7212
move,134.7796,190.9992
move,133.44797,191.33832
move,132.33568,191.78842
move,131.13849,192.46254
move,130.0401,193.2089
move,128.98866,194.00136
move,127.99217,194.77066
move,127.05965,195.49065
move,125.95377,196.34517
move,125.00072,197.03741
move,123.98439,197.655
move,122.907776,198.21309
move,121.84435,198.69244
move,120.74028,199.13522
move,119.60738,199.53426
move,118.47499,199.89883
move,117.13675,200.30165
move,115.97449,200.64798
move,114.768,201.00774
move,113.605804,201.35411
move,112.488045,201.6881
move,111.348434,202.02946
move,110.18876,202.38423
move,109.035,202.8259
move,107.9623,203.33984
move,106.9268,203.9478
move,105.9484,204.6245
move,104.93801,205.33614
move,103.93414,205.99536
move,102.84012,206.59377
move,101.724,207.0965
move,100.59487,207.53885
move,99.42198,207.96346
move,98.243576,208.37254
move,97.09637,208.76581
move,95.93783,209.16165
move,94.753586,209.58862
move,93.60209,210.03726
move,92.43967,210.52054
move,91.30072,211.05658
move,90.18785,211.66911
move,89.10896,212.31787
move,88.041176,212.98474
move,87.20754,213.52481
move,85.95882,214.3376
move,84.925995,215.0163
move,83.9029,215.68878
move,82.902664,216.37433
move,81.90422,217.08281
move,80.87334,217.74274
move,79.791046,218.28856
move,78.66352,218.73442
move,77.493965,219.09567
move,76.30759,219.3977
move,75.1195,219.63995
move,73.93918,219.78607
move,72.75281,219.87401
move,71.55438,219.95555
move,70.39062,220.0359
move,69.20392,220.11974
move,68.04021,220.20125
move,66.84112,220.27222
move,65.456764,220.33965
move,64.29128,220.38971
move,63.11419,220.4382
move,61.752563,220.49664
move,60.38022,220.57271
move,59.008713,220.66261
move,57.637577,220.75803
move,56.25487,220.85365
move,55.021946,220.93843
move,53.627464,221.03104
move,52.33519,221.08893
move,51.01874,221.11319
move,49.690525,221.11545
move,48.339245,221.10301
move,46.988354,221.06847
move,45.637745,221.02368
move,44.287148,220.97873
move,42.93673,220.92871
move,41.586403,220.87616
move,40.20132,220.82547
move,38.86242,220.7765
move,37.512695,220.71103
move,36.187004,220.6287
move,34.82942,220.51039
move,33.49985,220.34525
move,32.15864,220.18
move,30.826817,220.03397
move,29.49311,219.90634
move,28.147839,219.7782
move,26.827183,219.63643
move,25.46142,219.48213
move,24.129501,219.33713
move,22.793736,219.23453
move,21.467035,219.17076
move,20.09569,219.24031
move,18.815727,219.42708
move,17.508553,219.66257
move,16.19615,219.932
move,14.945309,220.21306
move,13.679096,220.52931
move,12.426121,220.89404
move,11.227785,221.34805
move,10.093267,221.9884
move,9.102923,222.80153
move,8.169248,223.69672
move,7.288891,224.59663
move,6.4146776,225.55005
move,5.571323,226.56087
move,4.8296585,227.57793
move,4.123376,228.67528
move,3.4994328,229.76854
move,2.9051616,230.94333
move,2.384427,232.1274
move,1.8974223,233.3631
move,1.5014905,234.46039
move,1.0713301,235.75354
move,0.7018872,237.0173
move,0.37734732,238.30519
move,0.1090638,239.606
move,-0.08552031,240.93118
move,-0.16504568,242.26831
move,-0.21075484,243.59581
move,-0.25771868,244.9348
move,-0.30678776,246.25055
move,-0.35737836,247.58939
move,-0.4055045,248.93983
move,-0.45369977,250.27873
move,-0.5004528,251.61783
move,-0.5471631,252.95691
move,-0.5929639,254.31912
move,-0.6294442,255.64688
move,-0.66612244,257.00937
move,-0.70287263,258.36038
move,-0.7378263,259.72293
move,-0.76825154,261.10858
move,-0.7938755,262.4596
move,-0.82582784,263.799
move,-0.8566214,265.15002
move,-0.8912939,266.50092
move,-0.9211468,267.88657
move,-0.9080378,269.2144
move,-0.8404845,270.55255
move,-0.7607752,271.90152
move,-0.66641754,273.2379
move,-0.56583756,274.5624
move,-0.4521052,275.88574
move,-0.333057,277.23184
move,-0.21538743,278.57806
move,-0.10019794,279.92453
move,0.01359074,281.24783
move,0.12773514,282.59433
move,0.23785973,283.88327
move,0.33087236,285.0808
move,0.42213172,286.3133
move,0.50082743,287.5466
move,0.5626354,288.81567
move,0.60983795,290.03906
move,0.6418308,291.29764
move,0.6689972,292.63718
move,0.68957084,293.87274
move,0.70847625,295.21237
move,0.7236873,296.4482
move,0.7378318,297.70718
move,0.7500313,298.95468
move,0.76227653,300.23682
move,0.77509004,301.51895
move,0.78726774,302.78958
move,0.80164737,304.07175
move,0.8104434,305.34232
move,0.8091391,306.61282
move,0.7844433,307.89462
move,0.7318689,309.187
move,0.62735456,310.45312
move,0.4497394,311.7109
move,0.20023417,313.0036
move,-0.114569716,314.29388
move,-0.46589822,315.50272
move,-0.8805205,316.7401
move,-1.3459598,317.94696
move,-1.8559496,319.13568
move,-2.442445,320.31427
move,-3.089823,321.43402
move,-3.7926006,322.53372
move,-4.54547,323.6138
move,-5.3391705,324.64975
move,-6.148961,325.68793
move,-6.919985,326.69763
move,-7.625547,327.83493
move,-8.185291,329.00095
move,-8.692797,330.1781
move,-9.128583,331.408
move,-9.466135,332.6803
move,-9.6942215,333.85944
move,-9.8629875,335.0603
move,-9.976627,336.29077
move,-10.032028,337.52524
move,-10.044366,338.7148
move,-10.01796,339.93872
move,-9.946205,341.1724
move,-9.820115,342.37827
move,-9.639513,343.57742
move,-9.441395,344.90247
move,-9.301259,346.21158
move,-9.276136,347.50433
move,-9.340314,348.79645
move,-9.417454,349.98358
move,-9.507548,351.274
move,-9.58805,352.5535
move,-9.662576,353.8565
move,-9.618868,355.1599
move,-9.389618,356.43207
move,-9.004708,357.6663
move,-8.482037,358.8363
move,-7.8483567,359.96368
move,-7.1292434,361.02478
move,-6.3472342,362.04028
move,-5.5201716,362.98917
move,-4.609462,363.94006
move,-3.705752,364.81653
move,-2.768908,365.67468
move,-1.8567642,366.57477
move,-1.0593147,367.57782
move,-0.36971542,368.6577
move,0.18553463,369.8252
move,0.60923195,371.0591
move,0.93410295,372.29913
move,1.1800264,373.59232
move,1.3481532,374.87485
move,1.4704268,376.19736
move,1.5475918,377.5116
move,1.5227778,378.83926
move,1.4164267,380.18622
move,1.2902844,381.53165
move,1.1700786,382.8544
move,1.0326333,384.18713
move,0.8763286,385.50604
move,0.6878369,386.82086
move,0.48190525,388.13303
move,0.26887366,389.45575
move,0.06422062,390.7798
move,-0.14104956,392.10376
move,-0.34466118,393.38138
cluster,1567
move,-0.5066764,394.72275
move,2.9802322E-07,-375.4998
move,0.2205333,-374.5065
move,0.46779308,-373.42532
move,0.72055435,-372.36633
move,0.9981138,-371.3138
move,1.3453093,-370.40747
move,1.7738935,-369.53647
move,2.2453313,-368.71896
move,2.7636771,-367.90866
move,3.299137,-367.10953
move,3.9108427,-366.20856
move,4.435644,-365.4351
move,5.0184717,-364.5476
move,5.600443,-363.6165
move,6.1434646,-362.69357
move,6.604286,-361.6885
move,6.94334,-360.6729
move,7.191996,-359.7907
move,7.452697,-358.7521
move,7.665118,-357.786
move,7.865639,-356.83594
move,8.060365,-355.8846
move,8.2480135,-354.9319
move,8.440128,-353.9708
move,8.626926,-353.0549
move,8.821342,-352.10352
move,9.013344,-351.17014
move,9.206174,-350.20923
move,9.389562,-349.26495
move,9.537546,-348.32382
move,9.650056,-347.36853
move,9.803642,-346.2746
move,10.00133,-345.06638
move,10.195409,-343.846
move,10.337941,-342.61853
move,10.434408,-341.38654
move,10.487306,-340.14038
move,10.424933,-338.8956
move,10.212763,-337.67883
move,9.875665,-336.466
move,9.527538,-335.23206
move,9.060753,-334.0521
move,8.516455,-332.95547
move,7.934656,-331.80014
move,7.33656,-330.62714
move,6.7311716,-329.4448
move,6.1215134,-328.26474
move,5.5287795,-327.14096
move,4.9478145,-326.0633
move,4.360573,-324.97586
move,3.7783668,-323.89896
move,3.201591,-322.83206
move,2.6139429,-321.7448
move,2.01111,-320.61334
move,1.4966347,-319.52814
move,1.0426949,-318.35413
move,0.6856145,-317.18356
move,0.4709276,-315.9907
move,0.3799696,-314.77
move,0.3459691,-313.53473
move,0.33583897,-312.32196
move,0.32832316,-311.0976
move,0.2957707,-309.85065
move,0.17252152,-308.62137
move,-0.06447865,-307.4326
move,-0.46770492,-306.29047
move,-1.0908862,-305.22537
move,-1.8697053,-304.2816
move,-2.7277617,-303.40854
move,-3.630303,-302.5986
move,-4.541152,-301.81552
move,-5.4764733,-301.0255
move,-6.418788,-300.2807
move,-7.4451904,-299.49335
move,-8.416536,-298.74805
move,-9.38819,-298.00323
move,-10.3518095,-297.26688
move,-11.326033,-296.52545
move,-12.30161,-295.7858
move,-13.286344,-295.03903
move,-14.294392,-294.26575
move,-15.221637,-293.50226
move,-16.13693,-292.6387
move,-16.945139,-291.67444
move,-17.626179,-290.63028
move,-18.182041,-289.50143
move,-18.64394,-288.2935
move,-18.95986,-287.06375
move,-19.148705,-285.77264
move,-19.242243,-284.5173
move,-19.285572,-283.32843
move,-19.323114,-281.98904
move,-19.361681,-280.592
move,-19.437784,-279.27762
move,-19.58806,-277.95813
move,-19.800016,-276.63528
move,-20.06252,-275.3334
move,-20.379827,-274.05548
move,-20.739418,-272.81296
move,-21.126093,-271.5665
move,-21.531626,-270.30176
move,-21.939775,-269.11087
move,-22.393724,-267.912
move,-22.875286,-266.76132
move,-23.412992,-265.61035
move,-24.008667,-264.5147
move,-24.704073,-263.4518
move,-24.952675,-263.10422
move,-26.539375,-261.1551
move,-27.345716,-260.29623
move,-28.385696,-259.4374
move,-29.511946,-258.7348
move,-30.772688,-258.29285
move,-32.096287,-258.02072
move,-33.339554,-257.70883
move,-34.562153,-257.3633
move,-35.793377,-257.00613
move,-37.011456,-256.6449
move,-38.197422,-256.29733
move,-39.417713,-255.94368
move,-40.646206,-255.61983
move,-41.882572,-255.32738
move,-43.124313,-255.05873
move,-44.41642,-254.80545
move,-45.70325,-254.52715
move,-46.97082,-254.21622
move,-48.25597,-253.83968
move,-49.461487,-253.28491
move,-50.582687,-252.53383
move,-51.53467,-251.56248
move,-52.257168,-250.4225
move,-52.83132,-249.18716
move,-53.28024,-247.913
move,-53.641453,-246.57509
move,-53.92578,-245.25417
move,-54.149174,-244.0739
move,-54.400986,-242.72275
move,-54.652023,-241.35965
move,-54.89511,-240.03033
move,-55.189243,-238.66417
move,-55.51067,-237.38736
move,-55.848038,-236.2466
move,-56.277096,-234.96538
move,-56.768013,-233.68167
move,-57.28407,-232.42027
move,-57.731735,-231.34303
move,-58.26195,-230.07504
move,-58.71645,-228.98819
move,-59.166435,-227.91191
move,-59.70333,-226.63416
move,-60.15229,-225.57002
move,-60.58985,-224.46378
move,-61.057808,-223.14699
move,-61.442825,-222.03358
move,-61.803543,-220.92429
move,-62.193245,-219.61829
move,-62.60107,-218.28162
move,-63.002754,-216.97928
move,-63.40719,-215.66568
move,-63.77485,-214.35336
move,-64.134735,-213.02687
move,-64.50434,-211.66705
move,-64.86958,-210.33003
move,-65.18213,-209.19412
move,-65.51565,-208.08836
move,-65.93248,-206.76659
move,-66.28648,-205.65506
move,-66.705376,-204.35811
move,-67.144165,-203.05557
move,-67.60315,-201.76
move,-68.083755,-200.46002
move,-68.58447,-199.18004
move,-69.10529,-197.8956
move,-69.63496,-196.58984
move,-70.095406,-195.28308
move,-70.40439,-194.15825
move,-70.71093,-192.98485
move,-70.99864,-191.8663
move,-71.3202,-190.70929
move,-71.77426,-189.62357
move,-72.38763,-188.61873
move,-73.11603,-187.70834
move,-73.95452,-186.86513
move,-74.933876,-186.07536
move,-75.96818,-185.46721
move,-77.139244,-184.94579
move,-78.454254,-184.37836
move,-79.68959,-183.75151
move,-80.78569,-182.96434
move,-81.733116,-182.00314
move,-82.504715,-180.9373
move,-83.15738,-179.80739
move,-83.755516,-178.64743
move,-84.31939,-177.48318
move,-84.86667,-176.33658
move,-85.37853,-175.18645
move,-85.86697,-174.01361
move,-86.35438,-172.8403
move,-86.809875,-171.6791
move,-87.26146,-170.47922
move,-87.703514,-169.27579
move,-88.11224,-168.08505
move,-88.512375,-166.87921
move,-88.91122,-165.67297
move,-89.310036,-164.46674
move,-89.70889,-163.26051
move,-90.115746,-162.0326
move,-90.52067,-160.82835
move,-90.927574,-159.63696
move,-91.34606,-158.4129
move,-91.76554,-157.16478
move,-92.14859,-155.95337
move,-92.506516,-154.7344
move,-92.847725,-153.49858
move,-93.12713,-152.25961
move,-93.309746,-151.00255
move,-93.42658,-149.7492
move,-93.29428,-148.4712
move,-92.62305,-147.41798
move,-91.6759,-146.53764
move,-90.67895,-145.75119
move,-89.50717,-145.22112
move,-88.23682,-145.06929
move,-86.94384,-145.09392
move,-85.67801,-145.20123
move,-84.38867,-145.28883
move,-83.487625,-144.49734
move,-83.639404,-143.22368
move,-84.06465,-141.99052
move,-84.61667,-140.75719
move,-85.20256,-139.56517
move,-85.78985,-138.38672
move,-86.30149,-137.31271
move,-86.82856,-136.09357
move,-87.3397,-134.8053
move,-87.8131,-133.52727
move,-88.19152,-132.41167
move,-88.59874,-131.07475
move,-88.90213,-129.9364
move,-89.1752,-128.80225
move,-89.43507,-127.64135
move,-89.690056,-126.47935
move,-89.92363,-125.30119
move,-90.06193,-124.11999
move,-90.12204,-122.932
move,-90.12421,-121.74242
move,-90.11469,-120.54125
move,-90.12113,-119.340126
move,-90.17026,-118.174706
move,-90.27523,-116.989815
move,-90.43477,-115.811035
move,-90.69117,-114.4374
move,-91.03242,-113.0943
move,-91.48487,-111.7603
move,-91.9224,-110.67894
move,-92.37148,-109.58978
move,-92.87513,-108.348236
move,-93.358765,-107.14845
move,-93.86191,-105.956726
move,-94.37086,-104.7549
move,-94.87325,-103.56284
move,-95.36079,-102.37712
move,-95.84129,-101.16364
move,-96.244415,-99.93557
move,-96.47061,-98.69767
move,-96.64924,-97.40484
move,-96.80658,-96.10924
move,-96.961044,-94.79004
move,-97.19545,-93.518394
move,-97.52097,-92.26662
move,-97.91317,-91.00978
move,-98.32914,-89.80931
move,-98.766914,-88.59206
move,-99.20988,-87.388954
move,-99.65673,-86.21198
move,-100.11418,-85.014336
move,-100.57576,-83.79356
move,-101.03844,-82.548485
move,-101.47995,-81.33256
move,-101.87937,-80.187485
move,-102.300705,-78.85509
move,-102.671196,-77.507515
move,-103.03012,-76.16879
move,-103.3593,-74.83447
move,-103.6332,-73.52295
move,-103.89992,-72.18641
move,-104.162186,-70.84897
move,-104.39572,-69.65894
move,-104.63404,-68.43452
move,-104.87018,-67.22142
move,-105.09751,-66.01843
move,-105.30863,-64.77733
move,-105.48867,-63.589687
move,-105.66801,-62.390266
move,-105.85392,-61.110096
move,-106.028305,-59.89828
move,-106.21334,-58.653034
move,-106.44413,-57.46265
move,-106.76795,-56.17471
move,-107.16686,-55.04217
move,-107.67973,-53.956818
move,-108.32438,-52.90274
move,-109.02216,-51.88278
move,-109.7344,-50.901257
move,-110.47219,-49.93875
move,-111.27115,-48.906723
move,-112.021034,-47.93897
move,-112.81018,-46.958145
move,-113.6045,-46.026535
move,-114.42378,-45.1013
move,-115.25026,-44.18247
move,-116.1068,-43.259907
move,-117.025696,-42.349518
move,-117.95712,-41.485542
move,-118.91077,-40.663746
move,-119.92457,-39.860443
move,-120.97275,-39.102516
move,-122.03825,-38.38963
move,-123.135735,-37.704945
move,-124.22961,-37.058723
move,-125.35209,-36.415787
move,-126.38129,-35.842476
move,-127.55384,-35.21862
move,-128.72533,-34.643383
move,-129.92484,-34.072918
move,-131.13107,-33.516876
move,-132.34021,-32.995735
move,-133.55766,-32.5257
move,-134.74048,-32.17038
move,-136.0228,-31.930265
move,-137.26286,-31.796745
move,-138.56609,-31.728266
move,-139.81274,-31.68542
move,-141.09425,-31.648588
move,-142.32964,-31.615152
move,-143.6229,-31.584658
move,-144.89317,-31.560064
move,-146.151,-31.50788
move,-147.44133,-31.41645
move,-148.68182,-31.285795
move,-149.95007,-31.099337
move,-151.1902,-30.824875
move,-152.40694,-30.460215
move,-153.61317,-30.026217
move,-154.79001,-29.547623
move,-156.00253,-29.005558
move,-157.14891,-28.457878
move,-158.30205,-27.871645
move,-159.45142,-27.229595
move,-160.52316,-26.547422
move,-161.59361,-25.800922
move,-162.59598,-25.039333
move,-163.63301,-24.228003
move,-164.67218,-23.419483
move,-165.75095,-22.586542
move,-166.81685,-21.793993
move,-167.86272,-21.013262
move,-168.87956,-20.177345
move,-169.81894,-19.222864
move,-170.62115,-18.223404
move,-171.35782,-17.13243
move,-172.04059,-16.006708
move,-172.68396,-14.857988
move,-173.30038,-13.6814995
move,-173.87993,-12.499285
move,-174.43427,-11.241715
move,-174.89618,-9.984395
move,-175.25786,-8.694666
move,-175.50629,-7.37847
move,-175.66658,-6.0948753
move,-175.804,-4.913186
move,-175.9423,-3.5689492
move,-176.05327,-2.2453587
move,-176.15358,-0.9209036
move,-176.25476,0.41506967
move,-176.35689,1.7741361
move,-176.46863,3.1208558
move,-176.58104,4.4675183
move,-176.69633,5.848712
move,-176.8076,7.207058
move,-176.91821,8.577048
move,-177.03139,9.958419
move,-177.15172,11.339184
move,-177.27129,12.720014
move,-177.38663,14.101184
move,-177.4571,15.2887335
move,-177.5123,16.66199
move,-177.50699,17.978535
move,-177.41725,19.32656
move,-177.21236,20.650145
move,-176.87813,21.9588
move,-176.3868,23.204163
move,-175.74226,24.364555
move,-175.03653,25.306595
move,-174.14178,26.190601
move,-173.09698,26.990625
move,-171.94632,27.628162
move,-170.69267,28.131342
move,-169.44469,28.512503
move,-168.16905,28.838556
move,-166.86263,29.135715
move,-165.54237,29.423897
move,-164.28932,29.694965
move,-162.95938,29.992907
move,-161.61787,30.291952
move,-160.36208,30.679825
move,-159.20222,31.300922
move,-158.10585,32.107838
move,-157.15953,33.055458
move,-156.28471,34.054913
move,-155.39842,35.05963
move,-154.50192,36.055286
move,-153.58054,37.010593
move,-152.62604,37.679184
move,-151.41252,38.27206
move,-150.21436,38.759388
move,-148.97632,39.207733
move,-147.7344,39.645164
move,-146.4634,40.068832
move,-145.21622,40.453358
move,-143.93515,40.845688
move,-142.65045,41.264866
move,-141.41049,41.707684
move,-140.16983,42.213017
move,-138.97641,42.82149
move,-137.83606,43.502323
move,-136.69902,44.211025
move,-135.60205,44.959362
move,-134.57256,45.885128
move,-133.74802,46.88109
move,-132.98964,47.985138
move,-132.3265,49.1621
move,-131.80492,50.39538
move,-131.32808,51.647457
move,-130.89784,52.927532
move,-130.62643,54.25106
move,-130.42963,55.564575
move,-130.26292,56.89391
move,-130.12929,58.203785
move,-130.01479,59.53868
move,-129.90787,60.862614
move,-129.79642,62.17458
move,-129.6449,63.493862
move,-129.4179,64.77901
move,-129.10567,66.05786
move,-128.75018,67.313675
move,-128.3596,68.54676
move,-127.882515,69.773735
move,-127.3536,70.91601
move,-126.739685,72.06747
move,-126.04932,73.133446
move,-125.24557,74.14651
move,-124.3673,75.04779
move,-123.38149,75.88464
move,-122.31581,76.616455
move,-121.179276,77.20855
move,-120.00988,77.704605
move,-118.786224,78.12328
move,-117.453766,78.45888
move,-116.229195,78.69596
move,-114.937164,78.87871
move,-113.68183,78.97179
move,-112.400764,79.021736
move,-111.13132,79.073326
move,-109.87528,79.15813
move,-108.52892,79.27389
move,-107.113785,79.39882
move,-105.74284,79.49604
move,-104.36881,79.51872
move,-103.202896,79.48141
move,-101.8303,79.411316
move,-100.47126,79.309326
move,-99.089836,79.19689
move,-97.71779,79.11787
move,-96.35533,79.12756
move,-94.99098,79.2847
move,-93.67703,79.598
move,-92.394264,80.14297
move,-91.345924,80.989944
move,-90.575676,81.968605
move,-90.01128,83.116516
move,-89.679214,84.31774
move,-89.484184,85.54941
move,-89.353905,86.78992
move,-89.23544,88.06646
move,-89.10636,89.295456
move,-88.85899,90.54064
move,-88.40396,91.69941
move,-87.696655,92.7383
move,-86.79847,93.66754
move,-85.82034,94.42158
move,-84.70755,95.056335
move,-83.54179,95.53111
move,-82.3524,96.038315
move,-81.30211,96.74663
move,-80.4685,97.71575
move,-79.87799,98.82533
move,-79.518265,100.077515
move,-79.36702,101.4544
move,-79.339836,102.816864
move,-79.358025,104.191154
move,-79.40456,105.5648
move,-79.45255,106.78816
move,-79.49827,107.97695
move,-79.54375,109.35064
move,-79.57945,110.73619
move,-79.61457,112.11019
move,-79.649666,113.4842
move,-79.68506,114.86975
move,-79.716324,116.24384
move,-79.734535,117.61815
move,-79.74948,118.99248
move,-79.76078,120.15898
move,-79.76896,121.39482
move,-79.770386,122.58447
move,-79.76809,123.762566
move,-79.76579,124.929115
move,-79.76326,126.14187
move,-79.75965,127.51631
move,-79.74767,128.729
move,-79.71419,129.91815
move,-79.66035,131.09496
move,-79.54246,132.48729
move,-79.376305,133.64189
move,-79.13865,134.99557
move,-78.78735,136.3712
move,-78.286026,137.66321
move,-77.80492,138.8516
move,-77.350716,139.95117
move,-76.77018,141.04126
move,-76.098274,141.99419
move,-75.32422,142.91254
move,-74.35139,143.94756
move,-73.49917,144.76082
move,-72.583466,145.5379
move,-71.63907,146.24199
move,-70.39558,147.0833
move,-69.40769,147.6816
move,-68.251656,148.33571
move,-67.19479,148.90662
move,-66.102844,149.43338
move,-64.692375,149.90854
move,-63.32548,150.19882
move,-61.963165,150.45377
move,-60.688763,150.73413
move,-59.423946,151.1374
move,-58.24564,151.69623
move,-57.128822,152.43488
move,-56.121117,153.22725
move,-55.10535,154.08302
move,-54.120853,154.92215
move,-53.030827,155.75885
move,-51.877007,156.52638
move,-50.8508,157.128
move,-49.773895,157.65915
move,-48.64816,158.10997
move,-47.49687,158.52637
move,-46.348522,158.91624
move,-45.20802,159.29327
move,-44.05581,159.67169
move,-42.95013,160.04353
move,-41.83654,160.4618
move,-40.653618,160.95593
move,-39.594105,161.47038
move,-38.379486,162.18399
move,-37.26054,162.98125
move,-36.218838,163.87752
move,-35.373623,164.66466
move,-34.420273,165.6853
move,-33.74772,166.65147
move,-33.191048,167.67621
move,-32.67533,168.8372
move,-32.174953,170.10483
move,-31.783092,171.21577
move,-31.433125,172.3527
move,-31.082096,173.70528
move,-30.844357,174.87088
move,-30.596516,176.25803
move,-30.408644,177.40938
move,-30.244083,178.56424
move,-30.162365,179.75044
move,-30.153784,180.93997
move,-30.147917,182.11813
move,-30.140852,183.30768
move,-30.133863,184.49722
move,-30.124842,185.6752
move,-30.116394,186.86472
move,-30.108448,188.0427
move,-30.098879,189.22066
move,-30.087894,190.42172
move,-30.073887,191.83066
move,-30.061605,192.99709
move,-30.040508,194.17497
move,-30.015001,195.34123
move,-29.981657,196.76149
move,-29.94014,197.95041
move,-29.881517,199.12701
move,-29.94014,197.95041
move,-29.819117,200.33815
move,-29.785793,201.55037
move,-29.785896,202.73996
move,-29.79085,203.95271
move,-29.792122,205.17711
move,-29.79407,206.4015
move,-29.796772,207.62587
move,-29.799986,208.85027
move,-29.8028,210.05156
move,-29.805147,211.2644
move,-29.805925,212.4888
move,-29.802065,213.6901
move,-29.795307,214.87967
move,-29.787899,216.09232
move,-29.77508,217.30493
move,-29.736172,218.49384
move,-29.663897,219.71594
move,-29.567045,220.97115
move,-29.445763,222.15454
move,-29.25514,223.43378
move,-28.931974,224.76894
move,-28.436792,226.0499
move,-27.757027,227.21587
move,-26.869564,228.26335
move,-25.838322,229.15288
move,-24.716072,229.92555
move,-23.717245,230.50511
move,-22.473465,231.11607
move,-21.202013,231.66748
move,-19.915047,232.1497
move,-18.823017,232.52583
move,-17.714998,232.92578
move,-16.6492,233.42615
move,-15.657699,234.03973
move,-14.740046,234.77708
move,-13.951787,235.6357
move,-13.270583,236.61021
move,-12.606837,237.8393
move,-12.085961,239.12337
move,-11.693041,240.22176
move,-11.251239,241.53545
move,-10.832421,242.85661
move,-10.455416,244.17827
move,-10.1187525,245.51077
move,-9.801273,246.83612
move,-9.458565,248.1789
move,-9.014485,249.4425
move,-8.4581375,250.68626
move,-7.772855,251.84978
move,-6.923306,252.91397
move,-5.9386835,253.83846
move,-4.8696957,254.66437
move,-3.735121,255.39813
move,-2.583072,256.12595
move,-1.5560817,257.06772
move,-0.8758383,258.21588
move,-0.51353556,259.53976
move,-0.33451107,260.9133
move,-0.28136307,262.2518
move,-0.28750324,263.59164
move,-0.30468777,264.95456
move,-0.33077064,266.3287
move,-0.39118487,267.66714
move,-0.45511326,269.00546
move,-0.51485604,270.25146
move,-0.57937956,271.62436
move,-0.6446057,273.02032
move,-0.70910126,274.40472
move,-0.77150357,275.77762
move,-0.8315433,277.12784
move,-0.88430154,278.52435
move,-0.9195412,279.90988
move,-0.93678415,281.2958
move,-0.9236636,282.45065
move,-0.84707713,283.84586
move,-0.7091206,285.2481
move,-0.5368987,286.64664
move,-0.33823863,287.98325
move,-0.14941403,289.14615
move,0.025837252,290.29935
move,0.19365898,291.68674
move,0.32884723,293.08926
move,0.4097009,294.49588
move,0.46191177,295.85776
move,0.49937278,297.03525
move,0.5129708,298.43268
move,0.49179924,299.61063
move,0.443427,300.77615
move,0.37221786,301.94046
move,0.28484,303.11523
move,0.18873958,304.2778
move,0.07932854,305.63626
move,-0.042955987,307.0169
move,-0.18401909,308.39575
move,-0.30395946,309.56778
move,-0.4344975,310.93597
move,-0.5475554,312.32892
move,-0.6962288,313.71832
move,-0.9800631,315.12186
move,-1.3284736,316.37936
move,-1.7348357,317.58316
move,-2.1544166,318.77017
move,-2.6156297,319.99103
move,-3.1289778,321.14026
move,-3.7328062,322.28403
move,-4.397267,323.3666
move,-5.1521926,324.38788
move,-5.996637,325.33673
move,-6.8825583,326.27942
move,-7.7630744,327.22696
move,-8.517621,328.11633
move,-9.183488,329.10095
move,-9.683249,330.20438
move,-10.010178,331.38327
move,-10.179323,332.6182
move,-10.182964,333.87646
move,-10.106972,335.13303
move,-10.001785,336.38754
move,-9.877991,337.61716
move,-9.755972,338.87018
move,-9.64984,340.1015
move,-9.527323,341.2964
move,-9.4165745,342.56195
move,-9.389398,343.77417
move,-9.420055,345.00943
move,-9.4939785,346.21994
move,-9.612121,347.53128
move,-9.749225,348.71295
move,-9.87147,349.89624
move,-9.974681,351.20883
move,-10.0263195,352.37427
move,-10.012646,353.5519
move,-9.864964,354.9062
move,-9.631479,356.06067
move,-9.31204,357.18237
move,-8.840839,358.42374
move,-8.335745,359.48782
move,-7.74709,360.49445
move,-7.019794,361.5216
move,-6.236881,362.47745
move,-5.406287,363.34473
move,-4.481242,364.1986
move,-3.5468864,365.00742
move,-2.514334,365.89648
move,-1.7349603,366.8667
move,-1.2277588,367.9278
move,-0.8678109,369.24118
move,-0.6582671,370.56412
move,-0.5151449,371.88458
move,-0.40300843,373.21973
move,-0.334591,374.523
move,-0.29848394,375.86234
move,-0.24536121,377.20108
move,-0.17653814,378.55063
move,-0.12986897,379.878
move,-0.08487847,381.13614
move,-0.024043603,382.382
move,-0.0003623279,383.62912
move,-0.012228135,384.9226
move,-0.06511372,386.18042
move,-0.1454028,387.45993
move,-0.24386086,388.71503
move,-0.33305904,389.9939
move,-0.40826648,391.23904
move,-0.42586267,392.5094
move,-0.4294628,393.13315
cluster,1377
move,-0.42969108,393.77994
move,-10,-352.5
move,-9.47361,-351.7759
move,-8.886028,-350.83554
move,-8.336463,-349.86047
move,-7.793549,-348.88168
move,-8.336463,-349.86047
move,-7.2513742,-347.92587
move,-6.656904,-347.00214
move,-5.983331,-346.1341
move,-5.2554345,-345.29736
move,-4.5361166,-344.4936
move,-3.81155,-343.66745
move,-3.104849,-342.83926
move,-4.5361166,-344.4936
move,-2.4319704,-341.98364
move,-1.822238,-341.07
move,-1.3408045,-340.08353
move,-1.0393258,-339.04868
move,-0.83422863,-337.97974
move,-0.69925255,-336.88928
move,-0.62060124,-335.8137
move,-0.5623674,-334.73666
move,-0.5073322,-333.63898
move,-0.45385313,-332.56168
move,-0.3997192,-331.4641
move,-0.3383821,-330.38733
move,-0.2539345,-329.2713
move,-0.15350725,-328.19745
move,-0.061597224,-327.10248
move,0.025704041,-326.00708
move,0.10174705,-324.90073
move,0.17128466,-323.7836
move,0.25841278,-322.67804
move,0.3409983,-321.59235
move,0.4515673,-320.31696
move,0.5945741,-318.94556
move,0.7445399,-317.5876
move,0.90240353,-316.2178
move,1.0837301,-314.83813
move,1.2549175,-313.4699
move,1.4098315,-312.09982
move,1.5312362,-310.701
move,1.5984145,-309.29843
move,1.6298798,-307.9073
move,1.6489729,-306.46533
move,1.6644434,-305.0738
move,1.7054222,-303.64508
move,1.8600559,-302.22498
move,2.231899,-300.8595
move,2.7764885,-299.55228
move,3.4492555,-298.29163
move,4.2810884,-297.0377
move,5.2302465,-295.88666
move,6.3109064,-294.7674
move,7.3235626,-293.6885
move,8.164378,-292.5805
move,8.906162,-291.35934
move,9.570167,-290.05093
move,10.091065,-288.7754
move,10.402188,-287.3951
move,10.476237,-286.03183
move,10.3827915,-284.65668
move,10.159927,-283.2707
move,9.809463,-281.9246
move,9.300436,-280.61703
move,8.620049,-279.4044
move,7.7654023,-278.27536
move,6.820641,-277.27182
move,5.7602587,-276.35196
move,4.662908,-275.4557
move,3.6191156,-274.5551
move,2.6040444,-273.5671
move,1.6886449,-272.4705
move,0.9910158,-271.29553
move,0.5284767,-270.0767
move,0.24834076,-268.81458
move,0.10116662,-267.51794
move,0.00880927,-266.20453
move,-0.071176425,-264.8903
move,-0.11575209,-263.56302
move,-0.1025257,-262.29242
move,-0.0871841,-260.97565
move,-0.07245124,-259.67044
move,-0.059709657,-258.3883
move,-0.0483995,-257.10614
move,-0.03984187,-255.82404
move,-0.030495338,-254.57677
move,-0.021213565,-253.31795
move,-0.008323597,-252.05907
move,0.0066984314,-250.81175
move,0.024821179,-249.50677
move,0.045299765,-248.30576
move,0.0652719,-247.05849
move,0.088152096,-245.79974
move,0.13189733,-244.57623
move,0.18525475,-243.3415
move,0.27160373,-242.09721
move,0.37659732,-240.88899
move,0.5075178,-239.66013
move,0.659397,-238.4337
move,0.81678367,-237.21957
move,0.97632927,-236.00575
move,1.1740198,-234.78589
move,1.4204364,-233.5631
move,1.7110541,-232.3739
move,2.0907133,-231.11333
move,2.5519025,-229.8556
move,3.0593684,-228.71638
move,3.657085,-227.62204
move,4.3616223,-226.60765
move,5.209643,-225.67824
move,6.1319127,-224.85616
move,7.1225395,-224.09853
move,8.186445,-223.38338
move,9.239066,-222.75856
move,10.362368,-222.19067
move,11.524269,-221.70662
move,12.736288,-221.28934
move,13.985236,-220.95354
move,15.228671,-220.69328
move,16.505852,-220.48836
move,17.76681,-220.33324
move,19.088324,-220.19972
move,20.36566,-220.09006
move,21.69065,-219.99734
move,23.040354,-219.93137
move,24.402555,-219.8882
move,25.707468,-219.86348
move,27.058733,-219.84848
move,28.410082,-219.84549
move,29.715237,-219.84708
move,31.055006,-219.83896
move,32.38277,-219.80432
move,33.709675,-219.74467
move,35.04808,-219.6836
move,36.397896,-219.61937
move,37.745785,-219.52382
move,39.092365,-219.31877
move,40.390102,-218.9069
move,41.628536,-218.3129
move,42.804054,-217.53754
move,43.890648,-216.62335
move,44.864563,-215.67014
move,45.830166,-214.64404
move,46.79377,-213.56895
move,47.799423,-212.56837
move,48.952694,-211.84776
move,50.25292,-211.3738
move,51.638416,-211.0616
move,53.00778,-210.84782
move,54.39137,-210.6508
move,55.765797,-210.47217
move,57.165974,-210.31406
move,58.55755,-210.18524
move,59.950596,-210.07329
move,61.355774,-209.96806
move,62.73794,-209.86485
move,64.119865,-209.75871
move,65.46576,-209.6377
move,66.89991,-209.47226
move,68.22461,-209.27225
move,69.54086,-209.02261
move,70.8691,-208.71747
move,72.197464,-208.32385
move,73.439705,-207.7662
move,74.595,-207.02351
move,75.63558,-206.14455
move,76.58896,-205.1872
move,77.40011,-204.27037
move,78.172966,-203.26228
move,78.891525,-202.13206
move,79.493324,-200.91003
move,79.89192,-199.81416
move,80.22327,-198.5641
move,80.47967,-197.2258
move,80.65351,-195.86253
move,80.73526,-194.47939
move,80.719666,-193.0936
move,80.67218,-191.7547
move,80.62397,-190.41585
move,80.57521,-189.03075
move,80.53724,-187.67998
move,80.5471,-186.31732
move,80.62155,-184.93341
move,80.746445,-183.5531
move,80.95979,-182.18419
move,81.30462,-180.83038
move,81.75801,-179.50874
move,82.32792,-178.18265
move,83.018074,-176.96884
move,83.870476,-175.87733
move,84.86137,-174.87622
move,85.921036,-173.96552
move,87.07243,-173.11443
move,88.28738,-172.40251
move,89.579315,-171.84186
move,90.92522,-171.42612
move,92.27794,-171.12529
move,93.65659,-170.8968
move,95.041374,-170.70844
move,96.4289,-170.5413
move,97.84009,-170.3775
move,99.19414,-170.22269
move,100.55967,-170.06645
move,101.959816,-169.90796
move,103.248856,-169.80032
move,104.597946,-169.72258
move,105.94668,-169.63986
move,107.28167,-169.5269
move,108.611916,-169.3683
move,109.93215,-169.08417
move,111.17403,-168.61731
move,112.37143,-167.92336
move,113.42196,-166.98735
move,114.26908,-165.96503
move,115.12229,-164.78621
move,115.87795,-163.75066
move,116.754265,-162.73866
move,117.75324,-161.92097
move,118.91501,-161.33197
move,120.11749,-160.96054
move,121.390724,-160.67503
move,122.655846,-160.46782
move,123.96064,-160.29149
move,125.257965,-160.14911
move,126.55727,-160.02573
move,127.8813,-159.92052
move,129.2197,-159.8604
move,130.50124,-159.82521
move,131.8292,-159.79295
move,133.134,-159.76259
move,134.41566,-159.73222
move,135.76637,-159.69167
move,137.01257,-159.6373
move,138.3112,-159.51138
move,139.57225,-159.22656
move,140.782,-158.80399
move,141.98018,-158.28676
move,143.13838,-157.71106
move,144.25526,-157.05894
move,145.31328,-156.2962
move,146.2548,-155.39395
move,147.0459,-154.40068
move,147.74187,-153.32446
move,148.33498,-152.17545
move,148.7949,-151.00403
move,149.16585,-149.78917
move,149.45184,-148.53957
move,149.6598,-147.30974
move,149.8259,-146.07347
move,149.98279,-144.81268
move,150.13841,-143.56343
move,150.31377,-142.30519
move,150.60242,-141.10425
move,151.03287,-139.90942
move,151.61957,-138.75806
move,152.39987,-137.75801
move,153.36815,-136.88437
move,154.38896,-136.10878
move,155.45773,-135.30078
move,156.43361,-134.50607
move,157.35919,-133.53867
move,158.13791,-132.50656
move,158.74817,-131.34203
move,159.15634,-130.10333
move,159.4404,-128.79434
move,159.6424,-127.45838
move,159.79443,-126.06917
move,159.92772,-124.73602
move,160.05103,-123.45992
move,160.1436,-122.13499
move,160.19511,-120.796196
move,160.24144,-119.480286
move,160.28673,-118.15282
move,160.33583,-116.80235
move,160.38966,-115.48676
move,160.45091,-114.15993
move,160.52818,-112.84557
move,160.66049,-111.50085
move,160.85857,-110.18768
move,161.16663,-108.8725
move,161.61461,-107.598564
move,162.21864,-106.40372
move,162.93852,-105.30186
move,163.77171,-104.28364
move,164.75885,-103.41537
move,165.88979,-102.72074
move,167.09921,-102.14535
move,168.35864,-101.65603
move,169.61899,-101.2371
move,170.9275,-100.85624
move,172.25342,-100.54167
move,173.55992,-100.303116
move,174.87534,-100.119225
move,176.19458,-99.964905
move,177.53941,-99.83238
move,178.87451,-99.71979
move,180.18669,-99.61051
move,181.51039,-99.50032
move,182.84558,-99.389175
move,184.15784,-99.28052
move,185.48169,-99.17214
move,186.78218,-99.06271
move,188.0934,-98.94266
move,189.40205,-98.797775
move,190.68233,-98.61295
move,191.94864,-98.3509
move,193.1892,-97.947624
move,194.37173,-97.39695
move,195.46107,-96.70099
move,196.42525,-95.85768
move,197.28914,-94.86512
move,198.03984,-93.7839
move,198.67938,-92.65991
move,199.21584,-91.483246
move,199.63852,-90.28544
move,199.99695,-89.03059
move,200.3149,-87.7648
move,200.59195,-86.536736
move,200.85336,-85.29344
move,201.11116,-84.06121
move,201.40675,-82.73087
move,201.75954,-81.53473
move,202.21262,-80.37311
move,202.80208,-79.24843
move,203.52042,-78.18704
move,204.3029,-77.20095
move,205.18442,-76.20765
move,206.05472,-75.330444
move,207.01645,-74.46541
move,207.96437,-73.56897
move,208.74951,-72.54327
move,209.35739,-71.36365
move,209.7824,-70.130646
move,210.10036,-68.84117
move,210.38567,-67.520325
move,210.62607,-66.214096
move,210.81734,-64.92309
move,210.98384,-63.593685
move,211.12695,-62.30803
move,211.27145,-60.999283
move,211.41228,-59.713375
move,211.49911,-58.422943
move,211.4999,-57.152584
move,211.471,-55.893967
move,211.44048,-54.61227
move,211.45624,-53.319073
move,211.61378,-52.082714
move,211.89615,-50.832188
move,212.24934,-49.625343
move,212.79034,-48.46374
move,212.24934,-49.625343
move,213.42766,-47.378574
move,214.19742,-46.39866
move,215.07889,-45.467903
move,215.95682,-44.598106
move,216.86641,-43.711075
move,217.76294,-42.84383
move,218.61234,-41.91827
move,219.15211,-40.773163
move,219.37947,-39.537636
move,219.43019,-38.29148
move,219.45341,-37.02119
move,219.47781,-35.75094
move,219.51668,-34.49263
move,219.59673,-33.24787
move,219.68912,-32.015472
move,219.77512,-30.747906
move,219.83287,-29.501862
move,219.88374,-28.267065
move,219.93513,-27.020731
move,219.9802,-25.774143
move,220.0236,-24.527496
move,220.06465,-23.280771
move,220.09604,-22.045345
move,220.10808,-20.694061
move,220.09978,-19.481346
move,220.0894,-18.106945
move,220.08047,-16.917337
move,220.07199,-15.704623
move,220.06436,-14.503448
move,220.05644,-13.256074
move,220.04883,-12.031801
move,220.04816,-10.819055
move,220.05037,-9.60631
move,220.05225,-8.393562
move,220.04556,-7.169286
move,220.03618,-5.9103723
move,220.02736,-4.732307
move,220.02556,-3.5195768
move,220.03012,-2.3183863
move,220.0351,-0.83999497
move,220.03857,0.3727498
move,220.04227,1.6085942
move,220.04591,2.8328888
move,220.04956,4.0571837
move,220.05212,5.28148
move,220.05446,6.540427
move,220.05696,7.764724
move,220.05995,8.977471
move,220.06566,10.213302
move,220.07402,11.414475
move,220.08258,12.638745
move,220.09117,13.874565
move,220.09966,15.087286
move,220.1081,16.300007
move,220.11665,17.524282
move,220.1251,18.737013
move,220.1335,19.938185
move,220.14188,21.150913
move,220.15034,22.363644
move,220.15866,23.564821
move,220.16707,24.765999
move,220.17569,26.001823
move,220.18427,27.237654
move,220.1929,28.473484
move,220.20178,29.74396
move,220.20549,30.968254
move,220.20413,32.227203
move,220.19727,33.451466
move,220.17104,34.698563
move,220.1064,35.96731
move,219.97513,37.230858
move,219.76874,38.5194
move,219.4994,39.749023
move,219.1287,40.999973
move,218.60887,42.20842
move,217.94238,43.302708
move,217.13312,44.32573
move,216.11423,45.347675
move,215.05579,46.223824
move,213.84299,47.047836
move,212.66122,47.702747
move,211.4152,48.28192
move,210.12856,48.764225
move,208.7718,49.143143
move,207.4153,49.426582
move,206.03537,49.64686
move,204.6916,49.78813
move,203.30905,49.88521
move,201.91295,49.94861
move,200.59703,49.99297
move,199.24643,50.037975
move,197.86122,50.084145
move,196.54523,50.125607
move,195.20615,50.167202
move,193.86707,50.20882
move,192.49324,50.25056
move,191.40807,50.28496
move,190.04588,50.329365
move,188.69531,50.376446
move,187.33342,50.428345
move,185.97214,50.493828
move,184.62384,50.58468
move,185.97214,50.493828
move,183.27876,50.713703
move,181.94095,50.903915
move,180.58852,51.148262
move,179.26038,51.45337
move,177.93933,51.871235
move,176.6642,52.413578
move,175.43698,53.057
move,174.28113,53.79946
move,173.21378,54.700012
move,172.29523,55.705696
move,171.50427,56.828606
move,170.8621,58.029945
move,170.33162,59.309948
move,169.915,60.61928
move,169.59833,61.98018
move,169.37839,63.2899
move,169.24817,64.6346
move,169.21364,66.00847
move,169.2354,67.371124
move,169.32347,68.696335
move,169.4303,70.04344
move,169.52187,71.35689
move,169.58919,72.671844
move,169.6493,73.9872
move,169.7089,75.291016
move,169.77058,76.640976
move,169.83237,77.99092
move,169.89244,79.30628
move,169.95361,80.64471
move,170.01746,82.04081
move,170.08179,83.44846
move,170.14406,84.809944
move,170.2068,86.182976
move,170.27122,87.590576
move,170.31874,88.96415
move,170.31482,90.35003
move,170.25116,91.72289
move,170.14284,93.069855
move,169.99202,94.447556
move,169.77945,95.80528
move,169.5096,97.11756
move,169.17372,98.41436
move,168.74084,99.681946
move,168.20949,100.911446
move,167.55617,102.09352
move,166.75842,103.16848
move,165.75711,104.157814
move,164.64839,104.9488
move,163.46364,105.71161
move,162.39702,106.60987
move,161.67796,107.52672
move,160.98326,108.79085
move,160.54942,109.88564
move,160.13779,111.281166
move,159.87071,112.41658
move,159.68417,113.556145
move,159.5677,114.716774
move,159.4679,115.91381
move,159.42569,117.333595
move,159.43245,118.754234
move,159.4396,120.17487
move,159.44672,121.58396
move,159.45387,123.01616
move,159.46089,124.4137
move,159.46797,125.822784
move,159.47498,127.22032
move,159.48207,128.64098
move,159.48895,130.01546
move,159.49602,131.42459
move,159.50288,132.79907
move,159.5098,134.17355
move,159.51656,135.55959
move,159.48215,136.92188
move,159.35532,138.3017
move,159.08928,139.61363
move,158.60321,140.87279
move,157.89798,142.03728
move,156.99841,143.05905
move,155.981,143.94792
move,154.89214,144.86034
move,153.82979,145.75047
move,152.74123,146.6633
move,151.90733,147.47668
move,151.21309,148.71062
move,150.86835,149.82408
move,150.6322,151.00166
move,150.41855,152.42946
move,150.24203,153.67598
move,150.06711,154.91107
move,149.89214,156.1462
move,149.71883,157.36984
move,149.54062,158.6278
move,149.36247,159.8507
move,149.0713,161.07413
move,148.59645,162.21402
move,147.94951,163.27927
move,147.03058,164.32893
move,145.97298,165.187
move,144.78442,165.89705
move,143.53885,166.50491
move,142.27115,167.09323
move,141.00948,167.667
move,139.73402,168.23819
move,138.45088,168.76189
move,137.1246,169.20108
move,135.76772,169.53441
move,134.3654,169.76016
move,132.98834,169.91685
move,131.60878,170.05046
move,130.22746,170.16473
move,128.86652,170.23686
move,127.493286,170.29527
move,126.13166,170.35316
move,124.79341,170.41743
move,123.45537,170.48676
move,122.12931,170.56294
move,120.81583,170.75194
move,119.56045,171.17822
move,118.38967,171.8499
move,117.36693,172.71262
move,116.43856,173.6786
move,115.51342,174.64772
move,114.59344,175.6057
move,113.56133,176.4941
move,112.49018,177.23894
move,111.325,177.85025
move,110.090324,178.33904
move,108.80611,178.71953
move,107.510124,179.01
move,106.2039,179.25067
move,104.8791,179.4498
move,103.51056,179.57411
move,104.8791,179.4498
move,102.21859,179.63873
move,100.89142,179.69304
move,99.57575,179.74596
move,98.26043,179.80602
move,96.94586,179.88072
move,95.585785,179.96815
move,94.28644,180.09062
move,92.9584,180.26697
move,91.657646,180.53296
move,90.51918,180.87698
move,89.2531,181.38008
move,88.04045,182.0011
move,86.845695,182.7473
move,85.725685,183.6202
move,84.71963,184.58946
move,83.80255,185.61292
move,82.947716,186.7324
move,82.22685,187.90204
move,81.59915,189.15019
move,81.066605,190.45442
move,80.65093,191.76414
move,80.33897,193.11427
move,80.104004,194.46837
move,79.93285,195.82025
move,79.84572,197.1802
move,79.79508,198.49591
move,79.75848,199.82365
move,79.7215,201.16293
move,79.68484,202.49068
move,79.647026,203.86461
move,79.60884,205.19229
move,79.55677,206.53105
move,79.485306,207.85735
move,79.37527,209.19244
move,79.17265,210.5281
move,78.82996,211.84636
move,78.294685,213.12352
move,77.62317,214.28238
move,76.84831,215.38861
move,75.9233,216.3713
move,74.83355,217.16713
move,73.6722,217.76064
move,72.41173,218.24672
move,71.118,218.63605
move,69.776596,218.93428
move,68.42961,219.14146
move,67.07704,219.3087
move,65.69657,219.43149
move,64.33632,219.5159
move,62.91715,219.58028
move,61.54341,219.62413
move,60.13471,219.65768
move,58.714397,219.6888
move,57.30554,219.71584
move,55.885532,219.75627
move,54.724003,219.86142
move,53.350372,220.04585
move,51.935867,220.2702
move,50.57627,220.53809
move,49.270157,220.9623
move,48.023037,221.53847
move,46.85875,222.22356
move,45.796413,223.00035
move,44.794514,223.97221
move,44.011986,225.01595
move,43.26206,226.09819
move,42.371887,227.09598
move,41.313522,227.85562
move,40.162598,228.41743
move,38.93685,228.82903
move,37.64211,229.12352
move,36.33855,229.30774
move,35.018147,229.45195
move,33.67471,229.59799
move,32.34272,229.7425
move,31.020338,229.86674
move,29.684246,229.966
move,28.347382,230.05455
move,27.06756,230.12968
move,25.763134,230.17131
move,24.481394,230.19936
move,23.211205,230.22716
move,21.952509,230.25244
move,20.693829,230.2783
move,19.435148,230.30438
move,18.222652,230.32957
move,16.987078,230.35526
move,15.751494,230.38092
move,14.550554,230.40588
move,13.349614,230.43082
move,12.148672,230.45569
move,10.947732,230.48062
move,9.735243,230.50581
move,8.511335,230.53648
move,7.3243203,230.61238
move,6.138642,230.79985
move,4.9948435,231.19519
move,3.9809618,231.8944
move,3.2135596,232.81439
move,2.655789,233.91495
move,2.2949169,235.08386
move,2.064081,236.33284
move,1.9232228,237.57211
move,1.8263836,238.81577
move,1.7477709,240.03748
move,1.6975201,241.2492
move,1.6475189,242.53035
move,1.6339658,243.74292
move,1.6474277,244.9671
move,1.6654315,246.21437
move,1.6339658,243.74292
move,1.6829766,247.42699
move,1.7008204,248.6627
move,1.7186836,249.89842
move,1.736546,251.13414
move,1.7546883,252.39296
move,1.7731605,253.67488
move,1.78259,255.0262
move,1.7660686,256.25037
move,1.7414341,257.52063
move,1.7170265,258.77936
move,1.6925262,260.03806
move,1.6679186,261.30832
move,1.6429884,262.59012
move,1.6172639,263.88348
move,1.5970845,265.17694
move,1.6927927,266.51178
move,1.9488229,267.79132
move,2.3028312,269.0951
move,2.741736,270.34845
move,3.3180244,271.6079
move,4.075621,272.73886
move,5.0126057,273.75888
move,6.0224085,274.63892
move,7.101917,275.50824
move,8.158665,276.42188
move,9.075689,277.47397
move,9.783724,278.6771
move,10.294368,280.0013
move,10.597263,281.32922
move,10.736125,282.73077
move,10.748779,284.09338
move,10.675223,285.47714
move,10.477702,286.84808
move,10.09124,288.1659
move,9.524407,289.39148
move,8.8173275,290.54236
move,7.9961033,291.615
move,7.1031876,292.58215
move,6.1434712,293.48337
move,5.1447315,294.34134
move,4.1240544,295.19128
move,3.1421475,296.0333
move,2.2111998,296.94705
move,1.4080323,297.97452
move,0.73264223,299.1039
move,0.2012386,300.3077
move,-0.19528581,301.5868
move,-0.4461264,302.87863
move,-0.57183605,304.23538
move,-0.6360241,305.51575
move,-0.67697567,306.84332
move,-0.6731208,308.17148
move,-0.6244054,309.4525
move,-0.5437969,310.81302
move,-0.43067834,312.12485
move,-0.28882807,313.41052
move,-0.114028804,314.6922
move,0.08972483,315.93457
move,0.32398206,317.18338
move,0.58544147,318.47394
move,0.84851736,319.72873
move,1.1115818,320.99524
move,1.340302,322.20972
move,1.5351807,323.38318
move,1.678954,324.55246
move,1.775376,325.73807
move,1.820696,326.91516
move,1.7903143,328.28885
move,1.6682373,329.46033
move,1.4622641,330.7842
move,1.2364538,332.1049
move,1.0428805,333.45374
move,0.95458055,334.79047
move,0.9145633,336.12958
move,0.9585498,337.44513
move,1.1509689,338.75797
move,1.5587207,340.00882
move,2.0987892,341.18372
move,2.7633777,342.34656
move,3.4387085,343.31128
move,4.220309,344.22284
move,5.183867,345.15298
move,6.2067294,346.01828
move,7.1334987,346.93555
move,7.9144254,348.04944
move,8.465752,349.24414
move,8.893206,350.5013
move,9.231097,351.77386
move,9.539182,353.08957
move,9.802269,354.37973
move,10.0307255,355.6999
move,10.245352,357.02234
move,10.424393,358.3617
move,10.568211,359.69376
move,10.71564,361.02527
move,10.857583,362.36923
move,10.958745,363.73962
move,10.97344,365.09082
move,10.928307,366.4528
move,10.828178,367.78867
move,10.70414,368.93698
move,10.5477085,370.06967
cluster,4967
move,10.512147,370.29794
move,10.293839,371.61975
move,40,-365.5
move,39.98397,-365.27676
move,39.897243,-364.0692
move,39.81114,-362.87183
move,39.722034,-361.68478
move,39.56604,-360.5152
move,39.306923,-359.385
move,38.95405,-358.26953
move,38.518112,-357.21747
move,37.90994,-356.2198
move,37.162117,-355.37473
move,36.288723,-354.62817
move,35.304855,-353.97754
move,34.29251,-353.47842
move,33.201225,-353.08698
move,32.0767,-352.80362
move,30.943819,-352.55444
move,29.82086,-352.30765
move,28.697884,-352.06085
move,27.564999,-351.81183
move,26.421598,-351.56332
move,25.24849,-351.3618
move,24.137974,-351.2223
move,22.98387,-351.1062
move,21.819056,-350.99487
move,20.613716,-350.87973
move,19.45903,-350.76935
move,18.29419,-350.6582
move,17.129358,-350.54703
move,15.943689,-350.4403
move,14.655311,-350.30704
move,13.220966,-350.15768
move,11.800297,-350.00027
move,10.396615,-349.7313
move,8.970645,-349.38586
move,7.4597054,-348.81393
move,6.2094293,-348.0483
move,5.072946,-347.14163
move,4.080561,-346.04575
move,3.2945802,-344.82306
move,2.6533382,-343.51755
move,2.0874023,-342.1639
move,1.5977999,-340.76736
move,1.220672,-339.33664
move,0.96817476,-337.8915
move,0.82200646,-336.419
move,0.78195685,-334.91446
move,0.8316364,-333.43542
move,0.9197348,-331.95807
move,1.0283705,-330.52
move,1.1373214,-329.09467
move,1.2431401,-327.63116
move,1.3197935,-326.33044
move,1.3588533,-324.92706
move,1.3132952,-323.30872
move,1.1868975,-321.85965
move,0.9901079,-320.41833
move,0.74468297,-318.98447
move,0.48691827,-317.53986
move,0.2583746,-316.10327
move,0.08777518,-314.6585
move,-0.049778607,-313.18506
move,-0.15426347,-311.7214
move,-0.2641661,-310.2201
move,-0.3640718,-308.68002
move,-0.35455006,-307.23834
move,-0.23509093,-305.69986
move,-0.031904466,-304.22137
move,0.2789831,-302.7359
move,0.6938623,-301.27597
move,1.1891147,-299.82773
move,1.7805843,-298.41635
move,2.3895154,-297.2938
move,3.23082,-296.06128
move,4.171607,-294.85413
move,5.205815,-293.69214
move,6.1422157,-292.8053
move,7.177036,-292.03583
move,8.38174,-291.36755
move,9.691488,-290.8637
move,11.058813,-290.49396
move,12.40161,-290.24475
move,13.811545,-290.10913
move,15.163939,-290.05466
move,16.54241,-290.0223
move,18.110687,-289.98996
move,19.678957,-289.95764
move,21.221912,-289.92474
move,22.790094,-289.88818
move,24.237637,-289.8463
move,25.668825,-289.79294
move,27.121407,-289.70535
move,28.50836,-289.53793
move,29.659397,-289.28806
move,31.008642,-288.88358
move,32.33965,-288.29803
move,33.541443,-287.5856
move,34.69587,-286.73907
move,35.59634,-285.96176
move,36.620453,-284.99423
move,37.432064,-284.14044
move,38.344284,-283.037
move,39.153114,-281.82812
move,39.695965,-280.48358
move,39.96761,-279.1015
move,40.133633,-277.67917
move,40.239536,-276.26245
move,40.330585,-274.8447
move,40.411907,-273.41473
move,40.480503,-272.20383
move,40.55925,-270.8085
move,40.651707,-269.41394
move,40.774593,-267.96387
move,40.92973,-266.58667
move,41.086895,-265.43076
move,41.307354,-264.03897
move,41.56081,-262.6529
move,41.795227,-261.5101
move,42.097694,-260.13388
move,42.384827,-258.71927
move,42.567875,-257.33405
move,42.700203,-255.93108
move,42.80281,-254.52582
move,42.845417,-253.10603
move,42.80069,-251.74399
move,42.71076,-250.37253
move,42.61209,-248.99005
move,42.51465,-247.63065
move,42.417824,-246.2712
move,42.32919,-244.87651
move,42.292995,-243.50269
move,42.35932,-242.13086
move,42.649734,-240.80081
move,43.125175,-239.52419
move,43.736294,-238.30652
move,44.42727,-237.1999
move,45.271786,-236.11615
move,46.160316,-235.12895
move,47.072876,-234.14798
move,47.86297,-233.14075
move,48.499176,-231.94978
move,48.995842,-230.71826
move,49.40184,-229.4417
move,49.70714,-228.17307
move,49.934593,-226.86464
move,50.07564,-225.54408
move,50.156693,-224.20685
move,50.207516,-222.85648
move,50.25728,-221.49449
move,50.305363,-220.17867
move,50.35509,-218.8167
move,50.39649,-217.4545
move,50.405163,-216.11473
move,50.412506,-214.76335
move,50.419815,-213.41196
move,50.427155,-212.06058
move,50.434452,-210.72075
move,50.44167,-209.38092
move,50.4488,-208.0642
move,50.456028,-206.7359
move,50.463047,-205.44226
move,50.470184,-204.13708
move,50.477432,-202.79724
move,50.48542,-201.33035
move,50.492016,-200.11757
move,50.499176,-198.80083
move,50.50609,-197.53029
move,50.512993,-196.24817
move,50.52002,-194.95456
move,50.52702,-193.66092
move,50.53413,-192.35573
move,50.54101,-191.08517
move,50.54807,-189.79153
move,50.555046,-188.4979
move,50.54807,-189.79153
move,50.56153,-187.29666
move,50.5679,-186.11853
move,50.574272,-184.9404
move,50.580685,-183.76227
move,50.58685,-182.59569
move,50.586952,-181.41754
move,50.58371,-180.08919
move,50.58053,-178.77238
move,50.577274,-177.43248
move,50.57405,-176.10414
move,50.570755,-174.74115
move,50.56074,-173.35518
move,50.53508,-171.98102
move,50.50871,-170.5838
move,50.481453,-169.18658
move,50.42507,-167.80182
move,50.31844,-166.3968
move,50.13383,-164.94186
move,49.876823,-163.58006
move,49.54952,-162.22153
move,49.144062,-160.90858
move,48.645348,-159.61557
move,48.047802,-158.33975
move,47.361168,-157.14966
move,46.574226,-156.03752
move,45.681156,-155.00864
move,44.72984,-154.01663
move,43.786057,-153.03342
move,42.98218,-152.15665
move,42.200485,-151.11261
move,41.57384,-149.90414
move,41.134453,-148.61488
move,40.82353,-147.27637
move,40.60124,-145.92012
move,40.430405,-144.57967
move,40.28979,-143.24725
move,40.16148,-141.9136
move,40.074818,-140.57666
move,39.999493,-139.22742
move,39.93588,-137.90071
move,39.885193,-136.57346
move,39.857006,-135.234
move,39.83822,-133.89432
move,39.819115,-132.53154
move,39.801155,-131.2496
move,39.789635,-129.90987
move,39.814003,-128.54723
move,39.848618,-127.16163
move,39.85437,-125.76418
move,39.812077,-124.36731
move,39.710197,-122.96211
move,39.536247,-121.57555
move,39.315136,-120.230804
move,38.908733,-118.897064
move,38.205116,-117.73282
move,37.28419,-116.69886
move,36.235065,-115.79427
move,35.093475,-115.00905
move,33.92528,-114.242355
move,33.005585,-113.24807
move,32.405064,-112.02638
move,32.03057,-110.9343
move,31.714493,-109.66828
move,31.470358,-108.36278
move,31.258638,-107.039825
move,31.051695,-105.69274
move,30.862514,-104.354836
move,30.749578,-103.03145
move,30.647104,-101.73034
move,30.543829,-100.39451
move,30.446712,-99.05825
move,30.35222,-97.71021
move,30.263632,-96.384926
move,30.181501,-95.047615
move,30.100058,-93.72182
move,30.016989,-92.372986
move,29.93707,-91.058716
move,29.853727,-89.686806
move,29.768257,-88.37289
move,29.605362,-87.06645
move,29.42824,-85.76173
move,29.253273,-84.46836
move,29.120483,-83.170105
move,29.007328,-81.84672
move,28.844275,-80.56366
move,28.576069,-79.27502
move,28.176863,-78.021034
move,27.628517,-76.82484
move,26.951328,-75.7236
move,26.110016,-74.727844
move,25.114498,-73.86776
move,24.00046,-73.124626
move,22.850935,-72.50732
move,21.714,-71.99451
move,20.386528,-71.48894
move,19.165089,-71.09993
move,17.887098,-70.78447
move,16.623165,-70.571045
move,15.268146,-70.42542
move,14.001451,-70.32774
move,12.617386,-70.25466
move,11.405268,-70.218925
move,9.950133,-70.235146
move,8.7729225,-70.28069
move,7.5736146,-70.34776
move,6.374593,-70.42001
move,5.163312,-70.47939
move,3.950733,-70.49209
move,2.7622828,-70.44221
move,1.5658807,-70.33588
move,0.36299896,-70.18197
move,-0.78959095,-70.00208
move,-1.9545974,-69.82694
move,-3.0982332,-69.66574
move,-4.490455,-69.54504
move,-5.6651845,-69.455986
move,-7.035937,-69.35525
move,-8.212057,-69.288315
move,-9.378166,-69.25713
move,-10.798727,-69.24195
move,-12.161499,-69.25724
move,-13.558548,-69.2947
move,-14.932505,-69.33154
move,-16.098637,-69.36279
move,-17.472591,-69.399635
move,-18.869638,-69.43712
move,-20.23205,-69.47366
move,-21.606007,-69.510475
move,-23.002996,-69.54979
move,-24.364708,-69.606606
move,-25.726732,-69.65539
move,-26.904074,-69.69759
move,-28.28938,-69.74027
move,-29.663794,-69.75032
move,-31.049711,-69.76489
move,-32.2046,-69.78053
move,-33.578926,-69.7992
move,-34.72227,-69.81472
move,-36.108143,-69.83351
move,-37.50559,-69.85029
move,-38.868458,-69.85817
move,-40.231342,-69.865005
move,-41.397827,-69.87685
move,-42.552723,-69.893814
move,-43.95014,-69.912445
move,-45.128162,-69.92684
move,-46.3293,-69.94067
move,-47.611275,-69.955956
move,-48.81245,-69.951935
move,-50.025177,-69.9434
move,-51.22636,-69.93495
move,-52.473732,-69.92618
move,-53.674915,-69.91795
move,-54.91075,-69.911156
move,-56.123486,-69.90532
move,-57.35932,-69.899376
move,-58.629807,-69.89326
move,-59.842495,-69.88217
move,-61.11173,-69.828476
move,-62.34145,-69.70715
move,-63.578728,-69.478546
move,-64.78401,-69.08024
move,-65.890434,-68.53219
move,-66.893364,-67.77573
move,-67.72576,-66.78843
move,-68.34461,-65.6935
move,-68.83061,-64.495384
move,-69.16449,-63.282192
move,-69.37471,-62.00623
move,-69.48022,-60.752106
move,-69.52264,-59.505455
move,-69.57472,-58.259163
move,-69.63083,-57.001484
move,-69.685425,-55.77842
move,-69.740685,-54.52069
move,-69.81719,-53.298805
move,-69.89828,-52.06562
move,-69.96568,-50.808556
move,-70.00115,-49.584785
move,-70.035286,-48.349426
move,-70.069115,-47.125614
move,-70.080025,-45.90159
move,-70.00661,-44.702705
move,-69.91563,-43.50495
move,-69.82297,-42.284164
move,-69.731155,-41.07489
move,-69.63598,-39.877483
move,-69.52727,-38.66962
move,-69.402435,-37.440105
move,-69.264336,-36.246887
move,-69.10133,-35.033512
move,-68.915474,-33.823414
move,-68.71039,-32.628155
move,-68.45777,-31.4304
move,-68.12689,-30.215944
move,-67.71635,-29.087631
move,-67.183945,-27.99839
move,-66.55183,-26.936857
move,-65.83318,-25.931925
move,-65.031296,-25.0226
move,-64.14374,-24.179941
move,-63.140324,-23.382433
move,-62.11358,-22.695276
move,-61.06488,-22.109982
move,-59.983063,-21.616076
move,-58.837906,-21.218151
move,-57.687626,-20.91521
move,-56.499123,-20.674847
move,-55.312717,-20.487123
move,-54.145927,-20.32444
move,-52.964794,-20.182499
move,-51.781525,-20.059517
move,-50.608173,-19.95407
move,-49.432587,-19.877453
move,-48.255604,-19.826359
move,-47.055286,-19.78023
move,-45.87802,-19.735802
move,-44.6891,-19.69418
move,-43.499798,-19.666418
move,-42.310165,-19.658152
move,-41.097443,-19.650042
move,-39.930916,-19.643433
move,-38.72976,-19.653124
move,-37.540215,-19.668245
move,-36.350697,-19.685465
move,-35.138107,-19.703695
move,-33.948612,-19.72159
move,-32.759117,-19.739489
move,-31.569614,-19.75739
move,-30.380098,-19.775278
move,-29.20213,-19.792994
move,-27.989515,-19.81123
move,-26.811548,-19.828959
move,-25.610485,-19.84702
move,-24.432516,-19.864742
move,-23.23145,-19.882805
move,-22.03038,-19.900654
move,-20.84077,-19.909605
move,-19.662664,-19.911085
move,-18.484564,-19.910826
move,-17.27181,-19.910295
move,-16.105263,-19.909788
move,-14.927158,-19.909286
move,-13.749054,-19.90878
move,-12.5594,-19.908253
move,-11.381295,-19.90774
move,-10.180091,-19.907223
move,-9.0019865,-19.906721
move,-7.812333,-19.906199
move,-6.6457834,-19.905687
move,-5.456134,-19.90517
move,-4.2664843,-19.904657
move,-3.0652857,-19.90414
move,-1.8871869,-19.903624
move,-0.685987,-19.903095
move,0.54986155,-19.901728
move,1.7278299,-19.884697
move,2.9052541,-19.845629
move,4.2887135,-19.76258
move,5.4631743,-19.67011
move,6.6373453,-19.573965
move,7.821888,-19.464045
move,9.004367,-19.33373
move,10.206045,-19.170975
move,11.382226,-18.92864
move,12.534454,-18.590467
move,13.683315,-18.1363
move,14.734305,-17.604675
move,15.7504835,-16.986677
move,16.71001,-16.265202
move,17.56268,-15.436723
move,18.31846,-14.503738
move,18.991034,-13.495021
move,19.571493,-12.4569235
move,20.060518,-11.372858
move,20.446482,-10.247998
move,20.738626,-9.083144
move,20.938196,-7.910641
move,21.054455,-6.7268734
move,21.114351,-5.5387874
move,21.144596,-4.3264446
move,21.154724,-3.1252906
move,21.147755,-1.9356854
move,21.134373,-0.76921165
move,21.120651,0.4434604
move,21.112654,1.6330805
move,21.11322,2.8227208
move,21.151134,4.023213
move,21.23867,5.209611
move,21.359316,6.3814673
move,21.51662,7.572294
move,21.697794,8.7714205
move,21.91567,9.929034
move,22.236927,11.097726
move,22.690792,12.209018
move,23.2745,13.258099
move,23.963652,14.227151
move,24.775345,15.14294
move,25.67045,15.943019
move,26.664724,16.636206
move,27.704111,17.21397
move,28.810457,17.709755
move,29.950703,18.122349
move,31.148674,18.469275
move,32.331753,18.735218
move,33.537476,18.94727
move,34.79354,19.138103
move,35.97131,19.305752
move,37.288906,19.473497
move,38.493725,19.611916
move,39.68823,19.738436
move,40.89563,19.852245
move,42.116295,19.9458
move,43.32748,20.007244
move,44.527336,20.064363
move,45.784878,20.124233
move,47.00781,20.182455
move,48.242355,20.239418
move,49.419178,20.294243
move,50.665096,20.355045
move,51.887745,20.418459
move,53.12126,20.494314
move,54.31959,20.57727
move,55.551872,20.671114
move,56.760326,20.773012
move,57.956223,20.885664
move,59.17296,21.02133
move,60.35959,21.20693
move,61.533474,21.460678
move,62.676636,21.789062
move,63.790962,22.235283
move,64.851524,22.866385
move,65.753914,23.65722
move,66.54646,24.559198
move,67.26144,25.552465
move,67.86591,26.60334
move,68.40165,27.72964
move,68.83531,28.837046
move,69.18157,30.022974
move,69.445015,31.218493
move,69.6589,32.412178
move,69.842316,33.634308
move,69.983376,34.838753
move,70.080696,36.059128
move,70.145485,37.27012
move,70.19289,38.493496
move,70.23779,39.693855
move,70.28397,40.928844
move,70.32799,42.129223
move,70.37075,43.352753
move,70.41093,44.587933
move,70.44515,45.811752
move,70.479095,47.047127
move,70.51304,48.28251
move,70.54671,49.50633
move,70.58069,50.741707
move,70.61517,52.011738
move,70.63913,53.270443
move,70.65555,54.540833
move,70.668686,55.788162
move,70.68143,57.02395
move,70.69398,58.282833
move,70.70702,59.587914
move,70.71936,60.8237
move,70.73273,62.163433
move,70.74298,63.353043
move,70.74035,64.54268
move,70.730545,65.709206
move,70.71947,66.89884
move,70.7084,68.08847
move,70.69724,69.28965
move,70.68423,70.68718
move,70.67303,71.87681
move,70.65972,73.089455
move,70.64627,74.26744
move,70.627556,75.468475
move,70.60751,76.65791
move,70.587265,77.8589
move,70.56687,79.07144
move,70.543335,80.46875
move,70.523476,81.646645
move,70.50383,82.813
move,70.48378,84.00244
move,70.46411,85.168785
move,70.44405,86.35822
move,70.42443,87.52457
move,70.40401,88.73711
move,70.383965,89.92655
move,70.36395,91.11599
move,70.343895,92.305435
move,70.324066,93.48334
move,70.298874,94.89221
move,70.27751,96.09321
move,70.25593,97.305756
move,70.23685,98.49525
move,70.23257,99.696434
move,70.238174,100.90917
move,70.244316,102.13346
move,70.22977,103.35761
move,70.16474,104.58014
move,70.05372,105.787735
move,69.8852,107.01194
move,69.633995,108.19784
move,69.25825,109.32606
move,68.74758,110.47625
move,68.15726,111.5086
move,67.456795,112.4979
move,66.6124,113.43057
move,65.67336,114.25083
move,64.67989,114.9456
move,63.59437,115.62773
move,62.546326,116.3836
move,61.7339,117.42668
move,61.25096,118.56251
move,60.927895,119.81432
move,60.728725,121.17378
move,60.634415,122.49851
move,60.5884,123.837494
move,60.57491,125.18876
move,60.57211,126.5401
move,60.569237,127.926094
move,60.556896,129.30048
move,60.520107,130.66287
move,60.47958,132.02518
move,60.431553,133.3757
move,60.36348,134.73688
move,60.242836,136.07108
move,60.04134,137.40714
move,59.752075,138.71512
move,59.385788,140.00368
move,58.954784,141.24765
move,58.429573,142.46724
move,57.7857,143.64151
move,57.04326,144.69998
move,56.13753,145.70157
move,55.1164,146.5676
move,53.99142,147.29367
move,52.792988,147.89159
move,51.50565,148.40422
move,50.192905,148.81015
move,48.830994,149.12254
move,47.4418,149.35791
move,46.04317,149.52756
move,44.66128,149.63342
move,43.254013,149.7045
move,41.856964,149.74124
move,40.436653,149.77156
move,39.051094,149.80634
move,37.896557,149.83948
move,36.5342,149.87859
move,35.148907,149.92293
move,33.775833,149.98445
move,32.4205,150.12265
move,31.080093,150.42274
move,29.831263,150.87251
move,28.655832,151.48886
move,27.564505,152.26454
move,28.655832,151.48886
move,26.61676,153.12709
move,25.717611,154.1198
move,24.92172,155.15385
move,24.172733,156.25058
move,23.485708,157.37364
move,22.849653,158.56577
move,22.268663,159.77293
move,21.735914,161.00221
move,21.261309,162.27951
move,20.886436,163.60153
move,20.609676,164.9476
move,20.442694,166.27658
move,20.349882,167.45102
move,20.270882,168.82315
move,20.238033,170.18555
move,20.22131,171.57143
move,20.20435,172.94576
move,20.197369,174.29703
move,20.24542,175.64731
move,20.37877,176.99199
move,20.60872,178.3465
move,20.971634,179.62337
move,21.467585,180.84267
move,22.078999,182.02112
move,22.846415,183.11804
move,23.756964,184.08368
move,24.77424,184.93686
move,25.857353,185.72534
move,26.928448,186.52922
move,27.859514,187.47423
move,28.613426,188.593
move,29.160284,189.81517
move,29.575716,191.12479
move,29.86653,192.38503
move,30.091375,193.74069
move,30.236471,195.13055
move,30.345716,196.47742
move,30.455559,197.83582
move,30.562637,199.15967
move,30.669601,200.50673
move,30.74384,201.80968
move,30.793709,203.13701
move,30.83125,204.43005
move,30.868465,205.75778
move,30.905394,207.07397
move,30.941992,208.3786
move,30.97922,209.70634
move,31.015461,210.99944
move,31.052357,212.31563
move,31.089895,213.65489
move,31.115377,214.97131
move,31.109535,216.28802
move,31.07479,217.6273
move,31.0247,218.94305
move,30.97152,220.27016
move,30.917439,221.62035
move,30.86378,222.959
move,30.810175,224.29765
move,30.756516,225.63629
move,30.702456,226.98648
move,30.647945,228.33667
move,30.592598,229.71002
move,30.554264,231.107
move,30.57614,232.44633
move,30.714167,233.76695
move,30.946901,235.10968
move,31.236443,236.4414
move,31.546677,237.68532
move,31.908289,238.92725
move,32.326847,240.13889
move,32.8834,241.30545
move,33.578682,242.35391
move,34.413166,243.35681
move,35.288242,244.2618
move,36.189587,245.15712
move,37.107105,246.05255
move,38.012505,246.9918
move,38.800255,248.00249
move,39.36898,249.15976
move,39.6955,250.46991
move,39.867977,251.78648
move,39.932144,253.05522
move,39.970036,254.4753
move,39.932144,253.05522
move,40.004,255.74527
move,40.037914,257.01538
move,40.0722,258.2971
move,40.106407,259.5788
move,40.141,260.86053
move,40.17947,262.15347
move,40.219093,263.4463
move,40.258324,264.72757
move,40.31205,266.04327
move,40.367073,267.33572
move,40.422592,268.6397
move,40.47868,269.95523
move,40.534214,271.25922
move,40.589264,272.55167
move,40.645752,273.87872
move,40.700233,275.15964
move,40.75628,276.47516
move,40.810825,277.75604
move,40.844196,279.04907
move,40.809696,280.3304
move,40.718697,281.6324
move,40.604286,282.8978
move,40.492798,284.17487
move,40.38652,285.42926
move,40.213768,286.67612
move,39.949894,287.87128
move,39.561047,289.08038
move,39.0778,290.19235
move,38.49088,291.2927
move,37.82572,292.32007
move,37.050705,293.29706
move,36.24242,294.16974
move,35.344776,295.00174
move,34.375206,295.74866
move,33.342346,296.4052
move,32.257763,296.97235
move,31.053696,297.50485
move,29.874949,297.94644
move,28.694408,298.3117
move,27.491571,298.64206
move,26.317377,298.94547
move,25.120518,299.25342
move,23.908731,299.59448
move,22.757597,299.9756
move,21.61988,300.4274
move,20.507263,300.96432
move,19.462759,301.62317
move,18.518587,302.40158
move,17.630262,303.32504
move,16.88011,304.2334
move,16.098904,305.1759
move,15.237241,306.0771
move,14.286789,306.88406
move,13.26661,307.5594
move,12.144369,308.102
move,13.26661,307.5594
move,10.951654,308.50272
move,9.748407,308.78323
move,8.51808,308.98825
move,7.2731886,309.17587
move,6.0580335,309.39957
move,4.874687,309.75317
move,3.770581,310.2787
move,2.7502146,311.01364
move,1.9014814,311.86194
move,1.215761,312.85938
move,1.9014814,311.86194
move,0.7700469,313.97223
move,0.5363311,315.1492
move,1.215761,312.85938
move,0.7700469,313.97223
move,0.47338077,316.33627
move,0.5152603,317.74466
move,0.5363311,315.1492
move,0.5703566,318.9215
move,0.47338077,316.33627
move,0.6521148,320.31668
move,0.70890784,321.4818
move,0.75248694,322.87866
move,0.7422561,324.253
move,0.6766266,325.63724
move,0.56016976,326.98355
move,0.40281725,328.32568
move,0.236788,329.6552
move,0.09410986,330.98718
move,0.058336254,332.32608
move,0.11457289,333.65295
move,0.26159805,334.9843
move,0.5116667,336.28845
move,0.8348856,337.57663
move,1.2460543,338.8271
move,1.823045,340.04742
move,2.6124382,341.1851
move,3.4950166,342.12973
move,4.472782,343.01132
move,5.477912,343.82553
move,6.505304,344.64874
move,7.4195275,345.59317
move,8.134413,346.6699
move,8.717952,347.862
move,9.141682,349.0959
move,9.465001,350.3602
move,9.743574,351.65894
move,9.995817,352.98648
move,10.218226,354.31934
move,10.393817,355.67072
move,10.516832,357.05133
move,10.624986,358.40985
move,10.726306,359.78046
move,10.788864,361.14185
move,10.823751,362.50427
move,10.828258,363.68237
move,10.786372,365.05612
move,10.714471,366.2089
move,10.579963,367.57666
move,10.397149,368.92722
move,10.210839,370.04367
cluster,2482
move,10.167157,370.28226
move,9.906664,371.63187
move,40,-365.5
move,40.02695,-365.2573
move,40.110744,-364.22293
move,40.16446,-363.1865
move,40.18098,-362.14883
move,40.16017,-361.13168
move,40.06923,-360.0777
move,39.803226,-358.86615
move,39.455498,-357.91055
move,38.994595,-356.96973
move,38.40939,-356.07724
move,37.69173,-355.32944
move,36.65216,-354.5817
move,35.65989,-354.0496
move,34.47841,-353.55286
move,33.323673,-353.12582
move,32.127476,-352.69385
move,30.91377,-352.28076
move,29.7344,-351.8936
move,28.499372,-351.5505
move,27.269983,-351.31836
move,25.986307,-351.17053
move,24.707035,-351.08685
move,23.660973,-351.0228
move,22.626245,-350.94266
move,21.602451,-350.8539
move,20.54745,-350.77167
move,19.482313,-350.68854
move,18.417145,-350.60574
move,17.351988,-350.52283
move,16.296831,-350.44266
move,14.909796,-350.33145
move,13.289052,-350.144
move,11.957256,-349.90326
move,10.635571,-349.55988
move,9.3825445,-349.05032
move,8.214247,-348.39386
move,7.088581,-347.62003
move,6.026701,-346.78104
move,5.039704,-345.83725
move,4.152444,-344.8156
move,3.3620684,-343.7174
move,2.6489189,-342.56708
move,2.010434,-341.37393
move,1.4674519,-340.16208
move,1.0127498,-338.9144
move,0.6726197,-337.6179
move,0.4339474,-336.28574
move,0.26453087,-334.9557
move,0.15836759,-333.619
move,0.08714243,-332.21667
move,0.046085667,-330.88904
move,0.028513234,-329.57358
move,0.03379426,-328.24524
move,0.048606053,-326.955
move,0.053177398,-325.67725
move,0.011381689,-324.38782
move,-0.07759168,-323.08798
move,-0.19959141,-321.81625
move,-0.33741805,-320.54605
move,-0.40102276,-319.27017
move,-0.27028573,-317.6737
move,0.035649296,-316.12228
move,0.2791952,-314.86792
move,0.55581933,-313.60794
move,0.9907294,-312.1141
move,1.3737469,-310.88208
move,1.9281071,-309.44202
move,2.62835,-308.03998
move,3.5299082,-306.78885
move,4.592712,-305.6532
move,5.7466326,-304.6287
move,6.9620323,-303.67776
move,8.094428,-302.93735
move,9.478769,-302.28687
move,10.703569,-301.843
move,11.915389,-301.4806
move,13.416368,-301.12222
move,14.925151,-300.7976
move,16.467392,-300.44897
move,17.776508,-300.10526
move,19.106474,-299.6964
move,20.385736,-299.25412
move,21.688152,-298.7644
move,22.942692,-298.19345
move,24.15062,-297.43182
move,25.183943,-296.53943
move,26.157085,-295.4763
move,26.990555,-294.33127
move,27.738325,-293.11337
move,28.393578,-291.815
move,28.92081,-290.56854
move,29.390644,-289.24557
move,29.80288,-287.87708
move,29.390644,-289.24557
move,30.129692,-286.55063
move,30.402512,-285.18625
move,30.52488,-283.80096
move,30.532902,-282.4095
move,30.511951,-281.10675
move,30.532902,-282.4095
move,30.455774,-279.5645
move,30.397318,-278.14505
move,30.34038,-276.7602
move,30.28231,-275.3407
move,30.225582,-273.9558
move,30.169724,-272.57086
move,30.139585,-271.15054
move,30.148254,-269.72992
move,30.198584,-268.29868
move,30.293655,-266.91605
move,30.441916,-265.50323
move,30.597694,-264.11453
move,30.752304,-262.72565
move,30.88819,-261.35785
move,31.027224,-259.9556
move,31.164248,-258.55322
move,31.308638,-257.18643
move,31.479929,-256.03262
move,31.868612,-254.63362
move,32.467625,-253.59552
move,33.300938,-252.6698
move,34.256393,-251.92448
move,35.298874,-251.32942
move,36.382416,-250.83832
move,37.490894,-250.31892
move,38.49627,-249.6061
move,39.23451,-248.67798
move,39.757744,-247.54767
move,40.090996,-246.38242
move,40.323635,-244.89989
move,40.41704,-243.7024
move,40.46731,-242.4792
move,40.469612,-241.27803
move,40.463215,-240.0768
move,40.451977,-238.85252
move,40.40232,-237.61787
move,40.267662,-236.30829
move,40.041744,-234.91765
move,39.765247,-233.58316
move,39.4131,-232.23123
move,38.922478,-230.9482
move,38.294327,-229.71323
move,37.55829,-228.55302
move,36.73724,-227.48012
move,35.84126,-226.46883
move,34.877777,-225.50513
move,33.896133,-224.55966
move,32.96684,-223.56346
move,32.1855,-222.44838
move,31.56127,-221.23775
move,31.106178,-219.96632
move,30.815182,-218.63577
move,30.692635,-217.29071
move,30.72023,-215.92874
move,30.895973,-214.5895
move,31.192299,-213.25949
move,31.582323,-211.94186
move,32.09221,-210.69125
move,32.764103,-209.49297
move,33.554108,-208.38312
move,34.43446,-207.37383
move,35.38854,-206.40065
move,36.338802,-205.43987
move,37.27838,-204.43706
move,38.12726,-203.357
move,38.797077,-202.18503
move,39.268322,-200.89558
move,39.555595,-199.57579
move,39.7391,-198.1673
move,39.8494,-196.8205
move,39.92471,-195.44812
move,39.97448,-194.02838
move,40.01874,-192.6662
move,40.063564,-191.28093
move,40.108997,-189.90723
move,40.15996,-188.51064
move,40.208847,-187.13705
move,40.253674,-185.77489
move,40.296043,-184.38953
move,40.304836,-183.02661
move,40.294334,-181.61761
move,40.28055,-180.301
move,40.261486,-178.9036
move,40.18395,-177.54305
move,40.038994,-176.18799
move,39.84497,-174.80405
move,39.593914,-173.4412
move,39.25883,-172.19205
move,38.851707,-171.00104
move,38.371223,-169.9388
move,37.58325,-168.67548
move,36.783245,-167.71977
move,35.88495,-166.88873
move,34.902927,-166.08261
move,33.9539,-165.29114
move,33.056526,-164.42543
move,32.247215,-163.47688
move,31.555449,-162.43997
move,31.026766,-161.33667
move,30.591906,-160.15552
move,30.23577,-158.94818
move,29.96205,-157.73145
move,29.777552,-156.46303
move,29.668684,-155.18576
move,29.617905,-153.91637
move,29.623066,-152.6228
move,29.629663,-151.35226
move,29.636328,-150.08173
move,29.641655,-148.75343
move,29.647715,-147.506
move,29.652683,-146.21236
move,29.651789,-144.89561
move,29.641235,-143.64832
move,29.625904,-142.3317
move,29.611658,-141.10748
move,29.596779,-139.82552
move,29.581995,-138.5551
move,29.566967,-137.26158
move,29.55245,-136.01427
move,29.535767,-134.58218
move,29.519499,-133.18475
move,29.502966,-131.7642
move,29.486612,-130.35522
move,29.471289,-128.95778
move,29.483404,-127.56028
move,29.503458,-126.17442
move,29.523352,-124.80011
move,29.543764,-123.39115
move,29.56401,-121.99375
move,29.58425,-120.59636
move,29.604666,-119.1874
move,29.625298,-117.7669
move,29.64641,-116.31174
move,29.665182,-114.87967
move,29.680876,-113.470695
move,29.696463,-112.07327
move,29.712492,-110.62965
move,29.72678,-109.2322
move,29.721352,-107.82311
move,29.714092,-106.41402
move,29.708067,-105.24749
move,29.713903,-103.84997
move,29.732697,-102.42947
move,29.753145,-101.020515
move,29.773788,-99.611565
move,29.795515,-98.19106
move,29.810097,-96.770485
move,29.811918,-95.3614
move,29.793085,-93.92936
move,29.735691,-92.76434
move,29.615698,-91.59246
move,29.40907,-90.268814
move,29.10264,-88.88192
move,28.67104,-87.50478
move,28.123102,-86.295715
move,27.39488,-85.14514
move,26.493221,-84.10935
move,25.472887,-83.22485
move,24.329657,-82.46334
move,23.081944,-81.83573
move,21.736526,-81.38337
move,20.365034,-81.11881
move,18.960653,-81.00853
move,17.576902,-80.92962
move,16.160246,-80.73107
move,14.8384075,-80.22095
move,13.751905,-79.38736
move,12.930067,-78.247185
move,12.365349,-76.98311
move,11.963535,-75.6451
move,11.648325,-74.31919
move,11.357947,-72.97576
move,11.072825,-71.61942
move,10.8182125,-70.24528
move,10.624326,-69.10671
move,10.458696,-67.742485
move,10.332455,-66.35065
move,10.209571,-64.9933
move,10.082622,-63.601524
move,9.907188,-62.215187
move,9.653435,-60.876377
move,9.294499,-59.610054
move,8.875887,-58.521427
move,8.324825,-57.42858
move,7.6524262,-56.33756
move,6.812964,-55.310104
move,5.810449,-54.441536
move,4.695328,-53.76525
move,3.503203,-53.207367
move,2.2807684,-52.7182
move,1.0151664,-52.244675
move,-0.24832961,-51.835373
move,-1.5290681,-51.483746
move,-2.8374922,-51.196487
move,-4.161088,-50.989872
move,-5.491659,-50.83336
move,-4.161088,-50.989872
move,-6.836902,-50.705517
move,-8.151047,-50.624237
move,-9.501583,-50.578636
move,-10.852874,-50.573235
move,-12.215652,-50.5912
move,-13.589654,-50.56685
move,-14.97862,-50.41977
move,-16.141035,-50.168194
move,-17.466036,-49.726765
move,-18.537228,-49.265102
move,-19.78813,-48.668377
move,-21.030916,-48.0548
move,-22.263794,-47.4216
move,-23.467258,-46.75787
move,-24.648243,-45.95018
move,-25.524918,-45.097504
move,-26.284672,-44.123573
move,-26.960148,-43.04803
move,-27.520344,-41.972637
move,-28.017757,-40.84151
move,-28.445526,-39.669975
move,-28.741291,-38.471073
move,-28.855358,-37.253056
move,-28.825705,-36.00648
move,-28.595518,-34.618168
move,-28.105803,-33.324467
move,-27.294376,-32.23648
move,-26.184608,-31.451693
move,-24.952963,-30.928041
move,-23.645473,-30.544165
move,-22.32968,-30.188951
move,-21.002728,-29.830727
move,-19.69103,-29.46077
move,-18.3848,-29.033688
move,-17.153786,-28.479239
move,-15.976119,-27.771738
move,-14.882928,-26.92163
move,-13.940442,-25.98635
move,-13.048788,-24.955814
move,-12.230932,-23.866087
move,-11.534514,-22.72202
move,-10.95565,-21.476246
move,-10.517797,-20.24698
move,-10.143161,-18.948822
move,-9.845477,-17.630781
move,-9.618638,-16.298866
move,-9.481129,-14.966276
move,-9.379684,-13.618744
move,-9.243022,-12.274653
move,-8.974587,-10.939156
move,-8.554747,-9.643257
move,-7.9010043,-8.452628
move,-7.085509,-7.360668
move,-6.2687902,-6.2551894
move,-5.4491453,-5.137542
move,-4.5795655,-4.0739355
move,-3.5884202,-3.1058717
move,-2.4877012,-2.2457025
move,-1.3360518,-1.5402867
move,-0.07300153,-1.000471
move,1.2179351,-0.6019574
move,2.5363562,-0.30660897
move,3.9041104,-0.08291705
move,5.36906,0.115431316
move,6.7865696,0.20510204
move,8.18386,0.23066542
move,9.442697,0.24730079
move,10.828598,0.2635038
move,12.237515,0.28616583
move,13.634888,0.30867884
move,15.043266,0.27987146
move,16.391994,0.19577377
move,17.775276,0.109157845
move,19.158556,0.0225309
move,20.54184,-0.06408638
move,21.936808,-0.1490182
move,23.320244,-0.23327374
move,24.71549,-0.31332636
move,26.111929,-0.36879537
move,27.543154,-0.4213776
move,28.974379,-0.47394863
move,30.347666,-0.53023696
move,31.777893,-0.60516405
move,32.896645,-0.6652902
move,34.315266,-0.7415274
move,35.710735,-0.81795204
move,37.11825,-0.88455445
move,38.53753,-0.9464754
move,39.94545,-1.0034509
move,41.400406,-1.0351983
move,42.855602,-1.051756
move,44.310844,-1.0554613
move,45.742863,-1.0312377
move,46.883804,-0.81895494
move,47.987885,-0.44470128
move,49.036285,0.090565294
move,49.975655,0.77986807
move,50.78635,1.6014578
move,51.47102,2.5584605
move,51.985977,3.6040888
move,52.337032,4.7391915
move,52.42295,6.1648316
move,52.278305,7.3568177
move,52.071854,8.516675
move,51.8013,9.970105
move,51.59052,11.11745
move,51.39986,12.279982
move,51.237766,13.44686
move,51.104107,14.6057005
move,51.002827,15.767803
move,50.92503,16.931744
move,50.79573,18.102566
move,50.608055,19.265507
move,50.395374,20.412498
move,50.208973,21.599083
move,50.03759,23.032564
move,49.94359,24.19526
move,49.90594,25.3611
move,49.894196,26.52758
move,49.895367,27.70566
move,49.933266,28.871553
move,50.01075,30.035475
move,50.1058,31.337132
move,50.15715,32.57166
move,50.180126,33.79573
move,50.198505,35.089138
move,50.193233,36.278767
move,50.168613,37.45653
move,50.080452,38.920704
move,49.995125,40.04938
move,49.886177,41.44268
move,49.789864,42.86004
move,49.739456,44.26808
move,49.728973,45.688705
move,49.743317,47.132343
move,49.799923,48.586487
move,49.900314,50.003532
move,50.05069,51.439365
move,50.210266,52.5949
move,50.44304,54.01975
move,50.630894,55.147663
move,50.854115,56.574024
move,50.949383,58.035896
move,50.82299,59.43869
move,50.596718,60.841026
move,50.363834,62.136906
move,50.188683,63.406593
move,50.19511,64.674644
move,50.579914,65.86572
move,51.364235,66.87461
move,52.360146,67.66
move,53.47369,68.24474
move,54.67429,68.65687
move,55.901043,68.87307
move,57.135265,68.933655
move,58.555084,68.98174
move,59.980972,69.109406
move,61.368294,69.496284
move,62.595364,70.18462
move,63.694077,71.06516
move,64.697334,72.070496
move,65.65431,73.16647
move,66.478065,74.28047
move,67.08373,75.27715
move,67.7503,76.544655
move,68.36531,77.81239
move,68.93048,79.115555
move,69.376785,80.4756
move,69.62289,81.61554
move,69.79936,82.780235
move,69.94733,84.16986
move,70.05703,85.33124
move,70.175415,86.72377
move,70.294136,88.16259
move,70.40899,89.590164
move,70.5184,90.99501
move,70.62679,92.41152
move,70.73123,93.816765
move,70.83655,95.24512
move,70.90754,96.4441
move,70.86783,97.82921
move,70.77946,99.05031
move,70.67156,100.4553
move,70.56443,101.860306
move,70.53745,103.26844
move,70.631035,104.697464
move,70.53745,103.26844
move,70.81115,106.12959
move,70.631035,104.697464
move,71.05382,107.50582
move,70.81115,106.12959
move,71.40247,108.90641
move,71.884,110.25409
move,72.555405,111.53138
move,73.37814,112.716156
move,74.19361,113.5487
move,75.26809,114.44232
move,76.35777,115.37143
move,77.19079,116.219894
move,77.84181,117.073555
move,78.54387,118.30719
move,79.11436,119.62044
move,79.49717,120.72216
move,79.77632,121.85438
move,79.98142,123.259575
move,80.081406,124.68814
move,80.12958,125.86524
move,80.16343,127.2739
move,80.16656,128.6715
move,80.16295,130.05757
move,80.15912,131.4552
move,80.176155,132.81792
move,80.239006,134.20238
move,80.357666,135.58316
move,80.557,136.9662
move,80.87038,138.33937
move,81.38196,139.6628
move,82.094086,140.864
move,82.97381,141.97818
move,83.978096,142.91502
move,85.08486,143.76819
move,86.19924,144.59232
move,87.337616,145.44212
move,88.363106,146.42297
move,89.21346,147.61424
move,89.6979,148.94576
move,89.90146,150.30426
move,90.00789,151.73245
move,90.077614,153.17451
move,90.12881,154.59421
move,90.12755,156.01482
move,90.11673,157.43535
move,90.10425,158.84433
move,90.08033,160.26476
move,90.05264,161.68506
move,90.02446,163.12846
move,89.99606,164.58342
move,89.968346,166.00374
move,89.95378,167.42426
move,90.002884,168.67053
move,90.106735,170.11053
move,90.19087,171.28561
move,90.27417,172.44917
move,90.36631,173.61205
move,90.19087,171.28561
move,90.48325,174.78426
move,90.27417,172.44917
move,90.73084,176.1947
move,90.36631,173.61205
move,90.959465,177.33853
move,91.33999,178.75449
move,91.816696,180.08034
move,92.267395,181.15611
move,92.948364,182.42834
move,93.715485,183.59619
move,94.5743,184.71274
move,95.57429,185.7034
move,96.714264,186.5096
move,97.47034,186.93214
move,99.14819,187.70358
move,100.287125,188.11996
move,101.6512,188.55602
move,103.034195,188.92786
move,104.39691,189.23763
move,105.77697,189.52216
move,107.139946,189.83047
move,108.217545,190.1367
move,109.52159,190.5705
move,110.8168,191.06367
move,112.09457,191.60051
move,113.336555,192.1616
move,114.55113,192.82756
move,115.62751,193.58507
move,116.64511,194.45558
move,117.54767,195.44447
move,118.31326,196.52914
move,118.96977,197.6965
move,119.503746,198.88707
move,119.94292,200.1279
move,120.27423,201.42567
move,120.499504,202.74602
move,120.62605,204.068
move,120.67643,205.40675
move,120.702736,206.79254
move,120.72737,208.18997
move,120.751366,209.55273
move,120.775505,210.92706
move,120.80012,212.3245
move,120.8243,213.69882
move,120.775505,210.92706
move,120.83984,215.08475
move,120.80012,212.3245
move,120.83678,216.47083
move,120.8243,213.69882
move,120.83103,217.83376
move,120.82511,219.24289
move,120.81933,220.64047
move,120.81331,222.06117
move,120.80744,223.4703
move,120.80244,224.87946
move,120.79877,226.10379
move,120.79518,227.28192
move,120.790886,228.7026
move,120.786514,230.13484
move,120.786865,231.59016
move,120.81323,232.96436
move,120.84144,234.14218
move,120.905205,235.56128
move,121.0889,236.9691
move,121.4748,238.32256
move,122.03018,239.60446
move,122.70124,240.81645
move,123.500244,241.93393
move,124.42591,242.94882
move,125.405235,243.81114
move,126.44622,244.6546
move,127.44563,245.54578
move,128.25441,246.59492
move,128.82394,247.80609
move,129.24622,249.11305
move,129.5011,250.43958
move,129.63605,251.80717
move,129.74135,253.166
move,129.8497,254.51303
move,130.07195,255.85602
move,130.61172,257.11578
move,131.43785,258.19702
move,132.44888,259.0547
move,133.66595,259.68903
move,134.94435,260.08478
move,136.30309,260.2868
move,137.72119,260.3678
move,139.10703,260.38962
move,140.45825,260.40848
move,141.83258,260.4261
move,143.24156,260.4436
move,144.6159,260.45908
move,146.01335,260.47446
move,147.4108,260.48984
move,148.81981,260.50076
move,150.20567,260.4818
move,151.6255,260.43423
move,153.06659,260.3472
move,154.4673,260.19553
move,155.8731,259.9903
move,157.25517,259.78256
move,158.64055,259.59958
move,160.03317,259.4829
move,161.41713,259.4085
move,162.8027,259.37708
move,164.16527,259.35098
move,165.55093,259.3246
move,166.94815,259.29813
move,168.28761,259.27255
move,169.67326,259.24597
move,170.86276,259.25165
move,172.27127,259.29474
move,173.6567,259.33728
move,174.9613,259.37717
move,176.32335,259.42578
move,177.66188,259.4842
move,178.99962,259.55746
move,180.31346,259.64456
move,181.62721,259.7332
move,182.96402,259.82346
move,184.33446,259.92828
move,185.64507,260.05475
move,186.95259,260.2097
move,188.27885,260.39972
move,189.57426,260.63513
move,190.86063,260.91602
move,192.13496,261.24677
move,193.40338,261.7098
move,194.55771,262.34082
move,195.60504,263.1366
move,196.52875,264.09
move,197.31728,265.14325
move,197.95154,266.28287
move,198.46584,267.49463
move,198.89578,268.72678
move,199.24953,269.9829
move,199.53326,271.2448
move,199.73929,272.53326
move,199.85489,273.80988
move,199.89883,275.1142
move,199.92635,276.4075
move,199.95319,277.7008
move,199.98026,279.0057
move,200.00752,280.32214
move,200.03462,281.62704
move,200.06198,282.94345
move,200.08922,284.2599
move,200.11678,285.5879
move,200.14261,286.83505
move,200.16992,288.1515
move,200.19672,289.44485
move,200.22414,290.7497
move,200.27823,292.06528
move,200.38681,293.35422
move,200.53049,294.663
move,200.69527,295.94608
move,200.89798,297.23526
move,201.18324,298.50833
move,201.63728,299.7058
move,202.27856,300.85458
move,203.0551,301.8881
move,203.96486,302.82278
move,204.94402,303.66782
move,205.98088,304.4793
move,207.01672,305.31018
move,207.90993,306.36453
move,208.55608,307.53775
move,209.15,308.77716
move,209.72151,310.10284
move,210.19923,311.40372
move,210.57425,312.72562
move,210.84944,314.06012
move,211.05658,315.407
move,211.17558,316.7413
move,211.21606,318.14978
move,211.21751,319.45496
move,211.24098,320.78296
move,211.27448,322.08768
move,211.30237,323.4156
move,211.28767,324.709
move,211.21559,326.00052
move,211.09178,327.28802
move,210.92162,328.547
move,210.70534,329.83405
move,210.4585,331.10382
move,210.19032,332.39297
move,209.93748,333.68515
move,209.72507,334.94934
move,209.55032,336.19614
move,209.41661,337.42465
move,209.352,338.65878
move,209.35484,339.89432
move,209.43196,341.13934
move,209.59616,342.3747
move,210.03212,343.5274
move,210.74228,344.5366
move,211.60315,345.43842
move,212.61385,346.20566
move,213.62863,346.86966
move,214.6903,347.58844
move,215.75482,348.3814
move,216.67656,349.3675
move,217.42126,350.42456
move,218.08997,351.58514
move,218.65468,352.76144
move,219.13481,353.9994
move,219.50964,355.29718
move,219.77443,356.56335
move,219.99632,357.8964
move,220.17839,359.22363
move,220.30565,360.53415
move,220.39688,361.8476
move,220.43561,363.1752
move,220.41377,364.47998
move,220.3345,365.78268
move,220.20766,367.09323
move,220.03632,368.41037
move,219.84015,369.6539
move,219.60239,370.96072
move,219.37903,372.18774
move,219.20181,373.37576
move,219.03882,374.5659
move,218.97336,375.06985
cluster,3959
move,218.88506,375.79208
move,218.74336,377.00812
move,-20.10686,-65.54293
move,-19.583553,-53.709194
move,-19.839008,-42.03963
move,-22.398132,-30.858398
move,-29.925627,-22.03854
move,-37.33284,-13.175775
move,-48.33345,-9.681279
move,-59.95424,-9.606303
