move,344.65955,253.71367
move,344.2215,252.66583
move,343.70926,251.69667
move,343.01434,250.87654
move,342.0668,250.24048
move,341.10782,249.896
move,340.07654,249.65723
move,339.01505,249.46956
move,337.99585,249.32222
move,336.97153,249.21587
move,335.91553,249.14061
move,334.93408,249.12221
move,333.8946,249.12343
move,332.86472,249.12473
move,331.84445,249.12595
move,330.8049,249.12724
move,329.76544,249.12988
move,328.7356,249.13316
move,327.70578,249.1446
move,326.6568,249.16194
move,325.60785,249.17929
move,324.59738,249.19598
move,323.5484,249.21335
move,322.50903,249.23055
move,321.44077,249.24396
move,320.42056,249.24646
move,319.36392,249.1875
move,318.37366,248.9157
move,317.42023,248.45665
move,316.54367,247.89925
move,315.74182,247.1947
move,314.9927,246.47418
move,314.17297,245.83614
move,313.27454,245.29524
move,312.35077,244.81868
move,311.4287,244.35995
move,310.48233,243.93044
move,309.51382,243.5809
move,308.5212,243.30737
move,307.53558,243.13594
move,306.52063,243.03244
move,305.50293,242.96156
move,304.43582,242.91127
move,303.4256,242.88235
move,302.30945,242.85423
move,301.29892,242.8386
move,300.30783,242.81506
move,299.24985,242.776
move,298.2497,242.73459
move,297.24,242.6908
move,296.0372,242.62093
move,294.73322,242.53427
move,293.43002,242.43747
move,292.12454,242.3854
move,290.87857,242.41104
move,289.6336,242.46928
move,288.36545,242.54594
move,287.1103,242.63661
move,285.88126,242.74991
move,284.61746,242.88089
move,283.40356,243.02278
move,282.00986,243.18932
move,280.7713,243.32707
move,279.3735,243.45438
move,278.03366,243.54784
move,276.7404,243.60777
move,275.50653,243.63582
move,274.2602,243.64056
move,272.90494,243.63219
move,271.63434,243.6203
move,270.29132,243.62816
move,268.99872,243.69896
move,267.69443,243.77953
move,266.4141,243.85529
move,265.1233,243.9556
move,263.8018,244.11263
move,262.51657,244.34853
move,261.19754,244.60175
move,259.89935,244.83405
move,258.54678,245.03346
move,257.18906,245.19374
move,255.84723,245.23596
move,254.52951,245.1823
move,253.17885,245.07208
move,251.85608,244.92447
move,250.49959,244.75227
move,249.16148,244.5401
move,247.87602,244.19682
move,246.6112,243.74657
move,245.37064,243.14417
move,244.196,242.51813
move,243.11816,241.94214
move,241.92856,241.31877
move,240.79353,240.83522
move,239.5836,240.44882
move,238.37978,240.17915
move,237.10374,240.0619
move,235.83467,240.10747
move,234.58484,240.25291
move,233.18558,240.46773
move,231.96284,240.70822
move,230.77573,240.99825
move,229.40315,241.34496
move,228.03719,241.66786
move,226.84302,241.9277
move,225.45172,242.18015
move,224.0344,242.0429
move,222.6596,241.76073
move,221.47806,241.40598
move,220.18796,240.80022
move,219.05328,239.95665
move,218.16737,239.08067
move,217.22661,238.05542
move,216.41612,237.12476
move,215.65837,236.13559
move,214.86948,234.98941
move,214.17935,233.9808
move,213.41335,233.03064
move,212.41383,232.3164
move,211.25175,231.87039
move,210.07442,231.59392
move,208.8657,231.4144
move,207.6334,231.22978
move,206.42743,230.96889
move,205.07237,230.56032
move,203.93336,230.08807
move,202.77965,229.23598
move,201.9084,228.12404
move,201.37227,227.02794
move,201.06346,225.8103
move,200.99773,224.5185
move,201.05919,223.28593
move,201.14328,222.00609
move,201.22453,220.67757
move,201.30728,219.34915
move,201.37007,218.06842
move,201.32779,216.79889
move,201.20197,215.46176
move,201.05644,214.17526
move,200.91115,212.8766
move,200.89069,211.45126
move,201.14249,210.08403
move,201.55705,208.8714
move,202.1765,207.69452
move,202.94023,206.57552
move,203.74104,205.60533
move,204.61499,204.61752
move,205.50182,203.67442
move,206.4024,202.74431
move,207.26547,201.76324
move,208.00995,200.70595
move,208.63383,199.57164
move,209.1719,198.35538
move,209.50763,197.13087
move,209.69888,195.83902
move,209.78802,194.49901
move,209.82457,193.22923
move,209.78836,191.8867
move,209.74582,190.58063
move,209.69359,189.26282
move,209.6194,187.92175
move,209.55037,186.59254
move,209.47284,185.2881
move,209.40393,183.97104
move,209.34618,182.65337
move,209.27522,181.3
move,209.20871,179.9828
move,209.1594,178.65277
move,209.19528,177.31067
move,209.28065,175.95815
move,209.36714,174.60571
move,209.42804,173.26407
move,209.41518,171.92108
move,209.39464,170.56607
move,209.39206,169.21088
move,209.41331,167.81947
move,209.41573,166.51279
move,209.36728,165.29169
move,209.27213,164.04922
move,209.09935,162.74184
move,208.87233,161.50418
move,208.5938,160.25237
move,208.23952,159.05772
move,207.78822,157.89658
move,207.14417,156.71916
move,206.41183,155.69632
move,205.57391,154.70984
move,204.67168,153.85138
move,203.58212,153.11176
move,202.42824,152.58165
move,201.27531,152.14125
move,200.0009,151.71797
move,198.78812,151.3823
move,197.54913,151.05063
move,196.33093,150.69077
move,195.10234,150.18158
move,194.02495,149.53313
move,193.01251,148.74655
move,192.09125,147.87245
move,191.24577,146.84647
move,190.6451,145.72987
move,190.21606,144.48326
move,189.86484,143.21205
move,189.55621,141.94223
move,189.2937,140.66212
move,189.07019,139.25212
move,188.9178,138.03964
move,188.79056,136.61754
move,188.6688,135.1707
move,188.53827,133.77324
move,188.41776,132.37491
move,188.35167,130.97305
move,188.32939,129.54553
move,188.33304,128.16602
move,188.34367,126.79876
move,188.37433,125.41972
move,188.43651,124.12664
move,188.53876,122.88458
move,188.65167,121.7285
move,188.80806,120.46783
move,189.01688,119.19008
move,189.24345,117.93996
move,189.5102,116.71029
move,189.87311,115.4931
move,190.38176,114.224724
move,190.98633,113.13584
move,191.74228,112.13124
move,192.5993,111.26115
move,193.64787,110.48394
move,194.73694,109.93231
move,195.89688,109.47652
move,197.00545,108.96599
move,197.95193,108.18137
move,198.70741,107.12063
move,199.1144,105.9451
move,199.35881,104.53926
move,199.40143,103.31883
move,199.28441,102.078705
move,199.07169,100.85087
move,198.79858,99.62258
move,198.42389,98.42247
move,197.80849,97.30059
move,196.99426,96.342705
move,196.03938,95.48742
move,194.99365,94.66395
move,193.96474,93.83902
move,193.08296,92.92687
move,192.39624,91.873856
move,191.81758,90.675804
move,191.37451,89.51127
move,191.04086,88.260574
move,190.73769,87.00188
move,190.4965,85.74254
move,190.38257,84.46579
move,190.4373,83.1732
move,190.68266,81.90331
move,191.08333,80.685356
move,191.56853,79.48511
move,192.07394,78.33275
move,192.6548,77.18956
move,193.41096,76.066925
move,194.32742,75.086395
move,195.33525,74.18055
move,196.3369,73.304054
move,197.33682,72.35493
move,198.09915,71.22258
move,198.64043,69.98227
move,198.97946,68.633835
move,199.16873,67.426636
move,199.33862,66.03335
move,199.46246,64.732445
move,199.58154,63.39462
move,199.70572,62.032955
move,199.8315,60.610714
move,199.9419,59.320732
move,200.06406,57.910305
move,200.18848,56.58514
move,200.32416,55.163803
move,200.456,53.81503
move,200.5751,52.44083
move,200.63347,51.03876
move,200.57419,49.648827
move,200.45338,48.250465
move,200.30814,46.866585
move,200.14828,45.447777
move,199.9849,44.053707
move,199.81418,42.636135
move,199.64618,41.230442
move,199.48445,39.86056
move,199.33974,38.415855
move,199.29257,37.001614
move,199.30519,35.610176
move,199.28786,34.218925
move,199.22166,33.010803
move,199.10335,31.612232
move,198.8951,30.237309
move,198.4879,28.93308
move,197.94316,27.679672
move,197.17995,26.460768
move,196.39362,25.494135
move,195.47885,24.478472
move,194.49481,23.564411
move,193.5172,22.626522
move,192.71915,21.5061
move,192.14136,20.30742
move,191.65996,19.002682
move,191.32735,17.776585
move,191.04248,16.464407
move,190.89058,15.118492
move,190.87035,13.860781
move,190.99103,12.548139
move,191.26636,11.296697
move,191.70717,10.131795
move,192.33156,8.929573
move,192.9669,7.8857265
move,193.6724,6.7713795
move,194.35703,5.759184
move,195.22433,4.6721396
move,196.24371,3.708869
move,197.38394,2.8298314
move,198.51309,2.0378227
move,199.70941,1.3529141
move,200.96732,0.8189203
move,202.29276,0.3978556
move,203.69136,0.20019297
move,205.06935,0.13980989
move,206.4365,0.12313168
move,207.64603,0.15512088
move,209.025,0.17858267
move,210.4159,0.14056697
move,211.81761,0.068076156
move,213.20538,-0.033085056
move,214.61626,-0.15001774
move,215.84523,-0.26319945
move,217.23015,-0.39811456
move,218.44827,-0.49662632
move,219.85971,-0.60504055
move,221.07658,-0.71800154
move,222.3085,-0.7905565
move,223.52844,-0.86228275
move,224.75958,-0.9486714
move,225.99226,-0.99895096
move,227.31038,-0.9553252
move,228.71277,-0.89788383
move,229.96977,-0.8388621
move,231.20233,-0.77484006
move,232.42203,-0.6982133
move,233.65369,-0.6194704
move,234.89784,-0.546724
move,236.14388,-0.5272333
move,237.4265,-0.5325329
move,238.68477,-0.5436858
move,239.96725,-0.5348624
move,241.23764,-0.51241857
move,242.50793,-0.48891303
move,243.92343,-0.46627864
move,245.20605,-0.4610906
move,246.53716,-0.4633601
move,247.79565,-0.46824893
move,249.10251,-0.47464287
move,250.4333,-0.4971731
move,251.70352,-0.5281298
move,253.05849,-0.55499446
move,254.28052,-0.5645464
move,255.53882,-0.55466175
move,256.79718,-0.53910923
move,258.07962,-0.5186149
move,259.3862,-0.49889407
move,260.6201,-0.47190145
move,261.8904,-0.44943118
move,263.24564,-0.45101127
move,264.50412,-0.4467873
move,265.82272,-0.4724641
move,267.09116,-0.54423976
move,268.33524,-0.6184173
move,269.7501,-0.66079694
move,271.16504,-0.70847714
move,272.55634,-0.7288434
move,273.77847,-0.72527796
move,275.1813,-0.6847469
move,276.42557,-0.61112934
move,277.69275,-0.52045965
move,279.1068,-0.45143878
move,280.49673,-0.3848781
move,281.897,-0.2891349
move,283.12527,-0.16867954
move,284.36685,-0.0619536
move,285.6363,-0.01350481
move,286.9187,-0.028009579
move,288.17682,-0.04669039
move,289.5438,-0.07235533
move,290.76318,-0.15170066
move,292.09732,-0.30435255
move,293.3315,-0.47735506
move,294.63824,-0.6562797
move,295.8596,-0.8341711
move,297.12033,-0.9904987
move,298.3879,-1.0737702
move,299.76727,-1.0784014
move,301.1226,-1.0656569
move,302.36896,-1.0523003
move,303.7362,-1.0346233
move,304.98117,-0.97786033
move,306.38,-0.86249864
move,307.75278,-0.7279987
move,309.1296,-0.5283254
move,310.5024,-0.23618045
move,311.86096,0.064602956
move,313.22037,0.36170506
move,314.5692,0.65032065
move,315.93564,0.9711383
move,317.30286,1.2888156
move,318.63718,1.5867714
move,319.97363,1.8753258
move,321.23495,2.1671624
move,322.57913,2.5688572
move,323.8888,3.1042216
move,325.04465,3.8510568
move,326.0361,4.842583
move,326.91263,5.922928
move,327.60016,6.91826
move,328.2858,8.156218
move,328.85202,9.440127
move,329.2751,10.586583
move,329.68918,11.927457
move,330.05405,13.282801
move,330.37048,14.463217
move,330.7419,15.816794
move,331.12198,17.142778
move,331.54898,18.467072
move,332.02106,19.788887
move,332.5181,21.07555
move,333.06308,22.342588
move,333.78137,23.587694
move,334.7536,24.50655
move,335.9717,25.152617
move,337.20026,25.828997
move,338.29675,26.699667
move,338.9416,27.73085
move,339.34378,28.972712
move,339.55792,30.187487
move,339.65567,31.490276
move,339.69577,32.72381
move,339.76868,34.13754
move,339.8484,35.35697
move,339.84332,36.578888
move,339.85638,37.885544
move,339.8853,39.131496
move,339.95175,40.33957
move,340.05353,41.569565
move,340.15805,42.799324
move,340.23297,44.01906
move,340.2552,45.434525
move,340.2582,46.680706
move,340.2048,48.083225
move,340.1414,49.412624
move,340.0981,50.742825
move,340.0049,52.046196
move,339.92148,53.25307
move,339.9947,54.677483
move,340.27402,56.064095
move,340.68652,57.39265
move,341.21365,58.692974
move,341.84375,59.946842
move,342.54947,61.18794
move,343.29327,62.363873
move,344.08173,63.495552
move,344.838,64.45519
move,345.77487,65.46706
move,346.82947,66.39228
move,347.96344,67.17673
move,349.22687,67.890945
move,350.4322,68.39429
move,351.77466,68.80216
move,352.98618,69.034134
move,354.30124,69.12574
move,355.59174,69.036766
move,356.8325,68.82862
move,358.1246,68.51036
move,359.37518,68.13157
move,360.55603,67.73293
move,361.74326,67.28073
move,362.9748,66.71595
move,364.02695,66.02897
move,365.00558,65.182175
move,365.8668,64.24882
move,366.60886,63.27831
move,367.30765,62.174496
move,367.89484,61.048496
move,368.34677,59.82321
move,368.6948,58.45147
move,368.9462,57.255493
move,369.1908,56.058117
move,369.45444,54.667183
move,369.68036,53.453823
move,369.92886,52.084698
move,370.20294,50.695812
move,370.53384,49.332016
move,370.91733,48.185387
move,371.5724,46.960068
move,372.5238,45.992188
move,373.76733,45.40592
move,375.0962,44.99349
move,376.2137,44.195324
move,376.93686,43.010826
move,377.43988,41.727036
move,377.82523,40.567352
move,378.23462,39.25012
move,378.6442,37.907623
move,378.97253,36.730648
move,379.28885,35.363216
move,379.57297,34.013386
move,379.8215,32.816822
move,380.013,31.414581
move,380.06256,30.012543
move,379.90714,28.606909
move,379.65787,27.324144
move,379.36615,25.938845
move,379.10416,24.745153
move,378.84137,23.539244
move,378.51462,22.13705
move,378.1437,20.97332
move,377.64413,19.818697
move,377.07217,18.643774
move,376.4528,17.520903
move,375.64185,16.422468
move,374.49597,15.55763
move,373.24652,14.86671
move,372.17038,14.23904
move,371.18982,13.212504
move,370.57666,12.142199
move,370.0576,10.826356
move,369.7313,9.648872
move,369.47156,8.442598
move,369.305,7.23218
move,369.20108,5.905388
move,369.1734,4.611195
move,369.23056,3.329987
move,369.31934,2.0626647
move,369.35214,0.780561
move,369.38492,-0.5136075
move,369.4776,-1.792829
move,369.54913,-3.0733247
move,369.58392,-4.331236
move,369.5799,-5.61372
move,369.5119,-6.8700523
move,369.4952,-7.0750704
cluster,2075
move,-348.9622,-0.101769686
move,-347.45105,-0.2450235
move,-345.9208,-0.29584017
move,-344.40356,-0.34386396
move,-343.05765,-0.38148543
move,-341.712,-0.4261414
move,-340.35516,-0.5119152
move,-338.87772,-0.5645633
move,-337.4943,-0.6482148
move,-336.1256,-0.7514807
move,-334.56216,-0.9027092
move,-333.0593,-0.9682066
move,-331.55508,-0.92876637
move,-329.3387,-0.8534447
move,-327.88754,-0.80412674
move,-326.48914,-0.75660205
move,-325.03793,-0.7072834
move,-324.0645,-0.6742004
move,-322.92465,-0.4693912
move,-321.70212,-0.30651695
move,-320.4757,-0.17586225
move,-319.26602,-0.10366945
move,-318.01144,-0.0849445
move,-316.79962,-0.096646994
move,-315.57758,-0.13417357
move,-314.3677,-0.20412862
move,-313.1272,-0.29827607
move,-311.9177,-0.37487024
move,-310.68558,-0.4287015
move,-309.47546,-0.49299544
move,-308.2451,-0.57916987
move,-307.01315,-0.634077
move,-305.77985,-0.64278305
move,-304.5572,-0.65448534
move,-303.33502,-0.62737596
move,-302.08313,-0.5415535
move,-300.87247,-0.49076545
move,-299.61777,-0.49921268
move,-298.39514,-0.5005158
move,-297.18442,-0.4490768
move,-295.9431,-0.36537418
move,-294.711,-0.31390995
move,-293.48856,-0.3247003
move,-292.23886,-0.43468747
move,-291.12567,-0.58363354
move,-289.9013,-0.73033357
move,-288.6708,-0.8136142
move,-287.44937,-0.8683532
move,-286.22748,-0.91092503
move,-284.98386,-0.94539535
move,-283.76157,-0.9753347
move,-282.50684,-0.97370297
move,-281.28482,-0.9359294
move,-280.15952,-0.893958
move,-279.06787,-0.8237351
move,-277.85062,-0.70967275
move,-276.6131,-0.582174
move,-275.3776,-0.43682516
move,-274.14932,-0.2396135
move,-272.94046,0.004583692
move,-271.75513,0.34059972
move,-270.7085,1.0175979
move,-270.0551,2.0276475
move,-269.73743,3.2500148
move,-269.5998,4.4752064
move,-269.5725,5.8004518
move,-269.59116,7.318329
move,-269.60388,8.862658
move,-269.6091,10.367449
move,-269.62027,11.898588
move,-269.65015,13.429501
move,-269.67868,14.762395
move,-269.71155,16.306446
move,-269.741,17.837364
move,-269.76236,19.170387
move,-269.78436,20.727837
move,-269.79092,22.06099
move,-269.7352,23.57786
move,-269.67075,24.909506
move,-269.59213,26.451906
move,-269.52124,27.783213
move,-269.47345,29.10234
move,-269.45016,30.461697
move,-269.43613,32.032444
move,-269.41333,33.365437
move,-269.38992,34.711636
move,-269.37158,36.255917
move,-269.3865,37.602184
move,-269.51767,39.11368
move,-269.77524,40.60944
move,-270.1116,42.076015
move,-270.53278,43.49259
move,-271.07068,44.72562
move,-271.8682,46.07829
move,-272.7748,47.310993
move,-273.84836,48.399857
move,-275.04953,49.149403
move,-276.36035,49.57127
move,-277.7345,49.784504
move,-279.13626,49.84435
move,-280.53903,49.802464
move,-281.9156,49.714397
move,-283.26825,49.633175
move,-284.64694,49.645622
move,-286.0124,49.83244
move,-287.30307,50.27444
move,-288.393,51.10543
move,-289.13654,52.2349
move,-289.6543,53.52385
move,-289.94028,54.84781
move,-290.13278,56.2137
move,-290.29282,57.583652
move,-290.38144,58.935764
move,-290.3917,60.29079
move,-290.33392,61.656776
move,-290.26904,63.046745
move,-290.17407,64.43496
move,-290.04324,65.80813
move,-289.92084,67.036224
move,-289.77448,68.395615
move,-289.60675,69.61832
move,-289.4083,70.82418
move,-289.14886,72.22821
move,-288.8502,73.599556
move,-288.55774,74.773636
move,-288.15094,76.12939
move,-287.58136,77.42192
move,-286.669,78.483
move,-285.5343,79.326645
move,-284.24484,79.96345
move,-283.06174,80.25958
move,-281.62436,80.272026
move,-280.3648,80.10779
move,-279.12476,79.89349
move,-277.74268,79.64839
move,-276.37863,79.44397
move,-275.00693,79.30136
move,-273.6681,79.3525
move,-272.52612,79.73816
move,-271.4252,80.61462
move,-270.7917,81.74932
move,-270.44116,83.00672
move,-270.26807,84.27687
move,-270.22784,85.59478
move,-270.22287,86.974174
move,-270.20047,88.35335
move,-270.12518,89.73051
move,-270.00363,91.080215
move,-269.84448,92.438194
move,-269.65887,93.81723
move,-269.48276,95.17312
move,-269.31342,96.52989
move,-269.15817,97.87617
move,-269.04358,99.213135
move,-269.04962,100.5683
move,-269.03375,101.92339
move,-269.00467,103.278275
move,-268.95062,104.644485
move,-268.91016,106.035324
move,-268.9598,107.38938
move,-269.06885,108.7887
move,-269.1917,110.11397
move,-269.37766,111.48069
move,-269.58762,112.85626
move,-269.81268,114.21718
move,-270.02936,115.60392
move,-270.20407,116.99661
move,-270.37494,118.377594
move,-270.5393,119.74717
move,-270.68234,121.13128
move,-270.7848,122.50683
move,-270.83997,123.909294
move,-270.88174,125.16701
move,-270.9226,126.38842
move,-270.96066,127.8036
move,-270.98172,129.04968
move,-270.9559,130.47716
move,-270.89166,131.70967
move,-270.8118,132.91707
move,-270.7297,134.14854
move,-270.64706,135.40422
move,-270.56958,136.63599
move,-270.50513,137.8685
move,-270.47086,139.13846
move,-270.44366,140.40868
move,-270.40182,141.64212
move,-270.3299,142.87422
move,-270.24606,144.14201
move,-270.16885,145.36168
move,-270.1334,146.59503
move,-270.22873,147.83672
move,-270.48404,149.03137
move,-270.90256,150.19122
move,-271.51263,151.26244
move,-272.27542,152.21602
move,-273.1625,153.07304
move,-274.2806,153.94081
move,-275.27594,154.67064
move,-276.25757,155.43787
move,-277.225,156.4677
move,-277.94998,157.70937
move,-278.47784,159.03513
move,-278.79132,160.21567
move,-279.00143,161.62735
move,-279.0974,163.02745
move,-279.13293,164.26111
move,-279.1535,165.48305
move,-279.17593,166.72917
move,-279.20337,167.96306
move,-279.23135,169.19695
move,-279.27014,170.62424
move,-279.30017,171.84604
move,-279.3635,173.28442
move,-279.45,174.50345
move,-279.53308,175.72269
move,-279.62408,177.01419
move,-279.70926,178.24547
move,-279.74817,179.63599
move,-279.70255,180.86925
move,-279.58966,182.25603
move,-279.3942,183.63351
move,-279.0777,184.98787
move,-278.6033,186.269
move,-277.91287,187.50327
move,-277.0754,188.53552
move,-275.97678,189.33899
move,-274.68286,189.77235
move,-273.3116,190.12431
move,-272.0704,190.58765
move,-271.099,191.55034
move,-270.54712,192.83557
move,-270.24432,194.16823
move,-270.05988,195.55943
move,-269.9274,196.94463
move,-269.79736,198.3422
move,-269.66946,199.72781
move,-269.5628,200.93309
move,-269.46722,202.29706
move,-269.38815,203.6859
move,-269.42722,205.07683
move,-269.4797,206.47943
move,-269.52542,207.84595
move,-269.56775,209.22466
move,-269.62924,210.50572
move,-269.71664,211.82173
move,-269.80777,213.08897
move,-269.9321,214.4018
move,-270.16855,215.62491
move,-270.68097,216.93857
move,-271.70193,217.86707
move,-272.98434,218.42946
move,-274.3146,218.83743
move,-275.6302,219.25203
move,-276.7964,219.92444
move,-277.63803,220.98083
move,-278.1807,222.17941
move,-278.45828,223.51721
move,-278.64536,224.82278
move,-278.82614,226.17795
move,-278.93326,227.51672
move,-279.03473,228.85597
move,-279.13837,230.21938
move,-279.23947,231.53441
move,-279.34424,232.87344
move,-279.44925,234.21248
move,-279.53903,235.52827
move,-279.623,236.85664
move,-279.708,238.17282
move,-279.80246,239.51259
move,-279.89917,240.85222
move,-280.01297,242.1905
move,-280.12805,243.54082
move,-280.23926,244.86714
move,-280.34875,246.21793
move,-280.4385,247.57014
move,-280.51462,248.9232
move,-280.55106,250.26555
move,-280.5489,251.60872
move,-280.54483,252.98817
move,-280.53424,254.31917
move,-280.5055,255.68614
move,-280.47577,257.06522
move,-280.43857,258.41995
move,-280.37613,259.77368
move,-280.28073,261.13766
move,-280.1555,262.49918
move,-279.99112,263.85648
move,-279.73212,265.2232
move,-279.30713,266.52048
move,-278.56143,267.67465
move,-277.54675,268.5664
move,-276.27835,269.05103
move,-274.98978,269.16483
move,-273.77988,269.1596
move,-272.52173,269.1361
move,-271.15472,269.11267
move,-269.93283,269.09296
move,-268.54135,269.09213
move,-267.12604,269.12424
move,-265.89526,269.21497
move,-264.6634,269.40097
move,-263.37305,269.94943
move,-262.55417,270.83475
move,-261.924,271.90845
move,-261.3745,273.19946
move,-260.9029,274.53415
move,-260.52356,275.7086
move,-260.0704,277.06244
move,-259.4157,278.28522
move,-258.53183,279.13495
move,-257.2722,279.7468
move,-255.9081,280.16672
move,-254.55461,280.48904
move,-253.324,280.68384
move,-251.91325,280.7999
move,-250.4895,280.90607
move,-249.0915,281.03113
move,-247.66978,281.16263
move,-246.2715,281.28345
move,-244.88077,281.31802
move,-243.47229,281.1903
move,-242.26807,280.98212
move,-240.85074,280.7283
move,-239.44557,280.4754
move,-238.24438,280.25034
move,-236.82936,279.9836
move,-235.62402,279.71918
move,-234.45041,279.37906
move,-233.30504,278.8931
move,-232.2811,278.20667
move,-231.402,277.30972
move,-230.72717,276.19354
move,-230.23465,275.00958
move,-229.75339,273.80765
move,-229.15462,272.52692
move,-228.33844,271.51044
move,-227.35019,270.75525
move,-226.26172,270.20224
move,-224.91615,269.81052
move,-223.69215,269.65707
move,-222.47192,269.5909
move,-221.23822,269.55887
move,-220.01633,269.58008
move,-218.77017,269.59912
move,-217.37878,269.61618
move,-216.15686,269.63843
move,-214.75359,269.66522
move,-213.3743,269.68448
move,-211.98291,269.70255
move,-210.77301,269.71445
move,-209.39368,269.72388
move,-208.00209,269.72696
move,-206.61052,269.72607
move,-205.2312,269.71774
move,-203.85175,269.7113
move,-202.47354,269.76236
move,-201.09663,269.84552
move,-199.73157,269.92325
move,-198.35329,269.9789
move,-196.97466,270.02524
move,-195.61015,270.11124
move,-194.22122,270.3091
move,-192.89133,270.62576
move,-191.60649,271.0879
move,-190.57578,271.99097
move,-190.08398,273.25015
move,-189.71573,274.55426
move,-189.31854,275.8751
move,-188.69164,277.09705
move,-187.6694,277.9731
move,-186.40486,278.51715
move,-185.11084,278.82425
move,-183.7408,278.9761
move,-182.38602,278.98672
move,-181.03102,278.9621
move,-179.50925,279.04062
move,-178.22198,279.1791
move,-176.95006,279.34393
move,-175.64148,279.50717
move,-174.27602,279.5761
move,-172.88611,279.64218
move,-171.50844,279.7117
move,-170.14336,279.78918
move,-168.7541,279.8673
move,-167.365,279.94867
move,-165.97781,280.05762
move,-164.72398,280.16434
move,-163.35254,280.31204
move,-161.94315,280.44522
move,-160.56027,280.5994
move,-159.22012,280.8634
move,-157.95158,281.45227
move,-156.86093,282.31314
move,-155.94766,283.3608
move,-155.23438,284.38272
move,-154.44528,285.5289
move,-153.57306,286.59573
move,-152.35779,287.48807
move,-151.0011,288.12747
move,-149.7268,288.58765
move,-148.38916,288.92227
move,-147.04253,289.15756
move,-145.65892,289.30194
move,-144.25644,289.3457
move,-142.87569,289.1939
move,-141.50432,288.8452
move,-140.18115,288.34393
move,-139.073,287.829
move,-137.84464,287.1512
move,-136.84792,286.44498
move,-135.9443,285.62366
move,-135.07109,284.49652
move,-134.37178,283.4069
move,-133.6911,282.3629
move,-132.81548,281.2676
move,-131.79367,280.36243
move,-130.68347,279.7776
move,-129.43483,279.44418
move,-128.15685,279.36716
move,-126.76772,279.55066
move,-125.38983,279.9239
move,-124.06832,280.3193
move,-122.73422,280.75534
move,-121.40913,281.21823
move,-120.106575,281.70734
move,-118.826935,282.25345
move,-117.648224,282.96054
move,-116.678345,283.95663
move,-115.78442,284.99115
move,-114.88175,286.018
move,-113.890915,286.95804
move,-112.73278,287.72632
move,-111.49854,288.31302
move,-110.23146,288.79303
move,-108.946495,289.1834
move,-107.62912,289.5002
move,-106.3059,289.72855
move,-104.97593,289.91525
move,-103.6649,290.1449
move,-102.34111,290.371
move,-103.6649,290.1449
move,-101.01625,290.49295
move,-99.685776,290.51804
move,-98.3554,290.47794
move,-97.02472,290.46432
move,-95.709206,290.55396
move,-94.39413,290.65356
move,-93.07705,290.72253
move,-91.74765,290.78687
move,-90.404724,290.80313
move,-89.07457,290.75674
move,-87.733955,290.6766
move,-86.39838,290.53683
move,-85.099846,290.25323
move,-83.86489,289.75882
move,-82.70867,289.10468
move,-81.691,288.21234
move,-80.81594,287.1176
move,-80.19548,285.94144
move,-79.68136,284.74002
move,-79.15295,283.55835
move,-78.45485,282.4854
move,-77.47841,281.5494
move,-76.315125,280.83514
move,-75.042244,280.3756
move,-73.677185,280.1087
move,-72.313896,279.89862
move,-70.949974,279.81427
move,-69.570656,279.8013
move,-68.18388,279.69434
move,-66.78912,279.53757
move,-65.41549,279.4117
move,-64.05084,279.32767
move,-62.696056,279.3036
move,-61.34254,279.36438
move,-59.992302,279.47992
move,-58.64334,279.6096
move,-57.3446,279.7538
move,-56.01249,279.92526
move,-54.65826,280.11374
move,-53.29982,280.26645
move,-51.994423,280.32468
move,-50.62727,280.32025
move,-49.296867,280.28168
move,-47.944668,280.1926
move,-46.5785,280.14664
move,-45.237976,280.22617
move,-43.887478,280.339
move,-42.533978,280.40268
move,-41.15547,280.36215
move,-39.816475,280.25763
move,-38.463467,280.1815
move,-37.122204,280.11136
move,-35.78081,280.04376
move,-34.41491,279.98254
move,-33.16919,279.9444
move,-31.766247,279.9014
move,-30.400167,279.84525
move,-29.010977,279.76498
move,-27.657984,279.68756
move,-26.267883,279.6256
move,-24.913242,279.64963
move,-23.546951,279.7021
move,-22.21646,279.73816
move,-20.861448,279.76044
move,-19.518446,279.77682
move,-18.15122,279.79114
move,-16.785437,279.8484
move,-15.445881,280.04855
move,-14.104574,280.36966
move,-12.792482,280.79434
move,-11.5000515,281.2406
move,-10.17754,281.71063
move,-8.879814,282.17825
move,-7.5934834,282.64175
move,-6.297246,283.14624
move,-5.115224,283.87656
move,-4.0837946,284.79068
move,-3.1945224,285.84384
move,-2.4594069,287.01022
move,-1.8354919,288.2401
move,-1.3034762,289.5255
move,-0.85865664,290.8438
move,-0.49468184,292.21097
move,-0.36987248,293.58414
move,-0.32196927,294.9505
move,-0.3010753,296.31766
move,-0.2833655,297.67273
move,-0.267481,299.0521
move,-0.2540034,300.3952
move,-0.24191965,301.75043
move,-0.22967795,303.06934
move,-0.21833518,304.41248
move,-0.21470544,305.77975
move,-0.20831999,307.01395
move,-0.177464,308.33246
move,-0.11558185,309.71042
move,-0.030590853,311.0751
move,0.044814162,312.47668
move,0.13484249,313.84103
move,0.23602988,315.20465
move,0.33558378,316.6169
move,0.41451752,317.9819
move,0.5007145,319.3829
move,0.59372467,320.60144
move,0.7243296,321.98682
move,0.8911946,323.36823
move,1.106717,324.75504
move,1.3711418,326.1458
move,1.6629691,327.54355
move,1.9370785,328.93243
move,2.1955144,330.32425
move,2.3306198,331.5504
move,2.3698356,332.98962
move,2.387211,334.393
move,2.345466,335.65048
move,2.2039924,337.04654
move,2.0144463,338.266
move,1.7632301,339.6592
move,1.5293659,340.88336
move,1.2756075,342.2638
move,1.0390859,343.4628
move,0.81364346,344.85995
move,0.6700142,346.2805
move,0.5457519,347.66644
move,0.45844123,348.88544
move,0.41374022,350.31247
move,0.3900066,351.54648
move,0.36391035,352.8893
move,0.34460402,354.13544
move,0.33712938,355.51486
move,0.33353582,356.74902
move,0.3279815,358.00742
move,0.32382894,359.24158
move,0.32876605,360.62103
move,0.34658659,361.8914
move,0.36830583,363.2584
move,0.39099053,364.54068
move,0.4148537,365.85922
move,0.43697116,367.08093
cluster,1975
move,-203.51051,-370.66513
move,-202.19565,-370.88547
move,-200.84517,-371.131
move,-199.54904,-371.57632
move,-198.3612,-372.26105
move,-197.2702,-373.1355
move,-196.32529,-374.14832
move,-195.41861,-375.1966
move,-194.43503,-376.31778
move,-193.3083,-377.20575
move,-192.01152,-377.96814
move,-190.71526,-378.49072
move,-189.38812,-378.88913
move,-188.02785,-379.1523
move,-186.65652,-379.35352
move,-185.2442,-379.5476
move,-183.86984,-379.7265
move,-182.49146,-379.87085
move,-181.10776,-379.9467
move,-179.70891,-379.93085
move,-178.32704,-379.82776
move,-176.94864,-379.6829
move,-175.51694,-379.53983
move,-174.16234,-379.42352
move,-172.76663,-379.32425
move,-171.42888,-379.17432
move,-170.03873,-378.92554
move,-168.72441,-378.57944
move,-167.46844,-378.06427
move,-166.3048,-377.2485
move,-165.31145,-376.11978
move,-164.46211,-375.05814
move,-163.59685,-374.00946
move,-162.63248,-373.05426
move,-161.54369,-372.26382
move,-160.36328,-371.61832
move,-159.08533,-371.1177
move,-157.6391,-370.70395
move,-156.32487,-370.41187
move,-155.00764,-370.1331
move,-153.53448,-369.7686
move,-152.1126,-369.27637
move,-150.8579,-368.82562
move,-149.61917,-368.33286
move,-148.40413,-367.81732
move,-147.05261,-367.12753
move,-145.86218,-366.34485
move,-144.72285,-365.30493
move,-143.8604,-364.28897
move,-143.07692,-363.19437
move,-142.36775,-362.01974
move,-141.7958,-360.62976
move,-141.46317,-359.3257
move,-141.23558,-357.9855
move,-141.16255,-356.6421
move,-141.20592,-355.28342
move,-141.34749,-353.95816
move,-141.62083,-352.62692
move,-142.01996,-351.3139
move,-142.51573,-350.01974
move,-143.04791,-348.75433
move,-143.63582,-347.49948
move,-144.3254,-346.25214
move,-145.12103,-345.07
move,-146.06952,-344.02536
move,-147.18904,-343.12347
move,-148.4337,-342.37775
move,-149.78275,-341.7751
move,-151.17665,-341.32443
move,-152.59866,-340.92023
move,-154.03407,-340.56635
move,-155.47948,-340.25626
move,-156.91544,-340.04407
move,-158.36337,-339.93765
move,-159.84138,-339.906
move,-161.39883,-339.9184
move,-162.89024,-339.93768
move,-164.39497,-339.9505
move,-165.89854,-340.00937
move,-167.42767,-340.08868
move,-168.75864,-340.16495
move,-170.2335,-340.267
move,-171.70685,-340.389
move,-173.12694,-340.51343
move,-174.71024,-340.53064
move,-176.10698,-340.45358
move,-177.4209,-340.2356
move,-178.87251,-339.79337
move,-180.15735,-339.24313
move,-181.32504,-338.47495
move,-182.36894,-337.52493
move,-183.32149,-336.4472
move,-184.20824,-335.3478
move,-185.1639,-334.29205
move,-186.23996,-333.46347
move,-187.45699,-332.77466
move,-188.78079,-332.17862
move,-190.08885,-331.6461
move,-191.38431,-331.1534
move,-192.6686,-330.6684
move,-194.02371,-330.18484
move,-195.33362,-329.77475
move,-196.69427,-329.39603
move,-198.05878,-329.03125
move,-199.47424,-328.65274
move,-200.83704,-328.23605
move,-202.10663,-327.68237
move,-203.32599,-326.97153
move,-204.43929,-326.083
move,-205.44185,-325.052
move,-206.30383,-323.91763
move,-206.98537,-322.72675
move,-207.56201,-321.42343
move,-208.00266,-320.0959
move,-208.33585,-318.69662
move,-208.55844,-317.30228
move,-208.68132,-315.82935
move,-208.69943,-314.4172
move,-208.64064,-312.96664
move,-208.49054,-311.53613
move,-208.1292,-310.11896
move,-207.55028,-308.817
move,-206.82852,-307.57312
move,-205.93585,-306.37888
move,-204.99823,-305.2703
move,-205.93585,-306.37888
move,-204.04279,-304.23004
move,-204.99823,-305.2703
move,-203.11331,-303.10028
move,-202.38747,-301.79822
move,-201.82114,-300.61456
move,-201.30333,-299.36237
move,-200.88164,-298.20245
move,-200.41684,-296.86523
move,-199.9816,-295.58185
move,-199.5317,-294.23956
move,-199.04149,-292.9246
move,-198.5515,-291.8051
move,-197.96617,-290.56952
move,-197.30812,-289.33
move,-196.58102,-288.1724
move,-195.75061,-287.08676
move,-194.8201,-286.05258
move,-193.8153,-285.1627
move,-192.66331,-284.3846
move,-191.44795,-283.7328
move,-190.22926,-283.11288
move,-188.99983,-282.4874
move,-187.74881,-281.85095
move,-185.79681,-280.8578
move,-184.70746,-280.3039
move,-184.06064,-279.9749
move,-183.94463,-279.84625
move,-183.26466,-279.15158
move,-182.5005,-278.3912
move,-181.74876,-277.6458
move,-181.10173,-276.8583
move,-180.59315,-275.92062
move,-180.27206,-275.01392
move,-180.04793,-273.91147
move,-179.95918,-272.80835
move,-179.91934,-271.70224
move,-179.89375,-270.5956
move,-179.89644,-269.51773
move,-179.97069,-268.43298
move,-180.14822,-267.3702
move,-180.44191,-266.34396
move,-180.91736,-265.38968
move,-181.5841,-264.54416
move,-182.33682,-263.75934
move,-183.12074,-263.03372
move,-183.94595,-262.3708
move,-184.80997,-261.77615
move,-185.6909,-261.26178
move,-186.59341,-260.78592
move,-187.50941,-260.3152
move,-188.435,-259.84195
move,-189.37791,-259.3604
move,-190.3123,-258.8833
move,-191.22092,-258.41922
move,-192.12914,-257.9544
move,-193.07155,-257.4513
move,-193.96324,-256.91724
move,-194.81752,-256.3091
move,-195.59135,-255.58781
move,-196.2435,-254.76724
move,-196.74347,-253.94513
move,-197.1896,-253.06001
move,-197.59097,-252.04984
move,-197.86374,-251.05731
move,-198.0048,-250.07664
move,-198.1122,-249.11044
move,-198.22224,-248.11551
move,-198.34132,-247.08286
move,-198.44928,-246.09738
move,-198.57365,-244.97812
move,-198.67155,-244.01097
move,-198.71638,-242.8861
move,-198.73239,-241.75044
move,-198.76036,-240.63437
move,-198.80547,-239.50912
move,-198.85097,-238.32227
move,-198.90334,-236.90752
move,-198.98077,-235.55452
move,-199.07112,-234.15385
move,-199.1647,-232.7534
move,-199.26787,-231.39003
move,-199.37479,-230.02687
move,-199.47961,-228.67572
move,-199.57544,-227.37242
move,-199.67177,-226.05705
move,-199.76955,-224.76605
move,-199.86185,-223.48676
move,-199.95178,-222.15883
move,-200.02753,-220.87846
move,-200.09334,-219.537
move,-200.11891,-218.2305
move,-200.13365,-216.8875
move,-200.13399,-215.56856
move,-200.16037,-214.25003
move,-200.24094,-212.90956
move,-200.45561,-211.5968
move,-200.80414,-210.31271
move,-201.28497,-209.03343
move,-201.89081,-207.87706
move,-202.70918,-206.79848
move,-203.64134,-205.8318
move,-204.515,-204.96002
move,-205.38141,-204.08107
move,-206.30873,-203.0602
move,-207.13376,-202.00125
move,-207.85912,-200.84297
move,-208.42584,-199.60017
move,-208.75223,-198.4232
move,-209.02936,-197.13371
move,-209.31792,-195.77246
move,-209.56674,-194.58838
move,-209.8133,-193.2683
move,-209.98949,-191.91255
move,-210.07565,-190.5239
move,-210.07187,-189.10847
move,-209.95374,-187.75885
move,-209.69681,-186.4166
move,-209.29086,-185.13704
move,-208.68207,-183.90182
move,-207.82141,-182.85995
move,-206.75049,-181.9936
move,-205.51427,-181.39221
move,-204.17548,-181.12671
move,-202.78722,-181.03603
move,-201.4092,-180.97365
move,-200.06013,-180.84602
move,-198.70203,-180.68755
move,-197.39201,-180.53484
move,-196.02408,-180.35796
move,-194.67085,-180.16238
move,-193.33144,-179.9564
move,-192.00401,-179.7523
move,-190.63347,-179.5977
move,-189.33081,-179.49356
move,-187.95296,-179.43517
move,-186.60997,-179.42104
move,-185.30325,-179.41023
move,-183.96027,-179.39613
move,-182.61824,-179.34882
move,-181.24088,-179.27417
move,-179.8631,-179.20825
move,-178.48514,-179.25212
move,-177.19748,-179.3867
move,-175.86278,-179.5367
move,-174.56392,-179.68024
move,-173.26128,-179.78358
move,-171.96875,-179.8586
move,-170.6764,-179.93703
move,-169.38342,-180.00294
move,-168.07808,-180.06407
move,-166.7845,-180.11752
move,-165.49057,-180.16235
move,-164.14803,-180.20082
move,-162.82916,-180.207
move,-161.53513,-180.16777
move,-160.19093,-180.00867
move,-158.95186,-179.56659
move,-157.84425,-178.83391
move,-156.89754,-177.88344
move,-156.06323,-176.81586
move,-155.2699,-175.74713
move,-154.44316,-174.67348
move,-153.5309,-173.7225
move,-152.45435,-172.9217
move,-151.29817,-172.28906
move,-150.03987,-171.82211
move,-148.74802,-171.50316
move,-147.39407,-171.31636
move,-146.03061,-171.21513
move,-144.67807,-171.13051
move,-143.31229,-171.06592
move,-141.95752,-171.03125
move,-140.5781,-171.03075
move,-139.19862,-171.03633
move,-137.80704,-171.04175
move,-136.42761,-171.03796
move,-135.20583,-171.01076
move,-133.79047,-170.97943
move,-132.56865,-170.95299
move,-131.20184,-170.91678
move,-129.7391,-170.85234
move,-128.51846,-170.7923
move,-127.15275,-170.72626
move,-125.81071,-170.67384
move,-124.43138,-170.67824
move,-123.06454,-170.71164
move,-121.69346,-170.85118
move,-120.355736,-171.18552
move,-119.11209,-171.6567
move,-117.90102,-172.34027
move,-116.80538,-173.13657
move,-115.83082,-174.07631
move,-115.00795,-175.16678
move,-114.30625,-176.31186
move,-113.6197,-177.4521
move,-112.7779,-178.5248
move,-111.73963,-179.33435
move,-110.54302,-179.85057
move,-109.25607,-180.13597
move,-107.95863,-180.28415
move,-106.62839,-180.26094
move,-105.335335,-180.1955
move,-104.00626,-180.12424
move,-102.71401,-180.04466
move,-101.40029,-179.92844
move,-100.10454,-179.75993
move,-98.81528,-179.43785
move,-97.6574,-178.89047
move,-96.62063,-178.08182
move,-95.824196,-177.0482
move,-95.12416,-175.94475
move,-94.38947,-174.83514
move,-93.54416,-173.82433
move,-92.54192,-172.96986
move,-91.42224,-172.27405
move,-90.21135,-171.66699
move,-88.96368,-171.24168
move,-87.74022,-170.94792
move,-86.523125,-170.74637
move,-85.14566,-170.69012
move,-83.7716,-170.78978
move,-82.43893,-171.2469
move,-81.39647,-172.1373
move,-80.66998,-173.34807
move,-80.17246,-174.65942
move,-79.84074,-176.02238
move,-79.602615,-177.43015
move,-79.39306,-178.63406
move,-79.065285,-179.81058
move,-78.43284,-180.12764
move,-77.96766,-181.20883
move,-77.47856,-182.32759
move,-76.94125,-183.42314
move,-76.14678,-184.35619
move,-75.1141,-185.14236
move,-74.144936,-185.78923
move,-73.10641,-186.41019
move,-72.06767,-187.03075
move,-71.038414,-187.64569
move,-70.634155,-187.88724
move,-70.463234,-187.98718
move,-69.429726,-188.595
move,-68.364746,-189.21436
move,-67.27968,-189.72023
move,-66.10269,-190.11989
move,-64.96471,-190.41724
move,-63.755356,-190.65237
move,-62.578575,-190.88216
move,-61.488037,-191.09442
move,-60.247765,-191.3429
move,-59.113777,-191.69109
move,-58.054962,-192.275
move,-57.07337,-193.01791
move,-56.207775,-193.8625
move,-55.447796,-194.81728
move,-54.73622,-195.82298
move,-53.97375,-196.78954
move,-53.077522,-197.6497
move,-52.137615,-198.39377
move,-51.125504,-199.1146
move,-50.062855,-199.69124
move,-48.92063,-200.1521
move,-47.795433,-200.495
move,-46.60495,-200.61394
move,-45.427246,-200.46942
move,-44.262875,-200.23372
move,-43.089497,-200.05188
move,-41.930923,-199.92137
move,-40.747997,-199.81267
move,-39.57236,-199.75883
move,-38.395397,-199.75867
move,-37.18543,-199.75258
move,-35.99744,-199.75354
move,-34.689686,-199.8061
move,-33.570225,-199.88158
move,-32.40631,-199.95119
move,-31.24274,-200.02538
move,-30.079317,-200.1022
move,-28.819004,-200.21094
move,-27.55894,-200.32243
move,-26.287584,-200.43095
move,-25.014606,-200.51701
move,-23.738972,-200.511
move,-22.476496,-200.43233
move,-21.207203,-200.30287
move,-19.959785,-200.09491
move,-18.861374,-199.81851
move,-17.73421,-199.30235
move,-16.748074,-198.49712
move,-15.883416,-197.58911
move,-15.051331,-196.60748
move,-14.290745,-195.68059
move,-13.550278,-194.82314
move,-12.671598,-193.89825
move,-11.680764,-193.07928
move,-10.718973,-192.46066
move,-9.563469,-191.89635
move,-8.524276,-191.5046
move,-7.264893,-191.19592
move,-6.0089245,-191.04884
move,-4.735457,-190.9689
move,-3.6152587,-190.90532
move,-2.3521428,-190.83633
move,-1.2316494,-190.77821
move,0.04309614,-190.72163
move,1.2960088,-190.66945
move,2.4168565,-190.61868
move,3.702377,-190.557
move,2.4168565,-190.61868
move,4.9543104,-190.48532
move,6.2166324,-190.40305
move,7.3247595,-190.32326
move,8.607299,-190.21652
move,9.735819,-190.11658
move,10.910919,-190.05002
move,12.097722,-189.9968
move,13.351446,-189.97473
move,14.461515,-190.017
move,15.712415,-190.10428
move,17.023277,-190.25632
move,18.292,-190.47235
move,19.490404,-190.63687
move,20.659607,-190.77077
move,21.820057,-190.96722
move,23.004362,-191.15207
move,24.178453,-191.2325
move,25.355127,-191.25475
move,26.542803,-191.23029
move,27.685635,-191.17885
move,28.83972,-191.13315
move,30.004982,-191.09238
move,31.190664,-191.01878
move,32.34358,-190.9495
move,33.452904,-190.88893
move,34.59651,-190.8627
move,35.761234,-190.90675
move,36.904068,-191.07022
move,38.023586,-191.3518
move,39.244595,-191.84996
move,40.282234,-192.40521
move,41.27399,-192.97534
move,42.24704,-193.55573
move,43.313164,-194.19478
move,44.26495,-194.82855
move,45.2003,-195.61263
move,46.0133,-196.41713
move,46.883904,-197.30411
move,47.79393,-197.95674
move,48.82385,-198.47823
move,49.917652,-198.88052
move,51.130432,-199.23985
move,52.366222,-199.55699
move,53.50484,-199.8081
move,54.59664,-200.01329
move,55.794796,-200.18173
move,56.950912,-200.33281
move,58.075943,-200.46661
move,59.259968,-200.56169
move,60.467205,-200.64188
move,61.61572,-200.76357
move,62.83764,-200.92049
move,63.975758,-201.0362
move,65.11736,-201.10886
move,66.22797,-201.13481
move,67.38102,-201.07228
move,68.49671,-200.954
move,69.700005,-200.82773
move,70.9161,-200.71858
move,72.18627,-200.59682
move,73.313354,-200.48141
move,74.53191,-200.40997
move,75.653786,-200.41782
move,76.78674,-200.40866
move,77.908745,-200.40474
move,79.06373,-200.40091
move,80.33888,-200.4471
move,81.51496,-200.49371
move,82.67975,-200.54692
move,83.787,-200.63652
move,84.90582,-200.81058
move,86.04957,-201.12976
move,87.161156,-201.5158
move,88.20389,-202.0776
move,89.002884,-202.87578
move,89.616806,-203.91592
move,90.03309,-204.95732
move,90.37899,-206.11653
move,90.678345,-207.20927
move,90.97226,-208.28069
move,91.27507,-209.38387
move,91.57491,-210.46506
move,91.98244,-211.68533
move,92.44914,-212.72923
move,93.09704,-213.81464
move,93.94096,-214.76802
move,94.91778,-215.57092
move,95.98278,-216.31252
move,96.92259,-216.8839
move,97.982315,-217.44371
move,99.021126,-217.8667
move,100.22114,-218.30046
move,101.287155,-218.6843
move,102.46706,-219.109
move,103.61532,-219.49017
move,104.750946,-219.79918
move,105.87179,-220.07803
move,106.96061,-220.34885
move,108.04105,-220.6506
move,109.10035,-221.01999
move,110.10843,-221.48555
move,111.065796,-222.04861
move,111.96895,-222.6949
move,112.826675,-223.41788
move,113.75174,-224.31235
move,114.63172,-225.2363
move,115.39028,-226.04803
move,116.185844,-226.8388
move,117.151306,-227.65588
move,118.04798,-228.29242
move,119.02547,-228.8423
move,120.18167,-229.35397
move,121.24133,-229.68605
move,122.46874,-229.94086
move,123.74835,-230.07164
move,124.990326,-230.04039
move,126.25955,-229.91083
move,127.5062,-229.69812
move,128.73413,-229.39471
move,129.96342,-229.01495
move,131.09698,-228.45863
move,132.15605,-227.78714
move,133.2524,-227.1131
move,134.3037,-226.45032
move,135.33104,-225.69408
move,136.24821,-224.80852
move,137.06801,-223.84538
move,137.83578,-222.82648
move,138.49686,-221.73625
move,138.94395,-220.71954
move,139.32959,-219.68945
move,139.73727,-218.46886
move,140.08853,-217.26509
move,140.45816,-216.06696
move,140.84923,-214.9802
move,141.29022,-213.92485
move,141.89076,-212.8125
move,142.70815,-211.76562
move,143.70988,-210.96275
move,144.90393,-210.50058
move,146.1676,-210.33983
move,147.28856,-210.2915
move,148.57455,-210.24103
move,149.70602,-210.18251
move,150.95842,-210.11917
move,152.22087,-210.03897
move,153.48518,-210.00922
move,154.76106,-210.0259
move,155.86095,-210.01326
move,157.10278,-209.96164
move,158.35378,-209.875
move,159.60626,-209.81976
move,160.87119,-209.81377
move,162.16898,-209.83649
move,163.4228,-209.81715
move,164.66539,-209.79097
move,165.93008,-209.8187
move,167.173,-209.82909
move,168.43735,-209.86299
move,169.54585,-209.93716
move,170.83055,-210.01361
move,171.95181,-210.04897
move,173.0625,-210.02412
move,174.15881,-209.93604
move,175.2831,-209.79697
move,176.38574,-209.54262
move,177.38991,-209.07289
move,178.25885,-208.35347
move,178.9526,-207.24763
move,179.37927,-206.19896
move,179.7045,-205.10233
move,180.06567,-204.02994
move,180.63882,-203.05453
move,181.3964,-202.19955
move,182.30191,-201.52078
move,183.38275,-200.98085
move,184.47581,-200.68939
move,185.68794,-200.54958
move,186.84193,-200.50377
move,187.96391,-200.50389
move,189.07462,-200.52461
move,190.35034,-200.55005
move,191.48222,-200.599
move,192.57951,-200.67625
move,193.69733,-200.77185
move,194.8249,-200.8823
move,195.95357,-200.98122
move,197.21764,-201.0194
move,198.32826,-200.99327
move,199.60352,-200.95259
move,200.86665,-200.88795
move,202.16063,-200.7887
move,203.4031,-200.7543
move,204.65613,-200.78766
move,205.90309,-200.9191
move,207.15675,-201.08806
move,208.40039,-201.2469
move,209.65326,-201.29855
move,210.9174,-201.34486
move,212.18217,-201.36575
move,213.4459,-201.31735
move,214.7279,-201.20482
move,215.97374,-201.06216
move,217.22728,-200.8924
move,218.46861,-200.71468
move,219.67046,-200.57866
move,220.95671,-200.5459
move,222.17555,-200.6181
move,223.43837,-200.69203
move,224.70317,-200.67978
move,225.89085,-200.65154
move,227.04501,-200.60768
move,228.22086,-200.55536
move,229.40791,-200.5076
move,230.58405,-200.46281
move,231.73787,-200.41016
move,232.93556,-200.35432
move,234.23235,-200.29814
move,235.50746,-200.25119
move,236.71664,-200.20676
move,237.9705,-200.18874
move,239.1034,-200.17355
move,240.2803,-200.16008
move,241.46822,-200.14815
move,242.59018,-200.13637
move,243.89905,-200.12077
move,245.02095,-200.10855
move,246.27437,-200.0714
move,247.395,-200.01709
move,248.52655,-199.96005
move,249.6482,-199.933
move,250.77011,-199.91922
move,251.88109,-199.92516
move,253.07993,-199.94522
move,254.35568,-199.9701
move,255.46637,-199.99457
move,256.56552,-200.03716
move,257.7196,-200.08208
move,259.00565,-200.13171
move,260.20374,-200.17902
move,261.49,-200.21994
move,262.76593,-200.23589
move,264.03088,-200.24934
move,265.14188,-200.24872
move,266.41742,-200.21692
move,267.70358,-200.17085
move,268.97903,-200.13486
move,270.2657,-200.10466
move,271.54114,-200.06833
move,272.80548,-200.02689
move,274.0809,-199.98929
move,275.34546,-199.95544
move,276.44516,-199.92587
move,277.62143,-199.88399
move,278.7534,-199.8349
move,279.92902,-199.77747
move,281.10373,-199.70486
move,282.2794,-199.65012
move,283.39996,-199.59378
move,284.67377,-199.51907
move,285.88348,-199.49794
move,287.13718,-199.47258
move,288.3463,-199.51201
move,289.57123,-199.64258
move,290.81027,-199.8355
move,292.03506,-200.04755
move,293.25693,-200.20349
move,294.49664,-200.29297
move,295.72464,-200.39194
move,296.9824,-200.52704
move,298.20312,-200.69295
move,299.4302,-200.89116
move,300.66528,-201.10817
move,301.88956,-201.32315
move,303.12112,-201.55908
move,304.344,-201.8362
move,305.51938,-202.23846
move,306.66312,-202.7242
move,307.7689,-203.33673
move,308.7122,-204.18922
move,309.3983,-205.19746
move,310.0163,-206.30124
move,310.72806,-207.33153
move,311.70038,-208.18509
move,312.8057,-208.72433
move,313.9096,-209.062
move,315.15814,-209.32451
move,316.38138,-209.54536
move,317.47842,-209.72073
move,318.58127,-209.85455
move,319.68896,-209.9389
move,320.80954,-209.99323
move,322.08542,-210.00076
move,323.20715,-209.97627
move,324.4829,-209.96025
move,325.7801,-210.00632
move,327.06665,-210.03882
move,328.2215,-210.0549
move,329.3431,-210.08086
move,330.45346,-210.11894
move,331.58484,-210.17854
move,332.89044,-210.27206
move,334.04233,-210.35616
move,335.15286,-210.38751
move,336.2744,-210.41705
move,337.52823,-210.43655
move,338.64938,-210.47711
move,339.81342,-210.54402
move,340.94327,-210.6285
move,342.13834,-210.72554
move,343.25443,-210.84029
move,344.4882,-210.9917
move,345.6453,-211.13542
move,346.763,-211.23413
move,347.99216,-211.3173
move,349.1341,-211.38553
move,350.34372,-211.39845
move,351.64124,-211.36234
move,352.82883,-211.32956
move,354.04892,-211.2843
move,355.16943,-211.22678
move,356.31027,-211.14265
move,357.41434,-211.01945
move,358.52438,-210.85646
move,359.27216,-210.7263
cluster,1773
move,-349.67447,-0.0063055195
move,-348.5354,-0.04003544
move,-347.3675,-0.11029845
move,-346.1827,-0.225947
move,-345.01047,-0.36353847
move,-343.98328,-0.5113778
move,-342.8287,-0.70138335
move,-341.7442,-0.87826633
move,-340.5834,-1.0236964
move,-339.4445,-1.1806955
move,-338.39963,-1.3478926
move,-337.29147,-1.5052062
move,-336.19922,-1.6252232
move,-335.13348,-1.6993344
move,-334.02545,-1.7460715
move,-332.92682,-1.7294797
move,-331.7484,-1.6643919
move,-330.6219,-1.5835077
move,-329.49365,-1.531913
move,-328.38522,-1.4936755
move,-327.26868,-1.4178607
move,-326.1528,-1.3320916
move,-325.05447,-1.3032968
move,-323.94577,-1.329173
move,-322.83798,-1.383188
move,-321.7509,-1.44321
move,-320.6438,-1.5098076
move,-319.56747,-1.5795057
move,-318.46082,-1.6527104
move,-317.37393,-1.7144601
move,-316.2852,-1.7175777
move,-315.1778,-1.7184491
move,-313.89523,-1.7192012
move,-312.61267,-1.7217045
move,-311.30643,-1.6930631
move,-310.0139,-1.6186328
move,-308.69873,-1.5200896
move,-307.4384,-1.3605835
move,-306.13275,-1.1741956
move,-304.84988,-0.9998993
move,-303.51852,-0.8229542
move,-302.2348,-0.65513074
move,-300.97104,-0.5248147
move,-299.70544,-0.41340026
move,-298.45267,-0.2943075
move,-297.19946,-0.18027158
move,-295.9436,-0.09849513
move,-294.67578,-0.017316345
move,-293.36475,0.20209195
move,-292.2316,0.7352647
move,-291.26926,1.7121695
move,-290.74078,2.8483303
move,-290.5781,4.149594
move,-290.6814,5.5366225
move,-290.8344,6.88316
move,-290.93884,8.306092
move,-290.88397,9.672262
move,-290.81332,11.037737
move,-290.73975,12.427293
move,-290.67133,13.817105
move,-290.60495,15.182795
move,-290.50296,16.57053
move,-290.398,17.945927
move,-290.2875,19.284468
move,-290.17374,20.671309
move,-290.0561,22.009241
move,-289.951,23.348196
move,-289.89532,24.714245
move,-289.8855,26.06937
move,-289.9036,27.388096
move,-290.01746,28.725534
move,-290.34152,30.03924
move,-290.98663,31.195766
move,-291.93613,32.16071
move,-292.9344,33.022648
move,-293.9716,33.91363
move,-294.95624,34.791054
move,-295.90433,35.7417
move,-296.70798,36.770542
move,-297.34482,37.937866
move,-297.85178,39.19446
move,-298.314,40.4554
move,-298.7054,41.76527
move,-299.02133,43.070568
move,-299.27493,44.36482
move,-299.51636,45.698322
move,-299.72928,47.024433
move,-299.9229,48.341255
move,-300.1625,49.723663
move,-300.69705,50.92247
move,-301.6174,51.962296
move,-302.57672,52.776512
move,-303.63965,53.6557
move,-304.70242,54.53505
move,-305.71555,55.45248
move,-306.62836,56.46973
move,-307.46753,57.56418
move,-308.23383,58.71082
move,-308.87906,59.92871
move,-309.3557,61.209534
move,-309.6804,62.53668
move,-309.83438,63.919006
move,-309.87088,65.285515
move,-309.78076,66.66129
move,-309.5617,67.98606
move,-309.2233,69.2978
move,-308.76,70.59643
move,-308.15897,71.782616
move,-307.3748,72.886406
move,-306.48206,73.88938
move,-305.6068,74.740364
move,-304.654,75.5553
move,-303.66385,76.26919
move,-302.61523,76.89363
move,-301.47412,77.41218
move,-300.32867,77.834526
move,-299.11948,78.24173
move,-297.94034,78.59845
move,-296.71988,78.883965
move,-295.43704,79.08146
move,-294.20456,79.30975
move,-293.00998,79.72045
move,-291.9318,80.43453
move,-291.07767,81.37976
move,-290.47723,82.31342
move,-289.96555,83.46883
move,-289.67334,84.539734
move,-289.49783,85.81396
move,-289.4474,86.95657
move,-289.42072,88.177216
move,-289.37314,89.36426
move,-289.32803,90.50737
move,-289.28278,91.606415
move,-289.17007,92.88842
move,-289.04898,94.169716
move,-288.91345,95.43844
move,-288.74457,96.536446
move,-288.54004,97.77366
move,-288.34384,98.86712
move,-288.04697,100.08509
move,-287.62302,101.27646
move,-287.04178,102.423294
move,-286.30475,103.4638
move,-285.44916,104.39416
move,-284.47165,105.19557
move,-283.40472,105.87415
move,-282.27112,106.483315
move,-281.1314,107.031715
move,-279.94073,107.519875
move,-278.90152,107.88014
move,-277.65848,108.21219
move,-276.55606,108.42041
move,-275.30685,108.61942
move,-274.10825,108.78538
move,-272.9365,108.89604
move,-271.80624,108.97467
move,-270.52014,109.02225
move,-269.40927,109.03674
move,-268.21027,109.04332
move,-267.0772,109.04585
move,-265.87823,109.056274
move,-264.71277,109.08998
move,-263.6026,109.13249
move,-262.47067,109.18133
move,-261.33887,109.23225
move,-260.21783,109.27878
move,-259.08557,109.319405
move,-257.95282,109.342026
move,-256.84204,109.32371
move,-255.72116,109.273544
move,-254.60226,109.190765
move,-253.41972,109.077
move,-252.30318,108.96644
move,-251.19759,108.85702
move,-250.04846,108.74072
move,-248.75293,108.49469
move,-247.55983,108.01867
move,-246.61743,107.41214
move,-245.67297,106.52418
move,-244.86005,105.526794
move,-244.07555,104.506516
move,-243.3828,103.609985
move,-242.66208,102.76492
move,-241.84468,101.96538
move,-240.97418,101.27564
move,-240.02357,100.63992
move,-239.03346,100.13762
move,-237.99855,99.73408
move,-236.93735,99.36986
move,-235.86172,99.05128
move,-234.7483,98.78867
move,-233.63802,98.56293
move,-232.53285,98.36953
move,-231.4094,98.22394
move,-230.28027,98.1311
move,-229.14928,98.06458
move,-228.0054,98.05194
move,-226.87354,98.098854
move,-225.73592,98.21755
move,-224.6076,98.40562
move,-223.50638,98.62041
move,-222.39293,98.8301
move,-221.24974,98.99356
move,-220.12154,99.09666
move,-218.96838,99.16051
move,-217.82455,99.17743
move,-216.68054,99.17695
move,-215.53662,99.166374
move,-214.3048,99.14587
move,-213.19408,99.12185
move,-212.03923,99.10107
move,-210.89534,99.08657
move,-209.75137,99.08176
move,-208.58609,99.12108
move,-207.47725,99.189095
move,-206.25089,99.30624
move,-205.13518,99.42487
move,-203.99774,99.54738
move,-202.8823,99.66856
move,-201.75655,99.796555
move,-200.60965,99.93302
move,-199.48427,100.06416
move,-198.35777,100.18536
move,-197.20744,100.288414
move,-196.087,100.34719
move,-194.93451,100.421005
move,-193.80899,100.61908
move,-192.71866,100.997604
move,-191.70248,101.497215
move,-190.75478,102.153206
move,-189.96585,102.965324
move,-189.27975,103.86576
move,-188.73112,104.85624
move,-188.29672,105.90232
move,-187.89668,106.96232
move,-187.16779,108.03029
move,-186.16118,108.50227
move,-185.05891,108.62425
move,-183.93765,108.5897
move,-182.82864,108.5232
move,-181.70789,108.472374
move,-180.5978,108.51016
move,-179.33565,108.594604
move,-178.22878,108.68818
move,-176.97296,108.96394
move,-175.75325,109.338615
move,-174.69627,109.68083
move,-173.59326,110.05871
move,-172.49141,110.4401
move,-171.28458,110.85448
move,-170.17996,111.26085
move,-168.99748,111.71022
move,-167.9568,112.12919
move,-166.93849,112.59994
move,-165.84723,113.23721
move,-164.97147,114.14258
move,-164.46083,115.186035
move,-164.17078,116.314964
move,-163.85634,117.50555
move,-163.21289,118.587296
move,-162.22104,119.41579
move,-161.08537,119.85784
move,-159.8295,120.07627
move,-158.58891,120.15049
move,-157.34618,120.14233
move,-156.09502,120.05903
move,-154.98753,119.97056
move,-153.73788,119.86627
move,-152.48851,119.75884
move,-151.23909,119.65167
move,-150.00098,119.5412
move,-148.75201,119.42874
move,-147.48108,119.31502
move,-146.22162,119.19672
move,-145.11569,119.09068
move,-143.87756,118.98081
move,-142.6263,118.898026
move,-141.34125,118.82789
move,-140.09853,118.8067
move,-138.87827,118.84633
move,-137.64986,118.93727
move,-136.48146,119.079254
move,-135.20451,119.23997
move,-134.04727,119.38261
move,-132.8212,119.50236
move,-131.67944,119.57369
move,-130.53673,119.628174
move,-129.36128,119.688126
move,-128.17462,119.74389
move,-126.99909,119.80209
move,-125.81425,119.88775
move,-124.63304,120.0135
move,-123.47344,120.263115
move,-122.46014,120.80723
move,-121.632965,121.63976
move,-121.000885,122.66931
move,-120.545166,123.789276
move,-120.21929,124.97654
move,-120.04332,126.15093
move,-119.97418,127.40268
move,-119.95469,128.72255
move,-119.96992,129.92143
move,-119.98626,131.14233
move,-119.99904,132.37424
move,-120.0018,133.62825
move,-119.98183,134.83803
move,-119.959305,136.08081
move,-119.94141,137.30168
move,-119.92544,138.51158
move,-119.9091,139.72148
move,-119.88839,140.93129
move,-119.8486,142.14061
move,-119.791466,143.32722
move,-119.72522,144.56844
move,-119.66564,145.76596
move,-119.622635,146.99721
move,-119.58216,148.18456
move,-119.540245,149.43785
move,-119.52383,150.63661
move,-119.54833,151.84637
move,-119.57144,153.05612
move,-119.59156,154.26598
move,-119.60658,155.46487
move,-119.61531,156.6748
move,-119.6233,157.85176
move,-119.63212,159.06169
move,-119.63657,160.26071
move,-119.652405,161.44861
move,-119.670944,162.66948
move,-119.68824,163.86838
move,-119.70193,165.05627
move,-119.710495,166.21124
move,-119.71509,167.44328
move,-119.721214,168.59828
move,-119.73276,169.74222
move,-119.75583,170.91896
move,-119.770706,172.07385
move,-119.78389,173.27277
move,-119.79673,174.44969
move,-119.81425,175.59354
move,-119.84197,176.7812
move,-119.8699,178.03488
move,-119.870346,179.26682
move,-119.84435,180.50955
move,-119.82332,181.71939
move,-119.80094,182.97319
move,-119.76652,184.22665
move,-119.69772,185.45673
move,-119.611,186.70775
move,-119.522125,187.94759
move,-119.43872,189.18776
move,-119.38842,190.40771
move,-119.34043,191.6388
move,-119.28625,192.88057
move,-119.20434,194.10982
move,-119.09897,195.29306
move,-118.93627,196.44745
move,-118.72009,197.53711
move,-118.4232,198.78934
move,-118.08814,199.9862
move,-117.69715,201.16591
move,-117.19922,202.31583
move,-116.54535,203.38501
move,-115.80435,204.38248
move,-114.96311,205.31139
move,-114.015945,206.149
move,-113.02116,206.85602
move,-111.92701,207.49045
move,-110.80212,207.99208
move,-109.68189,208.38634
move,-108.54098,208.67427
move,-107.34028,208.89536
move,-106.07585,209.06648
move,-104.83929,209.19237
move,-103.638115,209.33762
move,-102.417496,209.50401
move,-101.17732,209.68973
move,-99.9663,209.84515
move,-98.73906,209.9521
move,-97.49893,210.03658
move,-96.21458,210.11906
move,-94.98544,210.2031
move,-93.700294,210.27097
move,-92.528046,210.37535
move,-91.42297,210.56537
move,-90.2853,211.07951
move,-89.31567,211.83743
move,-88.444984,212.72359
move,-87.62182,213.64021
move,-86.79287,214.56645
move,-86.016205,215.42128
move,-85.245735,216.2369
move,-84.441055,217.0183
move,-83.526634,217.70262
move,-82.36964,218.26297
move,-81.29484,218.6208
move,-80.1867,218.90417
move,-78.921715,219.13817
move,-77.80528,219.24803
move,-76.685104,219.31122
move,-75.563965,219.35529
move,-74.45357,219.39128
move,-73.31,219.42223
move,-72.0346,219.40062
move,-70.9004,219.25737
move,-69.831215,219.00072
move,-68.77737,218.61841
move,-67.767975,218.08185
move,-66.83583,217.36668
move,-66.01446,216.37834
move,-65.40483,215.42366
move,-64.79831,214.41496
move,-64.127304,213.51825
move,-63.31167,212.74863
move,-62.371136,212.02332
move,-61.379368,211.36998
move,-60.369175,210.83363
move,-59.33099,210.3532
move,-58.29655,209.9187
move,-57.228848,209.50804
move,-56.166332,209.14818
move,-54.905827,208.84157
move,-53.734123,208.6457
move,-52.6141,208.4748
move,-51.4114,208.34444
move,-50.2682,208.31165
move,-49.091682,208.3435
move,-47.806564,208.41252
move,-46.533054,208.49231
move,-45.41317,208.56119
move,-44.1186,208.65503
move,-42.84676,208.75801
move,-41.597027,208.8614
move,-40.479015,208.95589
move,-39.240364,209.05975
move,-37.990704,209.16397
move,-36.719143,209.27031
move,-35.480503,209.37431
move,-34.20857,209.47604
move,-32.95832,209.57283
move,-31.699924,209.70122
move,-30.468084,209.93141
move,-29.276203,210.31871
move,-28.12057,210.857
move,-27.12016,211.5713
move,-26.35339,212.35896
move,-25.550465,213.32216
move,-24.753822,214.27628
move,-23.903868,215.19809
move,-23.03323,216.08522
move,-22.108423,216.98018
move,-21.146486,217.73038
move,-20.024473,218.28477
move,-18.823391,218.64192
move,-17.474728,218.9081
move,-16.371971,219.04184
move,-15.274449,219.11444
move,-14.021016,219.1512
move,-12.77806,219.15237
move,-11.535454,219.12132
move,-10.270772,219.09325
move,-9.0279255,219.09676
move,-7.802113,219.2124
move,-6.6017203,219.52979
move,-5.427225,219.96881
move,-4.313415,220.49426
move,-3.2447648,221.08478
move,-2.232976,221.83827
move,-1.5382556,222.78516
move,-0.9983839,223.84279
move,-0.5478593,224.90613
move,-0.14142886,226.01051
move,0.20241584,227.13606
move,0.4411683,228.27618
move,0.51855904,229.45015
move,0.5427223,230.73691
move,0.6015099,232.78209
move,0.72135085,234.51595
move,0.787356,235.77902
move,0.7790186,236.93382
move,0.71405935,238.14201
move,0.6137961,239.36992
move,0.48662564,240.59529
move,0.35420063,241.7316
move,0.1955177,242.87563
move,0.045846485,244.00978
move,-0.08713862,245.12387
move,-0.19515787,246.29576
move,-0.24905781,247.5045
move,-0.25697008,248.61543
move,-0.2418683,249.90234
move,-0.23245944,251.01326
move,-0.23297948,252.31123
move,-0.2317852,253.42221
move,-0.23624064,254.69818
move,-0.24138106,255.98514
move,-0.25288138,257.26105
move,-0.26455638,258.42706
move,-0.27632487,259.59305
move,-0.29121745,260.77
move,-0.31585363,262.00174
move,-0.33767983,263.1235
move,-0.35578775,264.27835
move,-0.35759443,265.48834
move,-0.33735794,266.6652
move,-0.31436747,267.853
move,-0.29084247,269.05176
move,-0.2695887,270.2616
move,-0.2441661,271.38327
move,-0.21673428,272.64798
move,-0.19144969,273.8467
move,-0.16486776,275.11145
move,-0.14102034,276.33224
move,-0.11901155,277.57504
move,-0.09643095,278.85083
move,-0.055192254,280.14813
move,-0.10479778,281.38992
move,-0.18809514,282.6411
move,-0.28433442,283.92453
move,-0.35841233,285.16528
move,-0.4145386,286.41797
move,-0.4706875,287.68167
move,-0.5490685,289.50607
move,-0.5991192,290.67102
move,-0.6486978,291.82498
move,-0.6987485,292.9899
move,-0.74832714,294.1438
move,-0.796017,295.2537
move,-0.8465396,296.42953
move,-0.8980063,297.62735
move,-0.9499451,298.83624
move,-0.8785243,300.10928
move,-0.8016317,301.25067
move,-0.7493487,302.41547
move,-0.7105893,303.76788
move,-0.6939271,304.8897
move,-0.7012369,306.05573
move,-0.71625614,307.24365
move,-0.74250066,308.39838
move,-0.7695901,309.6631
move,-0.79164094,310.90588
move,-0.8100557,312.18176
move,-0.82164514,313.43567
move,-0.8291087,314.71167
move,-0.82891387,315.95465
move,-0.8170089,317.2416
move,-0.78733253,318.48425
move,-0.7565661,319.7378
move,-0.7268988,320.94742
move,-0.69474775,322.10196
move,-0.65525997,323.3333
move,-0.6106793,324.54245
move,-0.5596991,325.76236
move,-0.5063378,326.9822
move,-0.44704786,328.20178
move,-0.36419833,329.4089
move,-0.26193908,330.63663
move,-0.16088809,331.86444
move,-0.089457154,333.11642
move,-0.0236793,334.37973
move,0.050911233,335.60947
move,0.11052063,336.87302
move,0.1463926,338.12646
move,0.16947284,339.4022
move,0.17352572,340.6672
move,0.15624388,341.9211
move,0.07972126,343.1838
move,-0.014511257,344.4562
move,-0.14045939,345.71487
move,-0.28553528,346.99368
move,-0.43632197,348.28287
move,-0.5699381,349.55185
move,-0.6894939,350.81122
move,-0.79373854,352.07193
move,-0.87979317,353.19058
move,-0.9538851,354.2991
move,-1.0197074,355.41916
move,-1.0830724,356.6936
move,-1.129072,357.8146
move,-1.1619314,359.06818
cluster,1427
move,0.024260975,-344.37497
move,0.06600166,-343.0326
move,0.118064195,-341.6783
move,0.17290682,-340.3364
move,0.24981737,-339.0076
move,0.34098053,-337.6919
move,0.39213207,-336.34982
move,0.42367643,-335.04343
move,0.48452348,-333.73813
move,0.6047182,-332.4005
move,0.695357,-331.0969
move,0.77969784,-329.75647
move,0.8999511,-328.0666
move,0.99186265,-326.775
move,1.1018156,-325.22998
move,1.192871,-323.95068
move,1.2865014,-322.6352
move,1.3784112,-321.34375
move,1.3829747,-321.27963
move,1.4437752,-320.6291
move,1.5440129,-319.36267
move,1.5946369,-318.1296
move,1.4010158,-316.8721
move,0.6655805,-315.83234
move,-0.23725724,-314.83795
move,-1.1152533,-313.87006
move,-1.9774557,-312.9205
move,-3.0031464,-312.0419
move,-4.1755247,-311.56372
move,-5.4542246,-311.3787
move,-6.784933,-311.38184
move,-8.067165,-311.41245
move,-9.373458,-311.44876
move,-10.71477,-311.41867
move,-12.097341,-311.2625
move,-13.453018,-310.90854
move,-14.760919,-310.36768
move,-16.00225,-309.74048
move,-16.991922,-309.04657
move,-17.933022,-308.02762
move,-18.509912,-306.9529
move,-18.910328,-305.62158
move,-19.239399,-304.26962
move,-19.5222,-303.06833
move,-19.835678,-301.6878
move,-20.149738,-300.41934
move,-20.540104,-299.26276
move,-21.212011,-298.1456
move,-22.117136,-297.1549
move,-23.05958,-296.2323
move,-24.009474,-295.30005
move,-24.933187,-294.29294
move,-25.769783,-293.27332
move,-26.585363,-292.20648
move,-27.35024,-291.05865
move,-28.04561,-289.89594
move,-28.5679,-288.6211
move,-28.881557,-287.32812
move,-29.131405,-285.95926
move,-29.37105,-284.63773
move,-29.593403,-283.27646
move,-29.814112,-281.9149
move,-30.206379,-280.59537
move,-30.755285,-279.49045
move,-31.492243,-278.3834
move,-32.39551,-277.358
move,-33.3327,-276.39587
move,-34.270096,-275.434
move,-35.203457,-274.4682
move,-36.16249,-273.36804
move,-36.985645,-272.29218
move,-37.706226,-271.1594
move,-38.315693,-269.936
move,-38.78656,-268.67883
move,-39.089237,-267.49545
move,-39.290855,-266.1556
move,-39.424202,-264.79486
move,-39.51121,-263.41824
move,-39.584873,-262.0408
move,-39.65196,-260.6389
move,-39.70684,-259.26056
move,-39.762177,-257.87018
move,-39.816322,-256.51602
move,-39.871025,-255.17401
move,-39.925766,-253.83203
move,-39.981144,-252.47797
move,-40.012253,-251.15948
move,-40.015244,-249.80432
move,-40.036465,-248.49768
move,-40.057953,-247.16684
move,-40.078087,-245.83601
move,-40.081264,-244.52919
move,-40.080315,-243.21027
move,-40.06299,-241.87938
move,-40.028492,-240.57306
move,-39.97438,-239.2674
move,-39.91795,-237.94975
move,-39.8382,-236.63329
move,-39.728115,-235.30688
move,-39.57375,-233.98506
move,-39.293278,-232.67252
move,-38.816586,-231.36629
move,-38.219856,-230.19087
move,-37.49907,-229.08714
move,-36.607136,-228.0683
move,-35.604282,-227.21347
move,-34.513256,-226.38934
move,-33.532375,-225.52756
move,-32.70083,-224.50572
move,-31.98301,-223.35675
move,-31.351833,-222.18517
move,-30.813135,-220.94229
move,-30.426886,-219.68175
move,-30.11649,-218.30075
move,-29.924023,-217.09402
move,-29.746984,-215.71388
move,-29.62944,-214.48535
move,-29.561342,-213.26518
move,-29.517105,-212.05598
move,-29.483273,-210.83434
move,-29.449705,-209.61267
move,-29.409039,-208.19754
move,-29.350422,-206.78308
move,-29.25196,-205.5651
move,-29.113598,-204.3509
move,-28.920795,-203.1444
move,-28.608334,-201.88823
move,-28.223604,-200.71587
move,-27.711018,-199.48303
move,-27.08945,-198.35693
move,-26.353848,-197.28804
move,-25.642405,-196.42058
move,-24.814089,-195.4645
move,-24.081278,-194.62944
move,-23.206394,-193.65578
move,-22.351643,-192.69386
move,-21.642614,-191.67445
move,-21.093456,-190.52367
move,-20.630047,-189.29956
move,-20.225195,-188.07799
move,-19.907972,-186.99037
move,-19.647089,-185.92188
move,-19.430077,-184.68715
move,-19.319002,-183.50458
move,-19.269835,-182.32874
move,-19.290325,-181.05298
move,-19.329002,-179.77757
move,-19.367748,-178.5352
move,-19.400524,-177.25961
move,-19.42917,-175.99496
move,-19.494572,-174.74284
move,-19.620539,-173.50635
move,-19.781013,-172.28487
move,-20.013529,-171.0419
move,-20.385399,-169.8335
move,-20.887648,-168.66125
move,-21.509428,-167.62456
move,-22.304996,-166.65643
move,-23.189354,-165.81543
move,-24.183598,-165.0518
move,-25.184532,-164.3335
move,-26.144726,-163.5623
move,-26.940012,-162.77174
move,-27.72987,-161.81267
move,-28.407633,-160.77185
move,-28.939423,-159.63736
move,-29.326576,-158.46834
move,-29.5977,-157.24431
move,-29.775127,-156.0034
move,-29.858849,-154.74126
move,-29.908012,-153.51027
move,-29.966671,-152.2797
move,-30.026972,-150.99413
move,-30.0725,-149.77399
move,-30.099207,-148.53128
move,-30.077084,-147.31071
move,-29.97736,-146.07191
move,-29.801558,-144.8416
move,-29.569633,-143.65411
move,-29.28653,-142.47778
move,-28.93334,-141.29773
move,-28.404367,-140.04181
move,-27.767614,-138.9621
move,-27.023806,-137.98065
move,-26.218437,-137.09273
move,-25.391739,-136.2862
move,-24.5762,-135.49968
move,-23.756922,-134.70126
move,-22.963625,-133.86192
move,-22.221466,-132.9916
move,-21.522701,-132.0584
move,-20.938196,-131.08875
move,-20.522734,-130.01305
move,-20.27263,-128.88593
move,-20.085129,-127.73519
move,-19.928272,-126.52432
move,-19.774298,-125.30199
move,-19.617489,-124.05783
move,-19.454082,-122.814545
move,-19.244297,-121.61208
move,-18.856186,-120.40984
move,-18.29822,-119.33737
move,-17.591015,-118.30231
move,-16.804153,-117.34043
move,-15.9951935,-116.48569
move,-15.12106,-115.66512
move,-14.242034,-114.899055
move,-13.365832,-114.11356
move,-12.586023,-113.247826
move,-11.837048,-112.22888
move,-11.177578,-111.20164
move,-10.715855,-110.08204
move,-10.480286,-108.8393
move,-10.341406,-107.64876
move,-10.272955,-106.429726
move,-10.229444,-105.1765
move,-10.209104,-103.933685
move,-10.190264,-102.67983
move,-10.152642,-101.43742
move,-10.095587,-100.162704
move,-10.069225,-98.920006
move,-10.028349,-97.67769
move,-9.97515,-96.54595
move,-9.895113,-95.338615
move,-9.817129,-94.07602
move,-9.730287,-92.802986
move,-9.611923,-91.521484
move,-9.493755,-90.39466
move,-9.394178,-89.28813
move,-9.295666,-88.01604
move,-9.271034,-86.88354
move,-9.36275,-85.60035
move,-9.548475,-84.49409
move,-9.875989,-83.31854
move,-10.452638,-82.13394
move,-11.286593,-81.14377
move,-12.222373,-80.51066
move,-13.282635,-80.199425
move,-14.502669,-80.18462
move,-15.668427,-80.19185
move,-16.904816,-80.00291
move,-17.938402,-79.52376
move,-18.826965,-78.70957
move,-19.304426,-77.68134
move,-19.378677,-76.57544
move,-19.317898,-75.378075
move,-19.348286,-74.20402
move,-19.70791,-73.14473
move,-20.322828,-72.22328
move,-21.162592,-71.46648
move,-22.19029,-70.95065
move,-23.445143,-70.831154
move,-24.726969,-70.94295
move,-26.030134,-71.062675
move,-27.294428,-71.10237
move,-28.581406,-71.10947
move,-29.846151,-71.08633
move,-31.121437,-71.043724
move,-32.385654,-70.99918
move,-33.649696,-70.950195
move,-34.89166,-70.89949
move,-36.156433,-70.87923
move,-37.40999,-70.854
move,-38.671597,-70.763824
move,-39.927692,-70.61444
move,-41.026897,-70.453026
move,-42.27692,-70.25908
move,-43.576424,-70.027565
move,-44.81646,-69.84396
move,-46.06891,-69.7898
move,-47.17973,-69.77002
move,-48.455532,-69.74785
move,-49.566254,-69.72343
move,-50.840897,-69.66487
move,-51.951153,-69.62432
move,-53.204586,-69.58656
move,-54.304207,-69.558174
move,-55.578407,-69.49094
move,-56.672718,-69.381546
move,-57.9417,-69.167496
move,-59.176098,-68.89176
move,-60.40593,-68.5519
move,-61.62939,-68.08946
move,-62.743946,-67.46978
move,-63.63736,-66.82896
move,-64.51829,-66.049255
move,-65.3039,-65.20344
move,-65.9876,-64.32807
move,-66.61242,-63.409683
move,-67.16584,-62.434105
move,-67.67229,-61.25175
move,-68.02624,-60.175606
move,-68.37538,-58.959766
move,-68.72059,-57.71993
move,-69.022156,-56.627804
move,-69.29034,-55.561253
move,-69.45723,-54.37461
move,-69.540825,-53.211685
move,-69.59079,-52.046757
move,-69.638275,-50.925762
move,-69.68535,-49.815758
move,-69.76163,-48.531044
move,-69.84272,-47.246597
move,-69.910706,-46.137684
move,-69.97644,-44.896423
move,-70.03624,-43.75399
move,-70.088455,-42.622192
move,-70.1294,-41.478928
move,-70.15776,-40.203262
move,-70.16842,-38.97131
move,-70.157555,-37.717426
move,-70.101776,-36.44269
move,-69.98463,-35.205647
move,-69.7417,-33.975918
move,-69.395355,-32.782917
move,-68.78017,-31.671658
move,-67.83452,-30.877058
move,-66.66772,-30.50571
move,-65.42742,-30.439095
move,-64.17353,-30.42291
move,-62.930653,-30.405506
move,-61.665813,-30.385235
move,-60.433887,-30.388628
move,-59.191372,-30.423298
move,-57.926884,-30.459219
move,-56.662266,-30.490505
move,-55.463627,-30.519934
move,-54.264954,-30.54803
move,-53.088257,-30.57488
move,-51.856514,-30.60063
move,-50.657578,-30.613058
move,-49.458595,-30.616974
move,-48.281723,-30.601854
move,-47.09444,-30.561636
move,-45.89744,-30.492928
move,-44.736454,-30.38642
move,-43.58459,-30.208122
move,-42.455536,-29.91943
move,-41.438408,-29.389078
move,-40.72888,-28.459602
move,-40.327152,-27.37836
move,-40.03893,-26.180773
move,-39.78907,-24.963142
move,-39.50432,-23.730799
move,-39.15751,-22.537373
move,-38.79023,-21.38446
move,-38.452873,-20.337473
move,-38.0546,-19.160027
move,-37.614185,-17.974354
move,-37.039658,-16.861168
move,-36.280685,-15.838098
move,-35.330357,-15.0228815
move,-34.279648,-14.319381
move,-33.18171,-13.691214
move,-32.025436,-13.182587
move,-30.862675,-12.74323
move,-29.701607,-12.299459
move,-28.49035,-11.899046
move,-27.285591,-11.594274
move,-26.076477,-11.358885
move,-24.83438,-11.189891
move,-23.595444,-11.089472
move,-22.362265,-10.939656
move,-21.1436,-10.567273
move,-20.016073,-10.071676
move,-18.934196,-9.419476
move,-17.987,-8.649487
move,-17.095837,-7.815197
move,-16.301355,-6.962026
move,-15.530386,-6.0726805
move,-14.746101,-5.1803813
move,-13.939893,-4.322968
move,-13.089262,-3.5099914
move,-12.145833,-2.7899532
move,-11.044558,-2.1688247
move,-9.8539715,-1.6256833
move,-8.670008,-1.2135868
move,-7.590977,-0.90635383
move,-6.344013,-0.5878893
move,-5.095382,-0.2759767
move,-3.8484588,0.042611368
move,-2.7713583,0.35656944
move,-1.553627,0.7726426
move,-0.51781166,1.174191
move,0.6221775,1.6694762
move,1.6345125,2.177645
move,2.7323124,2.8278275
move,3.6823645,3.444847
move,4.586082,4.1096287
move,5.4796677,4.8238425
move,6.388172,5.622566
move,7.1762276,6.451363
move,7.8801804,7.3246703
move,8.496264,8.248256
move,9.060446,9.392253
move,9.485925,10.418464
move,9.870812,11.495553
move,10.198883,12.716596
move,10.362748,13.892692
move,10.442804,15.033822
move,10.511005,16.319014
move,10.564158,17.428724
move,10.592035,18.550373
move,10.619357,19.672037
move,10.670864,20.946999
move,10.722317,22.23297
move,10.79577,23.517685
move,10.903705,24.733881
move,11.054514,26.00088
move,11.26899,27.236317
move,11.515092,28.49954
move,11.808662,29.707169
move,12.214799,30.916311
move,12.725709,32.072803
move,13.372308,33.14633
move,14.166654,34.157696
move,15.0632515,35.017403
move,16.064623,35.789463
move,17.119026,36.44635
move,18.249958,37.012516
move,19.377234,37.509327
move,20.550152,37.952023
move,21.750437,38.314655
move,22.99192,38.60838
move,24.20554,38.819992
move,25.437447,38.98523
move,26.599352,39.081654
move,27.774696,39.143772
move,28.928219,39.202137
move,30.146645,39.280895
move,31.33907,39.404945
move,32.500454,39.59503
move,33.668545,39.86426
move,34.82718,40.212616
move,35.946518,40.609303
move,37.1238,41.334507
move,37.939888,42.13155
move,38.521416,43.139793
move,38.933434,44.24106
move,39.208374,45.486477
move,39.376156,46.740086
move,39.495216,47.96631
move,39.62049,49.202957
move,39.756596,50.43848
move,39.89753,51.695503
move,39.920414,52.90466
move,39.819073,54.043884
move,39.613,55.19124
move,39.37759,56.265755
move,39.09616,57.499035
move,38.801064,58.70648
move,38.43698,59.894337
move,37.947304,61.02439
move,37.345715,62.11144
move,36.606934,63.109722
move,35.735275,64.025955
move,34.84374,64.86018
move,33.907955,65.74366
move,33.02991,66.63881
move,32.21412,67.576
move,31.498962,68.61821
move,30.949156,69.7564
move,30.580647,70.95365
move,30.366657,72.21116
move,30.261974,73.46059
move,30.195915,74.63573
move,30.152155,75.80088
move,30.129877,76.933655
move,30.118193,78.11061
move,30.10638,79.29857
move,30.092129,80.519485
move,30.044817,81.662506
move,29.992397,82.86035
move,29.940542,84.036194
move,29.89221,85.23421
move,29.83797,86.42095
move,29.780985,87.6296
move,29.726717,88.80535
move,29.675611,89.98124
move,29.623669,91.17911
move,29.574554,92.36609
move,29.530754,93.5753
move,29.487968,94.78454
move,29.443615,96.1148
move,29.399086,97.47808
move,29.378439,98.63289
move,29.369837,99.82075
move,29.439695,101.050705
move,29.519636,102.26909
move,29.602444,103.50933
move,29.6635,104.72866
move,29.696835,105.9492
move,29.726534,107.19184
move,29.750025,108.412605
move,29.769403,109.64445
move,29.74809,110.88707
move,29.65664,112.1046
move,29.545494,113.3205
move,29.424252,114.55758
move,29.254698,115.766304
move,28.988771,116.94669
move,28.692848,118.1651
move,28.296238,119.3077
move,27.775455,120.41138
move,27.162653,121.44152
move,26.397478,122.461784
move,25.530622,123.38239
move,24.618168,124.24255
move,23.68745,125.11542
move,22.810324,126.04123
move,22.04641,127.061676
move,21.464643,128.18347
move,21.019957,129.36728
move,20.69343,130.56624
move,20.481295,131.71231
move,20.407436,132.87491
move,20.38662,134.15074
move,20.36534,135.3936
move,20.342861,136.6364
move,20.323792,137.90126
move,20.310041,139.1552
move,20.298082,140.43117
move,20.291714,141.69614
move,20.31949,142.94972
move,20.384203,144.21306
move,20.46904,145.43106
move,20.619783,146.65347
move,20.89447,147.87624
move,21.297056,149.04016
move,21.780926,150.16103
move,22.329462,151.26398
move,22.989798,152.31598
move,23.785002,153.256
move,24.652868,154.13016
move,25.541336,154.98366
move,26.404766,155.8621
move,27.189495,156.81128
move,27.890686,157.94002
move,28.358744,159.05528
move,28.737072,160.22751
move,29.046602,161.41985
move,29.305529,162.6243
move,29.524725,163.84766
move,29.691832,165.06824
move,29.817972,166.27156
move,29.913563,167.47777
move,29.992,168.7183
move,30.065022,169.92609
move,30.144018,171.1776
move,30.226564,172.40683
move,30.32017,173.63522
move,30.439548,174.87247
move,30.604298,176.1154
move,30.893755,177.31207
move,31.371012,178.4703
move,32.033524,179.5601
move,32.721653,180.54187
move,33.41939,181.48972
move,34.179665,182.47296
move,35.020195,183.44736
move,35.877823,184.34695
move,36.761147,185.22142
move,37.616447,186.15233
move,38.31416,187.0725
move,38.936146,188.0581
move,39.426514,189.11478
move,39.778275,190.32903
move,39.99052,191.41933
move,40.14541,192.68568
move,40.235485,193.78197
move,40.315086,194.90115
move,40.389854,196.02068
move,40.458324,197.2838
move,40.499134,198.43805
move,40.51209,199.55997
move,40.516323,200.69298
move,40.516136,201.881
move,40.5119,203.00296
move,40.51005,204.11394
move,40.50814,205.38994
move,40.51303,206.66591
move,40.530323,207.94179
move,40.547985,209.21765
move,40.56546,210.48251
move,40.582527,211.71439
move,40.597843,213.0013
move,40.59935,214.21124
move,40.585205,215.44316
move,40.527252,216.68471
move,40.448902,217.92523
move,40.375294,219.18806
move,40.34133,220.44159
move,40.308968,221.70616
move,40.246544,222.95853
move,40.121174,224.21709
move,39.945477,225.45866
move,39.703106,226.68892
move,39.409172,227.88521
move,39.044785,229.06174
move,38.562363,230.21857
move,37.947483,231.29774
move,37.23379,232.28795
move,36.412796,233.2205
move,35.51883,234.06763
move,34.58127,234.8497
move,33.618332,235.63573
move,32.65635,236.45671
move,31.844282,237.36658
move,31.186485,238.44429
move,30.734325,239.60095
move,30.469118,240.64499
move,30.330353,241.87987
move,30.261637,243.12091
move,30.201988,244.37347
move,30.12431,245.62503
move,30.042921,246.88737
move,29.966408,248.12802
move,29.91452,249.38095
move,29.875322,250.62332
move,29.838875,251.84377
move,29.804379,253.10829
move,29.77066,254.37283
move,29.736237,255.62636
move,29.70201,256.89093
move,29.67199,258.1886
move,29.621382,259.33145
move,29.527397,260.63702
move,29.43399,261.74405
move,29.288088,262.97833
move,29.059044,264.09875
move,28.703276,265.23172
move,28.247814,266.24442
move,27.475706,266.78336
move,26.82288,267.8017
move,26.041403,268.68
move,25.165794,269.41455
move,24.16187,270.02762
move,23.127083,270.54004
move,21.97241,270.99954
move,20.910606,271.36182
move,19.787739,271.71463
move,18.702806,272.0773
move,17.635914,272.51846
move,16.619825,273.13193
move,15.717348,273.81647
move,14.863587,274.60965
move,14.098193,275.47424
move,13.410302,276.40158
move,12.772493,277.40363
move,12.190835,278.42667
move,11.695063,279.45737
move,11.271657,280.56686
move,10.952895,281.66534
move,10.660604,282.78265
move,10.425398,283.95804
move,10.251432,285.0998
move,10.140548,286.23825
move,10.078931,287.40256
move,10.043645,288.55695
move,10.020062,289.71167
move,9.997483,290.86646
move,9.978066,292.0323
move,9.959618,293.18713
move,9.947893,294.32013
move,9.907918,295.4633
move,9.828582,296.62653
move,9.725285,297.75473
move,9.555906,299.0747
move,9.25924,300.16656
move,8.686608,301.39032
move,7.9791183,302.3291
move,7.1900897,303.11032
move,6.3371334,303.83914
move,5.4867415,304.5541
move,4.4859815,305.39783
move,3.685665,306.18295
move,2.892027,307.18185
move,2.2726455,308.0905
move,1.6472509,309.20218
move,1.1394124,310.37222
move,0.7888878,311.41458
move,0.52235,312.66174
move,0.39110884,313.93048
move,0.3917319,315.22794
move,0.53315824,316.4845
move,0.7574782,317.58368
move,1.0677267,318.7416
move,1.3979967,319.79077
move,1.8226416,320.98218
move,2.387539,322.12454
move,3.0265281,323.0327
move,3.8330681,323.9027
move,4.8132353,324.6659
move,5.8810296,325.3643
move,6.8873677,326.093
move,7.8110533,326.90732
move,8.615934,327.86685
move,9.245138,328.94962
move,9.703599,330.11612
move,10.04339,331.32257
move,10.2703,332.56677
move,10.417048,333.82312
move,10.506153,335.07388
move,10.568079,336.34836
move,10.506153,335.07388
move,10.639724,337.61133
move,10.699218,338.8749
move,10.743549,340.0731
move,10.815935,341.34702
move,10.911189,342.61942
move,11.001768,343.83707
move,11.079359,344.9784
move,11.123133,346.2536
move,11.069485,347.5393
move,10.959148,348.78842
move,10.841086,349.89313
move,10.709438,351.02954
move,10.553505,352.28485
move,10.4033985,353.47433
move,10.308961,354.61435
move,10.236595,355.74506
move,10.164271,356.88675
move,10.091726,358.02844
move,10.164271,356.88675
move,10.014659,359.2029
move,9.938083,360.33328
move,9.857035,361.5185
move,9.789534,362.69366
move,9.736359,363.94656
move,9.709337,365.07922
move,9.704336,366.2452
move,9.725174,367.433
move,9.704336,366.2452
move,9.775551,368.64197
move,9.725174,367.433
move,9.853987,369.79428
move,9.968991,370.98773
move,10.115438,372.16666
move,10.235916,373.38165
move,10.332355,374.59882
move,10.411494,375.83923
move,10.455692,377.04837
move,10.477656,378.2692
move,10.498061,379.4789
move,10.533968,380.73242
move,10.575041,381.98578
move,10.548436,383.23373
move,10.355241,384.48376
move,10.167076,385.7012
move,10.103274,386.1143
cluster,698
move,15.000002,-146.3634
move,15.037375,-145.7155
move,15.110867,-143.41772
move,15.16136,-141.07527
move,15.202676,-138.7547
move,15.18956,-136.40079
move,15.067376,-134.072
move,14.931333,-131.67789
move,14.856892,-129.27036
move,14.872155,-126.90541
move,14.856892,-129.27036
move,14.886899,-124.452446
move,14.899917,-122.0697
move,14.91315,-119.64975
move,14.91625,-117.22977
move,14.910153,-114.80976
move,14.904266,-112.46677
move,14.898274,-110.079765
move,14.892271,-107.703766
move,14.886018,-105.34977
move,14.871444,-102.3666
move,14.855635,-99.23331
move,14.839673,-96.10001
move,14.834015,-92.96675
move,14.957573,-89.98483
move,15.308157,-86.767075
move,15.748299,-83.53019
move,15.947933,-80.49404
move,15.856959,-77.3633
move,15.662798,-74.102036
move,15.514456,-71.6103
move,14.831711,-70.325096
move,13.181675,-67.57813
move,11.084764,-65.11437
move,8.573651,-63.074284
move,6.1967483,-61.24438
move,5.5106373,-60.716164
move,3.8686025,-59.34632
move,1.4921604,-57.37325
move,-0.8047023,-55.46701
move,-2.2806244,-54.242096
move,-3.2398589,-53.560043
move,-5.1942596,-52.170513
move,-7.1845274,-50.75549
move,-9.183769,-49.334126
move,-10.213916,-48.60174
move,-12.312324,-47.978714
move,-14.415784,-47.37274
move,-16.561523,-46.75462
move,-16.885199,-46.66138
move,-18.14774,-46.58414
move,-20.466297,-46.477562
move,-20.476608,-46.47709
