move,56.289673,-146.23001
move,57.318813,-146.268
move,58.290474,-146.29808
move,59.425495,-146.33875
move,60.599033,-146.3797
move,61.733803,-146.42645
move,62.70434,-146.48154
move,63.80881,-146.55453
move,64.93224,-146.63243
move,65.96912,-146.70631
move,67.07211,-146.79881
move,68.17256,-146.91766
move,69.29814,-147.06902
move,70.39143,-147.24184
move,71.483345,-147.42326
move,72.57462,-147.6084
move,73.694374,-147.79837
move,74.82489,-147.98225
move,75.94043,-148.13611
move,77.06814,-148.27095
move,78.206535,-148.39714
move,79.31681,-148.51492
move,80.45583,-148.63538
move,81.594864,-148.75581
move,82.76261,-148.8793
move,83.901505,-149.00105
move,84.89653,-149.11028
move,85.862564,-149.21896
move,86.943,-149.34384
move,88.02313,-149.4713
move,89.113205,-149.59648
move,90.19554,-149.70366
move,91.27956,-149.79164
move,92.36663,-149.82048
move,93.454124,-149.80618
move,94.53979,-149.74391
move,95.53355,-149.62483
move,96.73532,-149.40332
move,97.842255,-149.04538
move,98.93231,-148.51494
move,99.94407,-147.91924
move,100.95514,-147.28514
move,101.96429,-146.64796
move,102.842575,-146.09196
move,103.791336,-145.52235
move,104.77528,-145.03723
move,105.91845,-144.52792
move,107.210724,-144.04645
move,108.48313,-143.65628
move,109.7844,-143.32437
move,111.103264,-143.07114
move,112.46469,-142.84952
move,113.743324,-142.64644
move,115.069115,-142.43167
move,116.4087,-142.22697
move,117.75705,-142.09451
move,119.06304,-142.10776
move,120.426895,-142.20451
move,121.75027,-142.34552
move,123.09186,-142.53696
move,124.43063,-142.74728
move,125.74391,-142.96376
move,127.07888,-143.19705
move,128.41043,-143.44911
move,129.77121,-143.73921
move,131.06729,-144.09004
move,132.31233,-144.59076
move,133.49083,-145.25786
move,134.57977,-146.08316
move,135.57013,-147.05927
move,136.41547,-148.1179
move,137.18799,-149.34607
move,137.8112,-150.6305
move,138.3871,-151.9236
move,138.7545,-153.11307
move,138.91089,-154.4817
move,138.87001,-155.87178
move,138.59117,-157.20778
move,138.12039,-158.42627
move,137.56221,-159.67445
move,136.9948,-160.90508
move,136.3506,-162.06915
move,135.59518,-163.1792
move,134.77518,-164.18076
move,133.93877,-165.20024
move,133.14597,-166.23909
move,132.34029,-167.29851
move,131.57765,-168.45966
move,131.121,-169.66899
move,130.8386,-170.93195
move,130.65932,-172.20189
move,130.46269,-173.50587
move,130.13,-174.75577
move,129.65318,-175.9721
move,129.05406,-177.14622
move,128.33699,-178.23822
move,127.44168,-179.20116
move,126.29795,-179.82083
move,125.01929,-180.07501
move,123.669655,-180.1965
move,122.40611,-180.55988
move,121.34111,-181.26677
move,120.44747,-182.26564
move,119.76014,-183.40384
move,119.25179,-184.64548
move,119.04433,-185.90665
move,119.19486,-187.15385
move,119.437874,-188.46243
move,119.491905,-189.78853
move,119.14999,-191.04506
move,118.51876,-192.20152
move,117.75946,-193.20406
move,116.85118,-194.10822
move,115.832565,-194.90677
move,114.8054,-195.65454
move,113.79802,-196.53912
move,113.02467,-197.59048
move,112.37518,-198.80655
move,111.88214,-200.01645
move,111.42904,-201.26791
move,110.99337,-202.53836
move,110.57977,-203.81622
move,110.12013,-205.12946
move,109.569176,-206.36699
move,108.87407,-207.51476
move,107.96863,-208.55235
move,106.89343,-209.35403
move,105.68121,-210.01042
move,104.379715,-210.56705
move,103.044205,-210.99585
move,101.737045,-211.2433
move,100.37851,-211.39699
move,99.0158,-211.50772
move,97.67428,-211.57207
move,96.29633,-211.63489
move,94.96864,-211.72736
move,93.57094,-211.94565
move,92.28931,-212.30276
move,91.03481,-212.74718
move,89.78148,-213.22986
move,88.47465,-213.74202
move,87.22116,-214.2568
move,85.984535,-214.89326
move,84.86635,-215.6569
move,83.90441,-216.57477
move,83.062675,-217.62039
move,82.29511,-218.76625
move,81.6187,-219.91237
move,81.00248,-221.11919
move,80.45771,-222.3466
move,79.974945,-223.61273
move,79.58689,-224.88573
move,79.27595,-226.24176
move,79.061386,-227.53078
move,78.85967,-228.87085
move,78.71396,-230.23009
move,78.67477,-231.57213
move,78.74664,-232.925
move,78.90489,-234.28305
move,79.082016,-235.65099
move,79.25829,-237.03131
move,79.412346,-238.25587
move,79.57858,-239.66174
move,79.72765,-241.05739
move,79.81231,-242.45822
move,79.87129,-243.87271
move,79.92144,-245.31165
move,79.89088,-246.70258
move,79.83427,-248.14139
move,79.76602,-249.5675
move,79.675514,-251.0288
move,79.55868,-252.43964
move,79.42393,-253.87326
move,79.55868,-252.43964
move,79.298294,-255.08887
move,79.14673,-256.30145
move,78.86803,-257.6644
move,78.48289,-259.06412
move,77.9941,-260.40518
move,77.42717,-261.72873
move,76.81926,-263.00705
move,76.09209,-264.26306
move,75.24498,-265.38083
move,74.20827,-266.39514
move,73.035194,-267.2276
move,71.76734,-267.88254
move,70.5063,-268.3777
move,69.15106,-268.78586
move,67.79656,-269.1042
move,66.447624,-269.39243
move,65.05306,-269.63464
move,63.669807,-269.78488
move,62.308216,-269.90964
move,60.946438,-270.03238
move,59.536293,-270.15796
move,58.20971,-270.2664
move,56.81062,-270.37866
move,55.47038,-270.4657
move,54.141376,-270.53854
move,52.800247,-270.61115
move,51.44701,-270.68396
move,50.057686,-270.7617
move,48.692566,-270.83902
move,47.326958,-270.90714
move,45.93665,-270.96442
move,44.557434,-270.9844
move,43.226456,-270.98676
move,41.798676,-270.99158
move,40.431396,-270.9991
move,39.064125,-271.0083
move,37.721195,-271.02917
move,36.354294,-271.06195
move,35.011547,-271.09274
move,33.60849,-271.13055
move,32.2607,-271.26456
move,30.95715,-271.62808
move,29.752317,-272.19113
move,28.617458,-272.88577
move,27.520626,-273.68134
move,26.459585,-274.54352
move,25.492445,-275.50864
move,24.651644,-276.5402
move,23.843342,-277.5825
move,22.999453,-278.6889
move,22.220345,-279.7976
move,21.498167,-280.92996
move,20.803976,-282.1219
move,20.198416,-283.33398
move,19.6518,-284.58713
move,19.129993,-285.85086
move,18.595919,-287.1489
move,18.088192,-288.40546
move,17.577848,-289.67395
move,17.049295,-290.97424
move,16.494293,-292.2236
move,15.837228,-293.40817
move,15.004584,-294.5517
move,14.049969,-295.51187
move,12.953169,-296.32648
move,11.895414,-296.96164
move,10.69514,-297.5638
move,9.4464,-298.08984
move,8.17472,-298.52066
move,6.9072027,-298.8853
move,5.558899,-299.27533
move,4.323925,-299.7352
move,3.1107416,-300.3384
move,1.9655434,-301.03894
move,0.9181411,-301.89618
move,0.092123576,-302.9509
move,-0.4513735,-304.17593
move,-0.77048117,-305.47943
move,-0.96872884,-306.89294
move,-1.0534582,-308.24493
move,-0.90003216,-309.60065
move,-0.6432409,-310.882
move,-0.4079375,-312.1797
move,-0.21444392,-313.53293
move,-0.090031676,-314.8338
move,0.020169122,-316.16022
move,0.10698871,-317.47614
move,0.18808648,-318.81674
move,0.30447227,-320.1426
move,0.43051913,-321.46768
move,0.53240365,-322.831
move,0.59275466,-324.23322
move,0.65405357,-325.50217
move,0.7248311,-326.89188
move,0.6884493,-328.22214
move,0.61698186,-329.5391
move,0.5562051,-330.905
move,0.49947,-332.3195
move,0.4502288,-333.64957
move,0.3998231,-335.06448
move,0.34865218,-336.4551
move,0.2952471,-337.85764
move,0.24137664,-339.24796
move,0.1849978,-340.6262
move,0.12867889,-342.0165
move,0.06692393,-343.44293
move,-0.0019201892,-344.83286
move,-0.09966017,-346.2452
move,-0.20476878,-347.63272
move,-0.30893472,-349.04456
move,-0.43381757,-350.39398
move,-0.5992534,-351.78784
move,-0.80043924,-353.1647
cluster,916
move,-1.0400016,-354.53537
move,-210,375.4998
move,-209.90735,374.2492
move,-209.79402,372.70898
move,-209.71825,371.1669
move,-209.81306,369.80676
move,-210.15448,368.5814
move,-210.81177,367.50272
move,-211.5709,366.61438
move,-212.43773,365.72202
move,-213.32417,364.87994
move,-214.22617,364.07056
move,-215.12679,363.24377
move,-215.97382,362.36243
move,-216.75885,361.39807
move,-217.38477,360.39856
move,-217.9784,359.34198
move,-218.55115,358.2618
move,-219.0722,357.1678
move,-219.53098,356.01184
move,-219.8636,354.847
move,-220.04964,353.6292
move,-220.058,352.42865
move,-219.9574,351.23175
move,-219.83925,350.07956
move,-219.76091,348.96704
move,-219.82167,347.7684
move,-219.91777,346.6894
move,-219.99292,345.58734
move,-220.01938,344.451
move,-220.0048,343.34637
move,-219.97427,342.24213
move,-219.9149,341.14975
move,-219.82735,340.03766
move,-219.7256,338.93768
move,-219.62173,337.79483
move,-219.53093,336.6724
move,-219.44563,335.54953
move,-219.35988,334.4589
move,-219.26282,333.30164
move,-219.1483,332.21375
move,-218.99226,331.10953
move,-218.66624,330.06723
move,-218.12378,329.00876
move,-217.42609,328.07156
move,-216.7418,327.24573
move,-215.91376,326.26053
move,-215.20103,325.43066
move,-214.49873,324.60602
move,-213.81992,323.7217
move,-213.22221,322.66885
move,-212.68605,321.4592
move,-212.15294,320.19406
move,-211.60724,318.86282
move,-211.21391,317.50784
move,-210.99634,316.12625
move,-210.89284,314.77072
move,-210.8243,313.38647
move,-210.74179,311.98978
move,-210.60483,310.63718
move,-210.45018,309.2731
move,-210.29167,307.8829
move,-210.12056,306.4808
move,-209.9197,305.12283
move,-209.70535,303.71344
move,-209.49236,302.30377
move,-209.33751,300.94
move,-209.25209,299.54346
move,-209.21461,298.1054
move,-209.29575,296.72223
move,-209.47821,295.3086
move,-209.7164,293.9566
move,-209.99016,292.53067
move,-210.26279,291.13135
move,-210.52678,289.7573
move,-210.76956,288.35284
move,-210.86331,286.9575
move,-210.87268,285.55823
move,-210.82045,284.17346
move,-210.65974,282.82355
move,-210.47708,281.42303
move,-210.27545,280.06522
move,-210.05174,278.69733
move,-209.79044,277.1485
move,-209.50836,275.60327
move,-209.26125,274.27972
move,-209.0071,272.9441
move,-208.65329,271.38678
move,-208.27753,270.0803
move,-207.72054,268.59808
move,-207.14363,267.39658
move,-206.30128,266.05667
move,-205.46228,265.00397
move,-204.52219,263.9865
move,-203.16695,263.007
move,-201.75029,262.36176
move,-200.48245,261.95206
move,-199.15941,261.58563
move,-197.82439,261.2132
move,-196.45195,260.88092
move,-195.12505,260.6529
move,-193.74107,260.44717
move,-192.36917,260.2503
move,-190.9965,260.05838
move,-189.61086,259.86426
move,-188.21277,259.66382
move,-186.81676,259.44925
move,-185.44025,259.199
move,-184.05908,258.9037
move,-182.70009,258.57083
move,-181.34515,258.22165
move,-179.95706,257.79733
move,-178.63914,257.255
move,-177.46625,256.62268
move,-176.24382,255.74669
move,-175.1419,254.76208
move,-174.17517,253.64496
move,-173.3682,252.42293
move,-172.64096,251.0908
move,-172.04597,249.75212
move,-171.60579,248.62035
move,-171.05292,247.09386
move,-170.60048,245.70023
move,-170.19,244.42828
move,-169.7858,243.19833
move,-169.30186,241.92065
move,-168.70503,240.81299
move,-168.02443,239.61322
move,-167.38223,238.53105
move,-166.70059,237.3879
move,-165.94539,236.32243
move,-165.10193,235.3404
move,-164.24796,234.44974
move,-163.2753,233.61465
move,-162.00822,232.81482
move,-160.68407,232.19095
move,-159.54482,231.7491
move,-158.38834,231.35416
move,-157.1925,230.9622
move,-156.01573,230.5903
move,-154.83435,230.2331
move,-153.42537,229.79262
move,-152.2636,229.41335
move,-151.07709,228.99442
move,-149.7726,228.47638
move,-148.66054,227.97049
move,-147.41612,227.22443
move,-146.42162,226.45421
move,-145.4856,225.561
move,-144.6653,224.57584
move,-143.93915,223.56293
move,-143.16425,222.40738
move,-142.53809,221.31621
move,-141.99593,220.18108
move,-141.55856,218.95029
move,-141.28412,217.74774
move,-141.16565,216.51985
move,-141.13387,215.26196
move,-141.16547,214.00406
move,-141.22218,212.74698
move,-141.28104,211.48997
move,-141.34264,210.22096
move,-141.39229,209.121
move,-141.40112,207.63295
move,-141.34518,206.36388
move,-141.2309,205.12286
move,-141.09793,203.87149
move,-140.9512,202.49997
move,-140.80699,201.12816
move,-140.68468,199.86357
move,-140.57277,198.58589
move,-140.4601,197.25964
move,-140.34048,195.84901
move,-140.24728,194.61833
move,-140.1783,193.3982
move,-140.11765,192.17758
move,-140.05711,190.93275
move,-139.9972,189.70001
move,-139.9371,188.45515
move,-139.88,187.19806
move,-139.8315,185.95274
move,-139.7886,184.71928
move,-139.7491,183.4857
move,-139.7173,182.264
move,-139.69164,181.03009
move,-139.66438,179.79617
move,-139.63417,178.32031
move,-139.60786,177.06221
move,-139.60785,175.59819
move,-139.66147,174.15932
move,-139.72498,172.91464
move,-139.80109,171.46463
move,-139.86168,170.25621
move,-139.93811,168.78197
move,-140.00548,167.5375
move,-140.099,166.13702
move,-140.20178,164.66441
move,-140.29929,163.44624
move,-140.415,162.03526
move,-140.51247,160.7928
move,-140.59102,159.39146
move,-140.65257,157.96497
move,-140.7121,156.53839
move,-140.74074,155.30466
move,-140.68433,153.8903
move,-140.5583,152.4924
move,-140.42166,151.04684
move,-140.31468,149.62311
move,-140.2666,148.38988
move,-140.32135,146.96394
move,-140.50923,145.74478
move,-140.90045,144.42326
move,-141.48045,143.1062
move,-142.20493,141.89139
move,-143.1907,140.86708
move,-144.44728,140.22765
move,-145.90076,139.9173
move,-147.29982,139.81276
move,-148.70349,139.81044
move,-150.143,139.78752
move,-151.52695,139.64641
move,-152.94588,139.3427
move,-154.2011,138.83675
move,-155.42508,138.12645
move,-156.58206,137.29129
move,-157.59763,136.29085
move,-158.34009,135.07631
move,-158.7495,133.77397
move,-159.01477,132.4327
move,-159.2832,131.0427
move,-159.58495,129.6473
move,-159.91205,128.31969
move,-160.25702,126.94663
move,-160.59804,125.5726
move,-160.96274,124.192215
move,-161.38776,122.816666
move,-161.9138,121.46365
move,-162.527,120.17463
move,-163.23811,118.964935
move,-164.0422,117.77071
move,-164.79517,116.824036
move,-165.81,115.80365
move,-166.90903,114.892815
move,-168.04341,114.06669
move,-169.08202,113.40024
move,-170.32379,112.696144
move,-171.65984,112.13106
move,-173.00719,111.738464
move,-174.364,111.37916
move,-175.5826,111.06526
move,-176.79475,110.77558
move,-178.03047,110.480385
move,-179.26593,110.18415
move,-180.51349,109.88632
move,-181.70811,109.576454
move,-182.95619,109.23227
move,-184.28001,108.80512
move,-185.47081,108.24132
move,-186.52823,107.51728
move,-187.60666,106.52844
move,-188.43034,105.593765
move,-189.17276,104.54873
move,-189.81667,103.357185
move,-190.38197,102.04613
move,-190.87097,100.886665
move,-191.39139,99.72791
move,-191.97769,98.65586
move,-192.64241,97.55902
move,-193.38443,96.54348
move,-194.19298,95.59517
move,-195.04185,94.66631
move,-195.95906,93.82358
move,-197.02266,93.08717
move,-198.1237,92.53112
move,-199.28023,92.06698
move,-200.63368,91.575615
move,-201.85095,91.17171
move,-203.10295,90.79733
move,-204.35275,90.459526
move,-205.64153,90.18037
move,-206.94049,90.04923
move,-208.18607,90.08437
move,-209.47664,90.1859
move,-210.80208,90.30739
move,-212.11879,90.382996
move,-213.40102,90.39229
move,-214.69427,90.33086
move,-215.99954,90.267075
move,-217.29225,90.19521
move,-218.61862,90.084915
move,-219.953,89.93217
move,-221.27518,89.779175
move,-222.63133,89.60499
move,-223.96239,89.42573
move,-225.31848,89.2515
move,-226.66885,89.13761
move,-228.0232,89.11922
move,-229.3732,89.23608
move,-230.69406,89.399956
move,-232.07402,89.57845
move,-233.42213,89.714966
move,-234.72769,89.76893
move,-236.07027,89.80463
move,-237.37677,89.82929
move,-238.70769,89.81781
move,-240.03773,89.76738
move,-241.38997,89.67788
move,-242.75227,89.56141
move,-244.08734,89.415054
move,-245.51132,89.312805
move,-246.82967,89.27824
move,-248.22102,89.252815
move,-249.5033,89.22855
move,-250.82187,89.1996
move,-252.07974,89.16264
move,-253.34933,89.11376
move,-254.61647,89.02369
move,-255.90103,88.86335
move,-257.1216,88.6129
move,-258.3414,88.25881
move,-259.50238,87.84067
move,-260.66946,87.310135
move,-261.8276,86.60781
move,-262.9261,85.75464
move,-263.8658,84.91778
move,-264.7625,84.03511
move,-265.5791,83.10997
move,-266.41348,82.05772
move,-267.1345,80.98302
move,-267.7927,79.74367
move,-268.30716,78.59551
move,-268.7166,77.444496
move,-269.03018,76.26353
move,-269.28574,75.06848
move,-269.5268,73.845726
move,-269.7422,72.64279
move,-269.96616,71.416756
move,-270.18765,70.20259
move,-270.42255,68.867935
move,-270.6162,67.57558
move,-270.8167,66.37006
move,-271.04944,65.02269
move,-271.2771,63.637714
move,-271.42114,62.217667
move,-271.4113,60.838745
move,-271.3441,59.424664
move,-271.26028,58.05994
move,-271.17038,56.647106
move,-271.0765,55.21026
move,-270.96927,53.822903
move,-270.83282,52.438156
move,-270.68805,50.993393
move,-270.5639,49.64389
move,-270.4111,48.175716
move,-270.26123,46.889793
move,-270.21295,45.656994
move,-270.25565,44.363167
move,-270.43622,42.971767
move,-270.65823,41.5736
move,-270.8451,40.17048
move,-270.931,38.745693
move,-270.8815,37.379707
move,-270.73868,35.947002
move,-270.58524,34.600517
move,-270.42456,33.193974
move,-270.2636,31.7631
move,-270.1438,30.388952
move,-270.059,29.000092
move,-269.99762,27.658398
move,-269.9552,26.352312
move,-269.9329,25.130419
move,-269.90652,23.606052
move,-269.88165,22.202679
move,-269.86023,20.992872
move,-269.85178,19.746698
move,-269.96292,18.372229
move,-270.09137,17.169052
move,-270.22238,15.941817
move,-270.36783,14.557945
move,-270.49777,13.3306
move,-270.6272,12.10321
move,-270.74188,10.70436
move,-270.80524,9.290184
move,-270.84177,7.8749557
move,-270.8745,6.495947
move,-270.87033,5.2739863
move,-270.8231,3.8469737
move,-270.77817,2.5530527
move,-270.7321,1.2470647
move,-270.68402,-0.0104153305
move,-270.63376,-1.2557012
move,-270.58252,-2.5857143
move,-270.53198,-3.8794255
move,-270.4853,-5.149069
move,-270.43228,-6.4911203
move,-270.38046,-7.7363467
move,-270.32526,-9.078313
move,-270.2953,-10.324187
move,-270.2934,-11.691474
move,-270.31244,-12.998117
move,-270.347,-14.437605
move,-270.37503,-15.671485
move,-270.40247,-16.941692
move,-270.43048,-18.236092
move,-270.455,-19.518452
move,-270.46533,-20.788902
move,-270.47415,-22.059368
move,-270.48898,-23.34187
move,-270.50397,-24.63647
move,-270.51865,-25.906874
move,-270.53354,-27.189377
move,-270.54822,-28.45978
move,-270.56274,-29.754393
move,-270.58017,-31.024769
move,-270.60382,-32.307148
move,-270.62314,-33.613808
move,-270.6294,-34.90844
move,-270.5704,-36.177483
move,-270.49258,-37.43348
move,-270.41425,-38.689457
move,-270.33447,-39.981697
move,-270.15726,-41.28756
move,-269.9184,-42.510754
move,-269.67422,-43.720535
move,-269.39536,-45.046722
move,-269.14536,-46.316967
move,-268.94797,-47.535263
move,-268.78174,-48.84341
move,-268.67587,-50.255093
move,-268.68716,-51.657467
move,-268.87003,-52.950905
move,-269.1857,-54.392868
move,-269.34338,-55.62676
move,-269.24008,-56.867382
move,-268.9443,-58.138958
move,-268.45752,-59.35043
move,-267.82043,-60.4767
move,-266.98712,-61.65028
move,-266.19604,-62.61331
move,-265.3565,-63.61473
move,-264.52496,-64.60709
move,-263.77054,-65.56811
move,-263.07657,-66.60316
move,-262.41162,-67.79694
move,-261.89752,-68.99804
move,-261.4661,-70.23113
move,-261.16342,-71.52658
move,-260.93704,-72.80133
move,-260.7069,-74.11227
move,-260.47546,-75.435265
move,-260.22723,-76.77978
move,-259.91144,-78.07238
move,-259.50793,-79.353226
move,-258.9931,-80.619156
move,-258.32205,-81.83666
move,-257.52664,-82.88815
move,-256.63098,-83.92098
move,-255.70258,-84.85745
move,-254.6624,-85.76295
move,-253.60611,-86.61187
move,-252.50035,-87.3945
move,-251.33871,-88.01737
move,-250.10945,-88.55831
move,-248.86346,-89.05971
move,-247.59473,-89.53592
move,-246.32695,-89.97937
move,-245.01822,-90.41496
move,-243.74113,-90.83096
move,-242.41754,-91.26042
move,-241.15158,-91.671364
move,-239.8552,-92.10595
move,-238.54167,-92.632576
move,-237.34715,-93.27056
move,-236.20995,-94.09064
move,-235.20705,-95.01941
move,-234.29625,-96.05434
move,-233.50687,-97.19916
move,-232.87251,-98.395805
move,-232.35168,-99.65974
move,-231.89642,-100.88468
move,-231.47165,-102.043495
move,-231.01027,-103.44559
move,-230.58943,-104.83525
move,-230.16995,-106.23798
move,-229.74979,-107.6405
move,-229.31337,-109.088684
move,-228.89264,-110.287224
move,-228.38373,-111.56929
move,-227.82698,-112.81791
move,-227.12593,-114.1439
move,-226.35616,-115.243126
move,-225.41202,-116.17694
move,-224.28944,-116.93427
move,-223.06047,-117.470406
move,-221.7912,-117.82864
move,-220.47603,-118.202446
move,-219.21413,-118.66011
move,-218.02121,-119.19362
move,-216.78197,-119.74201
move,-215.56314,-120.21307
move,-214.30699,-120.65291
move,-213.03851,-121.05582
move,-211.79747,-121.37891
move,-210.50323,-121.62962
move,-209.15225,-121.722305
move,-207.85944,-121.66016
move,-206.59877,-121.504555
move,-205.31789,-121.316025
move,-203.99854,-121.14125
move,-202.71266,-120.990425
move,-201.41519,-120.83461
move,-200.06984,-120.67162
move,-198.77254,-120.51435
move,-197.43636,-120.37934
move,-196.10637,-120.34132
move,-194.79135,-120.43351
move,-193.47247,-120.682236
move,-192.20825,-121.05694
move,-190.9111,-121.5586
move,-189.78943,-122.203
move,-188.69507,-122.98136
move,-187.6696,-123.82933
move,-186.67796,-124.75289
move,-185.7555,-125.71219
move,-184.85251,-126.70641
move,-183.95982,-127.742
move,-183.11978,-128.80534
move,-182.32513,-129.91788
move,-181.57079,-131.08693
move,-180.97098,-132.28725
move,-180.535,-133.59496
move,-180.29272,-134.92688
move,-180.21547,-136.26741
move,-180.22498,-137.61038
move,-180.29831,-139.04826
move,-180.41739,-140.37386
move,-180.55255,-141.72229
move,-180.68309,-143.03476
move,-180.78882,-144.39778
move,-180.83504,-145.71584
move,-180.86174,-147.05864
move,-180.89902,-148.35283
move,-180.93698,-149.6712
move,-180.9688,-151.01389
move,-180.98526,-152.3448
move,-181.0031,-153.66354
move,-181.02112,-154.99438
move,-181.03949,-156.32524
move,-181.05788,-157.6561
move,-181.07623,-158.98694
move,-181.09616,-160.3057
move,-181.1166,-161.67285
move,-181.13376,-163.07637
move,-181.14961,-164.3831
move,-181.16524,-165.72614
move,-181.18115,-167.05707
move,-181.19885,-168.40001
move,-181.20961,-169.74303
move,-181.17078,-171.08542
move,-181.01788,-172.43105
move,-180.67209,-173.70271
move,-180.2274,-174.98286
move,-179.74245,-176.22218
move,-179.18248,-177.48273
move,-178.66025,-178.66743
move,-178.12267,-179.8983
move,-177.58392,-181.11543
move,-176.99196,-182.30687
move,-176.26944,-183.42416
move,-175.47507,-184.50711
move,-174.60617,-185.52975
move,-173.58012,-186.37535
move,-172.48111,-187.0816
move,-171.331,-187.70166
move,-170.15988,-188.3083
move,-168.93962,-188.92499
move,-167.70236,-189.44559
move,-166.38052,-189.78928
move,-165.08112,-189.92136
move,-163.85962,-189.94934
move,-162.53062,-189.8808
move,-161.22786,-189.77795
move,-159.8767,-189.67352
move,-158.53813,-189.56392
move,-157.17535,-189.45187
move,-155.83583,-189.35464
move,-154.48189,-189.29753
move,-153.1637,-189.2518
move,-151.78513,-189.20404
move,-150.44305,-189.2342
move,-149.12393,-189.4074
move,-147.8344,-189.68346
move,-146.52711,-189.99156
move,-145.1872,-190.2607
move,-143.82999,-190.42654
move,-142.49307,-190.55508
move,-141.15382,-190.65665
move,-139.80173,-190.74829
move,-138.42415,-190.81755
move,-137.09407,-190.8678
move,-135.6917,-190.92561
move,-134.29158,-191.0225
move,-132.9541,-191.23665
move,-131.62834,-191.61426
move,-130.36812,-192.14351
move,-129.17177,-192.75334
move,-128.04417,-193.52295
move,-127.04137,-194.43423
move,-126.09963,-195.39143
move,-125.212746,-196.38394
move,-124.17947,-197.41849
move,-123.06738,-198.12415
move,-121.82336,-198.71848
move,-120.53522,-199.17589
move,-119.23362,-199.55255
move,-117.90337,-199.86853
move,-116.45253,-200.20053
move,-115.114815,-200.48326
move,-113.70706,-200.78563
move,-112.33248,-201.16972
move,-110.924385,-201.68706
move,-109.56287,-202.28741
move,-108.24664,-203.03111
move,-107.03116,-203.88914
move,-106.04728,-204.71144
move,-104.97048,-205.72118
move,-104.0329,-206.59636
move,-103.02608,-207.38965
move,-101.840546,-208.09375
move,-100.617035,-208.73074
move,-99.48875,-209.28778
move,-98.26794,-209.78648
move,-96.90546,-210.25107
move,-95.53023,-210.58559
move,-94.15353,-210.85878
move,-92.728195,-211.13594
move,-91.333855,-211.4893
move,-90.045654,-212.01443
move,-88.792404,-212.61885
move,-87.5509,-213.27354
move,-86.33568,-213.9513
move,-85.14987,-214.65584
move,-84.03712,-215.36383
move,-82.8787,-216.11276
move,-81.74762,-216.85922
move,-80.6045,-217.60939
move,-79.45797,-218.3319
move,-78.30396,-219.06525
move,-77.10491,-219.74503
move,-75.83931,-220.22618
move,-74.569725,-220.53252
move,-73.239204,-220.714
move,-71.94874,-220.81702
move,-70.58433,-220.90549
move,-69.23013,-220.95396
move,-67.86338,-220.92186
move,-66.52153,-220.863
move,-65.156845,-220.77953
move,-63.818047,-220.67244
move,-62.455467,-220.55884
move,-61.06842,-220.4477
move,-59.66897,-220.33984
move,-58.281612,-220.2324
move,-56.858498,-220.11679
move,-55.44825,-219.99251
move,-54.217754,-219.89824
move,-52.79054,-219.85973
move,-51.36287,-219.84071
move,-50.140846,-219.82718
move,-48.689034,-219.80338
move,-47.47932,-219.77745
move,-46.17284,-219.74846
move,-44.90257,-219.72478
move,-43.60794,-219.71397
move,-42.15596,-219.7188
move,-40.72818,-219.71643
move,-39.312504,-219.7066
move,-37.92104,-219.69652
move,-36.529564,-219.68639
move,-35.125984,-219.67511
move,-33.74661,-219.66656
move,-32.379326,-219.66287
move,-31.012043,-219.65637
move,-29.656862,-219.65047
move,-28.313791,-219.64111
move,-26.849716,-219.64166
move,-25.39879,-219.69344
move,-23.998615,-219.79102
move,-22.816475,-219.88403
move,-21.359163,-220.02386
move,-19.970854,-220.22955
move,-18.590347,-220.48285
move,-17.272972,-220.74449
move,-15.948797,-220.9679
move,-14.662343,-221.11322
move,-13.348438,-221.22778
move,-12.054051,-221.3996
move,-10.783252,-221.75035
move,-9.589357,-222.21727
move,-8.457416,-222.7936
move,-7.352781,-223.46802
move,-6.316949,-224.24399
move,-5.3344088,-225.12296
move,-4.48642,-226.11606
move,-3.76137,-227.14447
move,-3.102433,-228.23015
move,-2.5057228,-229.3243
move,-1.9199378,-230.52914
move,-1.6433531,-231.76839
move,-1.4791026,-233.05235
move,-1.3689916,-234.31802
move,-1.2991743,-235.63498
move,-1.3114692,-236.92932
move,-1.3977524,-238.20897
move,-1.4849765,-239.52493
move,-1.4341215,-240.85368
move,-1.1900839,-242.11172
move,-0.76927245,-243.3098
move,-0.32222953,-244.4731
move,-0.018428557,-245.80342
move,0.05318106,-247.09549
move,-0.013301094,-248.43661
move,-0.14562838,-249.73665
move,-0.2947306,-251.09576
move,-0.42253825,-252.43274
move,-0.5236247,-253.7841
move,-0.5764007,-255.08969
move,-0.57014763,-256.45685
move,-0.5168038,-257.79877
move,-0.42315635,-259.1506
move,-0.28022748,-260.47385
move,-0.13694389,-261.8093
move,0.016117314,-263.1558
move,0.18249264,-264.47635
move,0.016117314,-263.1558
move,0.3490726,-265.78464
move,0.52163285,-267.15317
move,0.6426119,-268.4906
move,0.6593203,-269.84534
move,0.59724766,-271.1749
move,0.49454328,-272.50186
move,0.37267247,-273.83936
move,0.24864487,-275.1403
move,0.115593866,-276.48898
move,-0.016488297,-277.80127
move,-0.15676501,-279.16132
move,-0.32408905,-280.49387
move,-0.517304,-281.82306
move,-0.7093979,-283.12793
move,-0.90413743,-284.4691
move,-1.0897195,-285.81165
move,-1.2564827,-287.14435
move,-1.403459,-288.46725
move,-1.5421301,-289.8153
move,-1.6120504,-291.14395
move,-1.5580797,-292.50967
move,-1.3923675,-293.80557
move,-1.1698538,-295.15466
move,-0.95657414,-296.46844
move,-0.7688147,-297.85928
move,-0.73832166,-299.18823
move,-0.98207825,-300.55606
move,-1.4105008,-301.81564
move,-1.9292483,-303.10687
move,-2.478224,-304.45102
move,-2.8631964,-305.76202
move,-3.128513,-307.09055
move,-3.1894634,-308.52625
move,-2.9386783,-309.8432
move,-2.456706,-311.12125
move,-1.7612395,-312.3251
move,-0.95498365,-313.50336
move,-0.2618277,-314.72003
move,0.086440206,-316.06448
move,0.2851225,-317.4907
move,0.3871094,-318.93875
move,0.42747217,-320.3538
move,0.46547535,-321.769
move,0.46918935,-323.19656
move,0.41553167,-324.40536
move,0.30146277,-325.84058
move,0.14422837,-327.05237
move,0.04461745,-328.50024
move,-0.03303069,-329.92578
move,-0.121205136,-331.33868
move,-0.19262311,-332.77667
move,-0.28025633,-334.18948
move,-0.26021236,-335.67706
move,-0.15754962,-337.02838
move,-0.04982571,-338.41574
move,0.053909563,-339.83966
move,0.09482881,-341.2547
move,0.11371888,-342.6702
move,0.06334203,-344.0485
move,-0.013717916,-345.44998
move,-0.09015798,-346.86356
move,-0.16212068,-348.1078
move,-0.276608,-349.45813
move,-0.37504822,-350.8459
move,-0.42321676,-352.21246
move,-0.46024075,-353.62766
move,-0.48993397,-354.8978
move,-0.525,-356.39777
move,-0.55610687,-357.7284
move,-0.5891926,-359.14368
move,-0.59637874,-359.45108
move,-0.6212419,-359.61865
move,-0.79766446,-360.96225
move,-0.88269603,-362.37512
move,-0.864566,-363.81412
move,-0.7140386,-365.24594
move,-0.5287765,-366.4661
move,-0.31459263,-367.90222
move,-0.15190613,-369.32062
move,-0.05028481,-370.53842
move,0.037779436,-371.95145
move,0.11928816,-373.1829
move,0.16956769,-374.58545
move,0.15482795,-376.01312
move,0.045573838,-377.44873
move,-0.14627378,-378.8756
move,-0.4075471,-380.2792
move,-0.76519233,-381.72375
move,-1.1173501,-382.9318
move,-1.4559109,-384.19342
move,-1.5656594,-385.16644
cluster,1617
move,-1.5735499,-385.40833
move,-1.5865252,-386.83615
move,-1.1920929E-06,365.5
move,-0.02100202,364.54572
move,-0.048796497,363.37704
move,-0.07981615,362.19766
move,-0.12694003,361.0188
move,-0.19460064,359.86252
move,-0.26738268,358.67413
move,-0.32052067,357.49548
move,-0.37107494,356.3275
move,-0.42023075,355.15955
move,-0.46859574,353.98074
move,-0.5161066,352.8234
move,-0.5644435,351.6446
move,-0.6216749,350.45557
move,-0.7005498,349.3106
move,-0.7827655,348.14447
move,-0.8606792,346.96732
move,-0.9118122,345.81018
move,-0.91320604,344.66272
move,-0.8966861,343.50458
move,-0.88038933,342.3679
move,-0.8646115,341.30875
move,-0.8296111,340.27948
move,-0.7846218,339.24097
move,-0.7402995,338.21204
move,-0.6840435,337.18375
move,-0.6540501,336.14474
move,-0.66359717,335.10535
move,-0.7222069,334.05792
move,-0.8193487,333.00366
move,-0.94902647,331.95294
move,-1.0502145,330.8028
move,-1.0492101,329.7635
move,-0.9998361,328.73483
move,-0.93311536,327.66852
move,-0.84125906,326.6331
move,-0.7490999,325.54938
move,-0.6836619,324.51196
move,-0.610737,323.44608
move,-0.54850674,322.39883
move,-0.48512834,321.30347
move,-0.4751428,320.28326
move,-0.4613095,319.21497
move,-0.4494604,318.1755
move,-0.4067959,317.10806
move,-0.32643417,316.05237
move,-0.23901844,314.96826
move,-0.14946553,313.91333
move,-0.04246398,312.86966
move,0.068337984,311.79736
move,0.13059004,310.44635
move,-0.46919417,309.29785
move,-1.2990155,308.68796
move,-2.263096,307.7994
move,-3.234067,306.83463
move,-3.7901542,305.74847
move,-3.7499876,304.4763
move,-3.4611151,303.36844
move,-2.6007624,302.40225
move,-1.620104,301.53925
move,-0.5864317,300.70074
move,0.45295814,299.85007
move,1.4776914,299.00076
move,2.540183,298.12094
move,3.5424051,297.22766
move,4.4586525,296.2627
move,5.2395124,295.20096
move,5.956398,294.07947
move,6.6655326,292.96744
move,7.400405,291.81445
move,8.06908,290.64996
move,8.649246,289.42572
move,9.092243,288.17108
move,9.421708,286.85718
move,9.604911,285.53958
move,9.670003,284.1016
move,9.662725,282.7584
move,9.646658,281.42737
move,9.645417,280.07214
move,9.650567,278.729
move,9.718826,277.37616
move,9.912225,276.03528
move,10.202808,274.724
move,10.501632,273.4145
move,10.847601,272.0545
move,11.24671,270.75943
move,11.748377,269.5144
move,12.362312,268.27948
move,13.108526,267.16458
move,13.977671,266.14096
move,14.907525,265.17203
move,15.894862,264.2088
move,16.891731,263.34567
move,17.899113,262.57178
move,19.010164,261.88513
move,20.230522,261.2693
move,21.47679,260.7696
move,22.781708,260.36237
move,24.100155,260.05005
move,25.402569,259.84418
move,26.750696,259.70688
move,28.102762,259.6155
move,29.4203,259.5559
move,30.762667,259.5116
move,32.068844,259.4712
move,33.43557,259.43185
move,34.75428,259.4097
move,36.061047,259.39874
move,37.367825,259.3894
move,38.67453,259.3749
move,39.98112,259.35114
move,41.26351,259.3277
move,42.59432,259.30493
move,43.864708,259.2882
move,45.18349,259.27087
move,46.478077,259.25388
move,47.784763,259.23666
move,49.091454,259.22006
move,50.410282,259.20486
move,51.753258,259.18774
move,53.168827,259.16898
move,54.487614,259.1529
move,55.830627,259.1371
move,57.18568,259.11838
move,58.551693,259.06107
move,59.913025,258.9381
move,61.226803,258.66357
move,62.465164,258.21362
move,63.65155,257.51538
move,64.597946,256.58444
move,65.32217,255.45555
move,65.90291,254.25809
move,66.58545,252.97838
move,67.46454,252.0497
move,68.581024,251.2853
move,69.81041,250.68842
move,71.091576,250.24986
move,72.41461,249.95808
move,73.72614,249.73138
move,75.061134,249.49806
move,76.36623,249.18852
move,77.608986,248.5946
move,78.682915,247.81136
move,79.57763,246.79927
move,80.12437,245.5774
move,80.37832,244.248
move,80.44389,242.90712
move,80.38612,241.56555
move,80.255066,240.28967
move,80.109055,238.95456
move,79.96601,237.61914
move,79.82224,236.28375
move,79.687706,234.92316
move,79.59864,233.57109
move,79.60773,232.24028
move,79.6695,230.92291
move,79.77993,229.54796
move,79.90746,228.21094
move,80.05239,226.85136
move,80.24163,225.48521
move,80.48467,224.15201
move,80.76126,222.7883
move,81.096176,221.46295
move,81.5456,220.14648
move,82.1313,218.87198
move,82.78377,217.82507
move,83.549866,216.81201
move,84.344124,215.86743
move,85.21472,214.92592
move,86.18111,214.04706
move,87.25497,213.26169
move,88.3512,212.59625
move,89.44918,212.00668
move,90.62129,211.40205
move,91.8031,210.84467
move,92.98863,210.38924
move,94.24603,210.03436
move,95.523994,209.76224
move,96.793655,209.58247
move,98.07113,209.46799
move,99.35127,209.38876
move,100.65658,209.32642
move,101.95033,209.27728
move,103.24435,209.23517
move,104.56258,209.19316
move,105.8922,209.13374
move,107.19185,209.00375
move,108.52631,208.7088
move,109.78056,208.30235
move,111.00449,207.78069
move,112.127686,207.11458
move,113.17717,206.35686
move,114.166275,205.50331
move,115.066925,204.60754
move,115.89952,203.64825
move,116.71317,202.59505
move,117.449486,201.5012
move,118.03843,200.36278
move,118.49641,199.17807
move,118.88607,197.90558
move,119.20279,196.62541
move,119.459335,195.3072
move,119.65091,193.99016
move,119.7717,192.677
move,119.82749,191.29886
move,119.83575,189.96782
move,119.8358,188.5883
move,119.865425,187.19725
move,119.9595,185.82126
move,120.105484,184.51048
move,120.31267,183.08588
move,120.63552,181.68323
move,121.1069,180.49228
move,121.76722,179.32335
move,122.490715,178.22066
move,123.24393,177.07956
move,124.01358,175.96419
move,124.81241,174.85449
move,125.609314,173.80379
move,126.418625,172.80873
move,127.348145,171.64642
move,128.09552,170.6492
move,128.82997,169.3985
move,129.41,168.06773
move,129.82736,166.67908
move,130.01347,165.2764
move,130.08983,163.98396
move,130.15543,162.63034
move,130.21457,161.47026
move,130.08983,163.98396
move,130.26918,163.2748
move,130.54883,162.2537
move,130.85217,161.20923
move,131.13374,160.13907
move,131.34538,159.08209
move,131.46718,158.00214
move,131.5227,156.89667
move,131.58423,155.77219
move,131.6463,154.63812
move,131.61378,153.59042
move,131.50473,152.52766
move,131.38638,151.4659
move,131.22125,150.43
move,131.02893,149.36928
move,130.8187,148.263
move,130.68938,147.24142
move,130.56732,146.17036
move,130.41743,145.11267
move,130.23395,144.04065
move,130.06343,143.16199
move,129.77083,141.97525
move,129.49475,140.91328
move,129.16956,139.8962
move,128.73827,138.91907
move,128.24043,137.98499
move,127.63878,137.09096
move,126.98299,136.26016
move,126.26913,135.45241
move,125.55926,134.65396
move,124.83859,133.83937
move,124.14672,133.02534
move,123.4452,132.16917
move,122.794876,131.2978
move,122.26596,130.37065
move,121.86998,129.3891
move,121.51244,128.38237
move,121.20984,127.33805
move,121.0115,126.268974
move,120.857704,125.24091
move,120.70095,124.184105
move,120.54249,123.11782
move,120.37931,122.02303
move,120.23437,120.98398
move,120.09045,119.90592
move,119.94899,118.846954
move,119.77679,117.714714
move,119.560745,116.668465
move,119.31684,115.60855
move,119.06065,114.53174
move,118.78983,113.43869
move,118.49453,112.39203
move,118.13492,111.35553
move,117.63906,110.1398
move,117.14615,109.0083
move,116.57609,107.7656
move,115.94841,106.51028
move,115.87792,105.17207
move,115.27056,104.31665
move,114.640015,103.43065
move,113.86039,102.69149
move,112.9143,102.1591
move,111.87841,101.79972
move,110.84455,101.53055
move,109.77988,101.265175
move,108.72973,100.98224
move,107.688576,100.66779
move,106.64945,100.34663
move,105.60992,100.026794
move,104.57848,99.71344
move,103.526375,99.40194
move,104.57848,99.71344
move,102.48352,99.09312
move,101.43163,98.78086
move,100.39332,98.45727
move,99.36064,98.086685
move,98.363655,97.677055
move,97.3279,97.16652
move,96.37712,96.56458
move,95.51983,95.850845
move,94.77221,95.03542
move,94.0795,94.15991
move,93.42539,93.25519
move,92.88891,92.44455
move,92.31921,91.49568
move,91.79462,90.49948
move,91.35251,89.47447
move,90.97589,88.433784
move,90.640274,87.34879
move,90.331726,86.295815
move,90.02807,85.22146
move,89.76049,84.127625
move,89.55269,83.03099
move,89.411415,81.942894
move,89.2615,80.84622
move,89.1138,79.720116
move,89.004845,78.618675
move,88.91939,77.51518
move,88.93586,76.43785
move,88.991776,75.33239
move,89.07319,74.228546
move,89.166756,73.14495
move,89.25585,72.06098
move,89.34,70.96696
move,89.41959,69.88224
move,89.48966,68.64844
move,89.5494,67.27034
move,89.60743,65.9285
move,89.66536,64.55031
move,89.72235,63.23263
move,89.78003,61.878666
move,89.83663,60.548885
move,89.89579,59.195
move,89.953865,57.865276
move,90.00971,56.499146
move,90.03176,55.168327
move,90.04952,53.801144
move,90.033485,52.446198
move,89.96419,51.104916
move,89.88561,49.752
move,89.80536,48.4113
move,89.733505,47.03387
move,89.79788,45.57239
move,90.022484,44.26108
move,90.46842,42.985806
move,91.2528,41.916515
move,92.407745,41.08849
move,93.62378,40.691704
move,94.935326,40.568222
move,96.096725,40.583916
move,97.463646,40.616833
move,98.806175,40.583412
move,100.169685,40.484028
move,101.500885,40.306374
move,102.80376,40.10155
move,104.154205,39.88749
move,105.49302,39.67738
move,106.868034,39.46382
move,108.26365,39.22697
move,109.58996,38.89567
move,110.9101,38.422993
move,112.14063,37.750492
move,113.25106,36.83731
move,114.27841,35.777344
move,115.13527,34.889088
move,116.21236,33.84456
move,117.14324,32.99809
move,118.29538,32.176292
move,119.3635,31.46653
move,120.56836,30.939657
move,121.9221,30.62004
move,123.29282,30.381147
move,124.65725,30.1785
move,126.11269,30.025667
move,127.46531,30.080547
move,128.83629,30.418943
move,130.05447,31.037022
move,131.23296,31.776579
move,132.34848,32.62716
move,133.32468,33.549236
move,134.31421,34.56163
move,135.241,35.533684
move,136.22081,36.53874
move,137.28085,37.436905
move,138.54266,38.10095
move,139.83386,38.584316
move,141.14404,38.929058
move,142.51176,39.1839
move,143.91452,39.3745
move,145.33357,39.53299
move,146.6686,39.681007
move,148.0403,39.82662
move,149.37718,39.955723
move,150.73903,40.07721
move,152.13716,40.200874
move,153.47263,40.343933
move,154.82962,40.511593
move,156.21085,40.68041
move,157.58835,40.874157
move,158.89922,41.25929
move,160.15038,41.778942
move,161.35957,42.390453
move,162.53418,43.06584
move,163.65608,43.846695
move,164.69061,44.702385
move,165.64642,45.679382
move,166.56436,46.692734
move,167.53252,47.725464
move,168.60542,48.586388
move,169.81711,49.130657
move,171.12059,49.49965
move,172.48578,49.766743
move,173.78198,49.93212
move,175.15353,50.07879
move,176.46768,50.19122
move,177.8186,50.299267
move,179.17033,50.395653
move,180.50056,50.441093
move,181.85565,50.45401
move,183.20984,50.405575
move,184.54863,50.298565
move,185.90567,50.133305
move,187.24,49.897163
move,188.5566,49.577625
move,189.8755,49.13565
move,191.06934,48.549847
move,192.2114,47.777985
move,193.1932,46.916656
move,194.10655,45.93251
move,194.93378,44.905403
move,195.75543,43.85829
move,196.61447,42.79479
move,197.58755,41.836056
move,198.70847,40.99236
move,199.8411,40.317772
move,201.0897,39.763073
move,202.35303,39.386665
move,203.69998,39.157417
move,205.0271,39.05818
move,206.35709,39.008656
move,207.71228,39.006447
move,209.05522,39.019005
move,210.42236,39.03095
move,211.81386,39.02612
move,213.16856,38.989296
move,214.53398,38.91913
move,215.89618,38.80205
move,217.31114,38.61332
move,218.61287,38.28875
move,219.87299,37.760635
move,221.06248,37.11216
move,222.2087,36.389233
move,223.32643,35.60223
move,224.35925,34.763165
move,225.36122,33.868755
move,226.41454,32.922817
move,227.46469,32.047836
move,228.55011,31.299173
move,229.74265,30.606592
move,230.97166,30.007774
move,232.27617,29.491472
move,233.5685,29.17753
move,234.8642,29.01099
move,236.21666,28.928436
move,237.55937,28.899546
move,238.90234,28.916676
move,240.23277,28.95508
move,241.58745,28.99233
move,242.94244,29.01634
move,244.32173,29.022257
move,245.64867,28.924276
move,246.996,28.697853
move,248.26547,28.169506
move,249.35326,27.364725
move,250.28618,26.288479
move,250.86711,25.147736
move,251.31271,23.89359
move,251.73326,22.733429
move,252.43893,21.510399
move,253.3566,20.550652
move,254.51274,19.82582
move,255.7843,19.327173
move,257.0614,18.998245
move,258.46915,18.642927
move,259.66452,18.180752
move,260.86868,17.560335
move,261.96664,16.830559
move,263.04968,15.957453
move,263.9874,15.100331
move,264.9986,14.162122
move,265.98077,13.337607
move,267.04626,12.480829
move,268.16345,11.651775
move,269.29633,10.953889
move,270.4982,10.355416
move,271.7274,9.878653
move,273.00568,9.5092
move,274.3436,9.229395
move,275.65335,9.077826
move,277.03128,9.021717
move,278.3489,9.068393
move,279.6876,9.177178
move,281.0265,9.282046
move,282.41516,9.370337
move,283.80582,9.408925
move,285.1717,9.350414
move,286.58752,9.172006
move,287.86,8.829448
move,289.11902,8.298534
move,290.33923,7.6305375
move,291.4973,6.85984
move,292.54672,6.022324
move,293.52756,5.0528173
move,294.52985,4.0359573
move,295.54105,3.134076
move,296.6504,2.2165337
move,297.9154,1.345598
move,299.25012,0.6633195
move,300.6632,0.19903308
move,301.86038,-0.10021159
move,303.35706,-0.3900934
move,304.56665,-0.5636218
move,305.79422,-0.69012064
move,307.01462,-0.7532971
move,308.5378,-0.71287996
move,309.83826,-0.58473444
move,311.33664,-0.37913612
move,312.80777,-0.15399489
move,314.26596,0.07600429
move,315.75433,0.3448551
move,317.22977,0.53572243
move,318.71426,0.6403054
move,320.02063,0.6680434
move,321.35074,0.6221113
move,322.69092,0.53367496
move,324.04285,0.43905857
move,325.39215,0.31331506
move,326.72537,0.15054445
move,328.0933,-0.02613271
move,329.4061,-0.15255152
move,330.77728,-0.30217966
move,332.13724,-0.44323313
move,333.4987,-0.56909347
move,334.86087,-0.6873524
move,336.23837,-0.75563985
move,337.6297,-0.7724769
move,339.00912,-0.75959414
move,340.4245,-0.7376557
move,341.81516,-0.6907058
move,343.18085,-0.62834954
move,344.55844,-0.5579843
move,345.97153,-0.47164348
move,347.3321,-0.3380629
move,348.67853,-0.18398461
move,350.05682,0.0073974943
move,351.45523,0.22846977
move,352.82285,0.48475555
move,353.05984,0.5335599
cluster,1936
move,354.1829,0.7784254
move,-345.5,-2.6226044E-06
move,-344.68027,-0.09991647
move,-343.42224,-0.2371217
move,-342.19086,-0.30822617
move,-340.92676,-0.36836058
move,-339.66373,-0.4470549
move,-338.42285,-0.5353516
move,-337.13824,-0.61276597
move,-335.9167,-0.65953046
move,-334.82513,-0.73235285
move,-333.6031,-0.76997536
move,-332.30786,-0.8482068
move,-331.09665,-0.8865958
move,-329.874,-0.88498104
move,-328.5774,-0.93750334
move,-327.37488,-1.086089
move,-326.0644,-1.2370341
move,-324.96475,-1.3421011
move,-323.8612,-1.3883562
move,-322.74945,-1.305618
move,-321.55374,-1.1093092
move,-320.31134,-0.868442
move,-319.09827,-0.64578056
move,-317.87772,-0.40493146
move,-316.64243,-0.18640997
move,-315.4562,-0.08729421
move,-314.2449,-0.048777334
move,-313.02222,-0.046390034
move,-311.8102,-0.058315415
move,-310.56628,-0.080894694
move,-309.36575,-0.12218917
move,-308.11313,-0.19242595
move,-306.9084,-0.32287768
move,-305.67767,-0.5035405
move,-304.4707,-0.75714105
move,-303.2907,-1.1015569
move,-302.14178,-1.6523545
move,-301.20892,-2.4191566
move,-300.58478,-3.427287
move,-300.2342,-4.607588
move,-300.00735,-5.8198895
move,-299.78854,-7.0227895
move,-299.56113,-8.081357
move,-299.1325,-9.202471
move,-298.5962,-10.300878
move,-297.97098,-11.338653
move,-297.30347,-12.36306
move,-296.6,-13.439811
move,-295.7558,-14.685497
move,-294.86688,-15.98057
move,-294.0003,-16.989437
move,-292.74658,-17.813034
move,-291.32208,-18.370607
move,-289.89117,-18.791473
move,-288.41693,-19.205828
move,-286.9197,-19.634449
move,-285.5001,-20.132378
move,-284.10477,-20.659487
move,-282.6875,-21.20343
move,-281.2849,-21.748562
move,-279.89487,-22.289597
move,-278.494,-22.83909
move,-277.04144,-23.436676
move,-275.74133,-24.021038
move,-274.56998,-24.826847
move,-273.5724,-25.964598
move,-272.91714,-27.30172
move,-272.37564,-28.677416
move,-271.80014,-30.139019
move,-271.2566,-31.528023
move,-270.75812,-32.77874
move,-270.54288,-34.275345
move,-270.61295,-35.764427
move,-270.8301,-37.306458
move,-271.0968,-38.74719
move,-271.3755,-40.266182
move,-271.53537,-41.77481
move,-271.52594,-43.318745
move,-271.44,-44.741737
move,-271.34348,-46.256664
move,-271.24496,-47.78469
move,-271.15845,-49.115086
move,-271.0639,-50.550766
move,-270.93726,-52.050205
move,-270.80444,-53.53588
move,-270.66776,-55.060997
move,-270.53012,-56.6125
move,-270.41504,-57.914215
move,-270.29547,-59.427483
move,-270.18082,-60.98087
move,-270.07028,-62.534542
move,-269.96716,-64.10197
move,-269.84818,-65.42969
move,-269.6462,-66.74728
move,-269.31488,-68.3231
move,-268.94122,-69.69833
move,-268.41284,-70.96452
move,-267.65076,-72.35227
move,-266.8666,-73.44588
move,-265.83066,-74.66149
move,-264.92184,-75.63658
move,-263.94458,-76.54288
move,-262.82898,-77.33989
move,-261.4025,-78.025246
move,-259.90808,-78.54978
move,-258.4176,-79.04564
move,-256.9273,-79.54208
move,-255.60014,-79.93821
move,-254.0781,-80.09397
move,-252.85785,-80.160904
move,-251.62547,-80.22769
move,-250.17542,-80.302536
move,-248.77226,-80.33721
move,-247.34453,-80.334015
move,-245.90552,-80.28434
move,-244.51544,-80.22077
move,-243.0774,-80.14747
move,-241.6396,-80.07114
move,-240.20178,-79.99365
move,-238.764,-79.91496
move,-237.30183,-79.83946
move,-236.08083,-79.78853
move,-234.6654,-79.76121
move,-233.20146,-79.74006
move,-231.9794,-79.73624
move,-230.5645,-79.780945
move,-229.32236,-79.87937
move,-227.91028,-80.15564
move,-226.49551,-80.532364
move,-225.11829,-80.90907
move,-223.92389,-81.21965
move,-222.52473,-81.55964
move,-221.2981,-81.889565
move,-220.10023,-82.3462
move,-218.83575,-83.00767
move,-217.61876,-83.82095
move,-216.43858,-84.727135
move,-215.39732,-85.754295
move,-214.53542,-86.89135
move,-213.73586,-88.08886
move,-213.05878,-89.10622
move,-212.47888,-90.39534
move,-211.97786,-91.75809
move,-211.51419,-93.1467
move,-211.22125,-94.33257
move,-211.00916,-95.719795
move,-210.86838,-97.12844
move,-210.75424,-98.345184
move,-210.6334,-99.549126
move,-210.45732,-100.978195
move,-210.28462,-102.2124
move,-210.02554,-103.64105
move,-209.71158,-105.04616
move,-209.3738,-106.233025
move,-208.80637,-107.54015
move,-207.8903,-108.69321
move,-206.7264,-109.61524
move,-205.60939,-110.13647
move,-204.27194,-110.516365
move,-202.9102,-110.802505
move,-201.67726,-111.149086
move,-200.46683,-111.78234
move,-199.41226,-112.446365
move,-198.27213,-113.243904
move,-197.14017,-114.13332
move,-196.07195,-115.08061
move,-195.16478,-115.89951
move,-194.21893,-116.710815
move,-193.05891,-117.49669
move,-191.78493,-118.05603
move,-190.65466,-118.551636
move,-189.35863,-119.12126
move,-188.02612,-119.69823
move,-186.70784,-120.27737
move,-185.54381,-120.75466
move,-184.20244,-121.16667
move,-182.97025,-121.52247
move,-181.67674,-122.145004
move,-180.69814,-122.89452
move,-179.77632,-123.99565
move,-179.19836,-125.111824
move,-178.64607,-126.4151
move,-177.88158,-127.617874
move,-176.84265,-128.62465
move,-175.56775,-129.23216
move,-174.17491,-129.63898
move,-172.81996,-129.89708
move,-171.62115,-130.134
move,-170.2462,-130.55792
move,-169.09862,-131.10107
move,-167.9423,-131.87222
move,-167.10237,-132.75577
move,-166.37822,-133.94272
move,-165.67773,-135.21452
move,-165.01718,-136.24089
move,-163.99377,-137.21404
move,-162.81203,-137.9922
move,-161.59384,-138.66397
move,-160.30159,-139.24129
move,-159.1586,-139.67357
move,-157.8042,-140.03697
move,-156.55507,-140.18141
move,-155.14124,-140.14398
move,-153.73425,-139.90492
move,-152.43948,-139.59721
move,-151.27942,-139.21474
move,-150.16559,-138.6852
move,-148.9456,-137.89865
move,-147.75545,-137.04596
move,-146.75859,-136.27809
move,-145.6429,-135.34904
move,-144.71832,-134.47826
move,-143.88925,-133.53178
move,-143.04422,-132.5509
move,-141.95709,-131.57503
move,-140.63464,-130.9051
move,-139.24791,-130.6329
move,-138.01675,-130.55278
move,-136.58913,-130.53659
move,-135.331,-130.51819
move,-133.96759,-130.41652
move,-132.54514,-130.29314
move,-131.0987,-130.16624
move,-129.85716,-130.05722
move,-128.38484,-129.95154
move,-126.97064,-129.8871
move,-125.75015,-129.82474
move,-124.507256,-129.7337
move,-123.29419,-129.58641
move,-121.87224,-129.29434
move,-120.70209,-128.94324
move,-119.388855,-128.30501
move,-118.324684,-127.41139
move,-117.352905,-126.3335
move,-116.52324,-125.262024
move,-115.77493,-124.28055
move,-114.903694,-123.211395
move,-113.88162,-122.181305
move,-112.77386,-121.34166
move,-111.53054,-120.69356
move,-110.22098,-120.22534
move,-108.854126,-119.9099
move,-107.46387,-119.718506
move,-106.05149,-119.62674
move,-104.67234,-119.60499
move,-103.25666,-119.611824
move,-101.86519,-119.62199
move,-100.44951,-119.632774
move,-99.04594,-119.64344
move,-97.630264,-119.65421
move,-96.238785,-119.66494
move,-94.95622,-119.67448
move,-93.55265,-119.68159
move,-92.14907,-119.67806
move,-90.72129,-119.67514
move,-89.32981,-119.679596
move,-87.902054,-119.69062
move,-86.47483,-119.73142
move,-85.01135,-119.7747
move,-83.56072,-119.73041
move,-82.149605,-119.517685
move,-80.96253,-119.18433
move,-79.7428,-118.52207
move,-78.63513,-117.66062
move,-77.55307,-116.74779
move,-76.494095,-115.82656
move,-75.5761,-115.01981
move,-74.517426,-114.043884
move,-73.51042,-113.04882
move,-72.62264,-112.20974
move,-71.61338,-111.501274
move,-70.386375,-110.901344
move,-69.02268,-110.531136
move,-67.61665,-110.36923
move,-66.1829,-110.23634
move,-64.76947,-109.97493
move,-63.557526,-109.55553
move,-62.398388,-109.09806
move,-61.276558,-108.58372
move,-60.119343,-108.030624
move,-58.837177,-107.3757
move,-57.76776,-106.78423
move,-56.659184,-106.13932
move,-55.637985,-105.46848
move,-54.689735,-104.60867
move,-53.810074,-103.4697
move,-53.133987,-102.394646
move,-52.597313,-101.20428
move,-52.10556,-99.88964
move,-51.665623,-98.72359
move,-51.20534,-97.38492
move,-50.802475,-96.20553
move,-50.41246,-95.04742
move,-50.058914,-93.6519
move,-49.795578,-92.162926
move,-49.671684,-90.76506
move,-49.610756,-89.52027
move,-49.55842,-88.238754
move,-49.514153,-86.78748
move,-49.538006,-85.359985
move,-49.578197,-84.11433
move,-49.63706,-82.66354
move,-49.690445,-81.430504
move,-49.757713,-79.955826
move,-49.82148,-78.54155
move,-49.878677,-77.308685
move,-49.939182,-75.870056
move,-49.991165,-74.63695
move,-50.077496,-73.18752
move,-50.153473,-71.95566
move,-50.24609,-70.737175
move,-50.43697,-69.28568
move,-50.62744,-67.846275
move,-50.778618,-66.40234
move,-50.876904,-64.94158
move,-50.9242,-63.514793
move,-50.872322,-62.07613
move,-50.73612,-60.61845
move,-50.558907,-59.201782
move,-50.351807,-57.948414
move,-50.07611,-56.671097
move,-49.787357,-55.43387
move,-49.449535,-54.184128
move,-49.079563,-53.00674
move,-48.600517,-51.64889
move,-48.09393,-50.249474
move,-47.64371,-49.08749
move,-47.06866,-47.96959
move,-46.387794,-46.96984
move,-45.569515,-45.982742
move,-44.70205,-45.10528
move,-43.743454,-44.309765
move,-42.646114,-43.651524
move,-41.335373,-43.1166
move,-40.192078,-42.651695
move,-39.02675,-42.17675
move,-37.875935,-41.73109
move,-36.646233,-41.32698
move,-35.206337,-41.005226
move,-33.7428,-40.81287
move,-32.526917,-40.68995
move,-31.069286,-40.552376
move,-29.852745,-40.435997
move,-28.612005,-40.318436
move,-27.369753,-40.21849
move,-26.053541,-40.134346
move,-24.810976,-40.038563
move,-23.582998,-39.91478
move,-22.35841,-39.76191
move,-21.120857,-39.535126
move,-19.924473,-39.232674
move,-18.768478,-38.805313
move,-17.666454,-38.1515
move,-16.537746,-37.22048
move,-15.656204,-36.3568
move,-14.766206,-35.46715
move,-13.896096,-34.591846
move,-12.957018,-33.70121
move,-11.89931,-32.956276
move,-10.598076,-32.23471
move,-9.4922,-31.714874
move,-8.296115,-31.252893
move,-6.9539895,-30.887363
move,-5.6729555,-30.629358
move,-4.3225236,-30.350428
move,-3.0699964,-29.840164
move,-1.9484957,-29.104307
move,-1.0351511,-28.063028
move,-0.44852477,-26.844341
move,-0.12177776,-25.58039
move,0.065452494,-24.238646
move,0.13281325,-22.788666
move,0.12028348,-21.481937
move,0.10113324,-20.175276
move,0.10411766,-18.856411
move,0.15391101,-17.526417
move,0.26181617,-16.272778
move,0.4170001,-14.987457
move,0.6125899,-13.7077
move,0.85951936,-12.449192
move,1.1642647,-11.19097
move,1.5649976,-9.9605255
move,2.1465998,-8.805773
move,2.925124,-7.8050423
move,3.8846211,-6.9933524
move,4.8956957,-6.264662
move,5.959344,-5.5054913
move,6.9710793,-4.6634884
move,7.7186007,-3.7142897
move,8.365632,-2.5130217
move,8.706347,-1.2782367
move,8.917717,0.023496736
move,9.11143,1.3280932
move,9.332306,2.591487
move,9.559683,3.9028623
move,9.735047,5.319702
move,9.850555,6.62137
move,9.948231,7.888108
move,10.049816,9.215227
move,10.151399,10.50593
move,10.265616,11.807726
move,10.4088125,13.094429
move,10.59037,14.388517
move,10.818813,15.675107
move,11.111906,16.923616
move,11.481765,18.21464
move,11.920031,19.406723
move,12.470215,20.605017
move,13.113194,21.742092
move,13.887107,22.839245
move,14.751458,23.850756
move,15.674731,24.722889
move,16.817913,25.576963
move,18.091358,26.346758
move,19.406893,27.042286
move,20.766367,27.6163
move,22.12388,28.096218
move,23.44137,28.543957
move,24.724947,28.978691
move,26.042664,29.425766
move,27.351635,29.86079
move,28.67306,30.29675
move,29.977623,30.780428
move,31.219034,31.323513
move,32.489944,31.97396
move,33.70636,32.69616
move,34.80601,33.586407
move,35.79947,34.525795
move,36.829376,35.4971
move,37.902325,36.4015
move,39.047455,37.212452
move,40.30936,37.928837
move,41.54478,38.454746
move,42.895184,38.877983
move,44.241425,39.17681
move,45.615643,39.394867
move,46.98334,39.57386
move,48.37833,39.728954
move,49.776283,39.854465
move,51.151543,39.961224
move,52.514557,40.06953
move,53.744843,40.16776
move,55.11989,40.277294
move,56.482727,40.387627
move,57.918198,40.50046
move,59.230663,40.630314
move,60.602745,40.772247
move,61.964527,40.894665
move,63.352695,40.990627
move,64.71925,41.023846
move,66.085175,40.963856
move,67.44722,40.846394
move,68.80543,40.688885
move,70.17565,40.530346
move,71.53384,40.372772
move,72.89158,40.211327
move,74.26062,40.042576
move,75.609924,39.91792
move,76.94975,39.82398
move,78.34993,39.725803
move,79.7034,39.659603
move,81.11888,39.63609
move,82.48613,39.64484
move,83.84109,39.670193
move,85.24401,39.712917
move,86.60908,39.790543
move,87.98398,39.901226
move,89.369576,40.02919
move,90.77916,40.160667
move,92.21336,40.288414
move,93.57907,40.352287
move,95.00622,40.39568
move,96.43341,40.437393
move,97.65532,40.44926
move,99.033646,40.39698
move,100.457115,40.287586
move,101.864555,40.135105
move,103.257805,39.965233
move,104.64405,39.746773
move,105.987274,39.491344
move,107.43239,39.19057
move,108.72337,38.820965
move,110.06694,38.374973
move,111.219345,37.901722
move,112.34478,37.24012
move,113.43101,36.371635
move,114.32266,35.518578
move,115.289734,34.551968
move,116.317444,33.526226
move,117.317154,32.611847
move,118.46159,31.80228
move,119.694496,31.27583
move,121.03956,30.921272
move,122.386505,30.689617
move,123.771904,30.561598
move,125.13722,30.488855
move,126.564514,30.45338
move,127.98817,30.543777
move,129.3106,30.837202
move,130.65567,31.276903
move,131.93379,31.826296
move,133.18521,32.461323
move,134.34055,33.191586
move,135.44202,34.060513
move,136.44298,35.043583
move,137.34091,36.0585
move,138.2515,37.110703
move,139.28934,38.193027
move,140.29367,38.927586
move,141.62431,39.4712
move,143.00987,39.81441
move,144.46434,40.06518
move,145.9088,40.211834
move,147.15076,40.316463
move,148.54955,40.432907
move,149.89134,40.466347
move,151.24242,40.364113
move,152.61433,40.220074
move,154.02762,40.148838
move,155.354,40.245106
move,156.70009,40.541264
move,157.9833,40.97528
move,159.23665,41.521027
move,160.41336,42.116524
move,161.58536,42.77244
move,162.75168,43.438408
move,163.92569,44.115284
move,165.1021,44.83542
move,166.2244,45.594814
move,167.26047,46.39098
move,168.34361,47.245033
move,169.48372,47.975723
move,170.7911,48.574944
move,172.09526,48.93883
move,173.39601,49.156193
move,174.72887,49.32109
move,176.07983,49.426014
move,174.72887,49.32109
move,177.38474,49.495396
move,178.75087,49.54467
move,180.08008,49.47928
move,181.40703,49.376415
move,182.73306,49.262005
move,184.07254,49.16335
move,185.41324,49.082634
move,186.76503,48.987106
move,188.14056,48.884136
move,189.52438,48.664463
move,190.6528,48.001526
move,191.59294,47.06046
move,192.42783,46.08681
move,193.29291,45.075314
move,194.18112,44.051804
move,195.10568,43.044846
move,196.18463,42.170876
move,197.34523,41.602737
move,198.64973,41.239376
move,199.9246,41.014454
move,201.29568,40.777786
move,202.55894,40.49431
move,203.66714,40.23835
move,205.2365,39.943565
move,206.60796,39.799465
move,207.9142,39.786377
move,209.28094,39.824768
move,210.66005,39.804802
move,212.02536,39.735462
move,213.39561,39.578644
move,214.73328,39.36183
move,216.07364,39.092075
move,217.4026,38.770947
move,218.71101,38.374775
move,219.97083,37.876736
move,221.18863,37.25617
move,222.3211,36.53496
move,223.3909,35.743317
move,224.45073,34.860916
move,225.38605,34.001053
move,226.30392,33.15799
move,227.33347,32.277046
move,228.41669,31.483776
move,229.6259,30.772816
move,230.81895,30.240524
move,232.10735,29.784302
move,233.44254,29.494888
move,234.76353,29.33314
move,236.10106,29.211637
move,237.44162,29.128576
move,238.78368,29.076614
move,240.12643,29.046085
move,241.4811,29.007725
move,242.79958,28.974133
move,244.15445,28.943893
move,245.4605,28.899052
move,246.94301,28.773499
move,248.34024,28.48469
move,249.59433,27.833508
move,250.20064,26.863684
move,250.65775,25.500793
move,250.90205,24.167921
move,251.14807,22.798431
move,251.65125,21.603382
move,252.65552,20.63114
move,253.86623,20.032701
move,255.1767,19.689667
move,256.4562,19.423544
move,257.80325,19.12706
move,259.06537,18.672352
move,260.2846,18.054256
move,261.41785,17.379782
move,262.48853,16.630781
move,263.52377,15.794534
move,264.50513,14.949993
move,265.52213,14.072763
move,266.54205,13.236816
move,267.60672,12.458575
move,268.71487,11.7213545
move,269.8412,11.0354
move,271.02768,10.4068365
move,272.25555,9.928006
move,273.53177,9.597616
move,274.8468,9.396835
move,276.13986,9.338032
move,277.4705,9.308078
move,278.91003,9.275235
move,280.24075,9.24692
move,281.55933,9.218128
move,280.24075,9.24692
move,282.95,9.17203
move,284.25082,9.049728
move,285.62854,8.855798
move,286.97617,8.624891
move,288.34637,8.32191
move,289.63058,7.8924365
move,290.89685,7.3161273
move,292.08994,6.6738234
move,293.25317,5.955683
move,294.3744,5.1325107
move,295.4246,4.2203107
move,296.38812,3.2675068
move,297.4229,2.2146606
move,298.43903,1.2650375
move,299.5989,0.52397007
move,300.87726,0.0077488073
move,302.2301,-0.4080648
move,303.59015,-0.7001031
move,304.9588,-0.86946017
move,306.3235,-0.94774
move,307.70206,-0.91190726
move,309.0499,-0.7723373
move,307.70206,-0.91190726
move,310.41635,-0.5834058
move,309.0499,-0.7723373
move,311.79205,-0.37496078
move,313.18076,-0.17074485
move,314.50095,-0.0028490939
move,315.81653,0.09012328
move,317.14456,0.18030867
move,318.47113,0.28757107
move,319.79968,0.3681838
move,321.1417,0.42489153
move,322.4841,0.46609613
move,323.83917,0.47921377
move,325.15775,0.45708185
move,326.49954,0.39964846
move,327.85254,0.32288045
move,329.17877,0.21223238
move,330.52646,0.07023861
move,331.87347,-0.07914719
move,333.2316,-0.23652633
move,334.577,-0.39937526
move,335.9381,-0.52843773
move,337.16998,-0.60288507
move,338.52432,-0.6527293
move,339.75842,-0.6683083
move,341.05307,-0.6701825
move,342.35986,-0.670508
move,343.67874,-0.66842866
move,344.97327,-0.65061796
move,346.30304,-0.59517854
move,347.6165,-0.476076
move,348.90137,-0.31727362
move,350.21924,-0.13142034
move,351.54413,0.088441126
move,352.85144,0.338117
move,353.05347,0.37702978
cluster,1859
move,354.15884,0.5876405
move,-345.5,-2.6226044E-06
move,-344.07504,-0.27611983
move,-341.25375,-0.34788337
move,-338.3777,-0.42709866
move,-335.57672,-0.785322
move,-332.7478,-1.4380299
move,-329.94247,-2.134495
move,-327.2136,-2.611086
move,-324.48532,-2.5612445
move,-321.80695,-2.284723
move,-319.03186,-1.9263729
move,-316.3382,-1.6774136
move,-313.63437,-1.7072568
move,-310.92438,-2.1413314
move,-308.3103,-2.8755407
move,-305.98013,-4.254955
move,-304.1197,-6.178911
move,-302.09027,-8.127692
move,-299.5685,-9.326339
move,-297.07715,-10.275651
move,-294.54822,-11.028987
move,-291.74948,-11.697663
move,-288.96014,-12.402205
move,-286.30835,-13.509012
move,-284.19522,-15.226235
move,-282.55075,-17.560282
move,-281.44843,-20.144968
move,-280.50653,-22.821976
move,-279.6825,-25.481894
move,-278.66632,-27.951788
move,-276.6546,-29.909864
move,-274.0037,-30.700169
move,-271.55524,-31.688044
move,-270.0158,-34.04701
move,-269.7182,-36.809956
move,-269.84955,-39.446278
move,-269.99323,-42.14832
move,-270.07666,-44.945446
move,-270.11563,-47.70398
move,-270.10416,-50.442017
move,-270.14035,-53.200447
move,-270.24786,-55.94393
move,-270.21515,-58.675137
move,-270.10678,-61.352554
move,-270.0302,-64.083626
move,-269.99338,-66.802574
move,-269.97247,-69.52165
move,-269.99088,-72.240814
move,-270.05087,-74.946144
move,-270.11813,-77.78331
move,-270.20132,-80.67287
move,-270.28198,-83.58894
move,-270.35333,-86.38647
move,-270.42355,-89.21035
move,-270.38864,-92.00797
move,-270.1851,-94.81198
move,-269.76007,-97.62899
move,-268.86487,-100.261345
move,-267.4184,-102.666885
move,-265.66925,-104.850784
move,-263.78018,-107.056244
move,-262.1376,-109.170425
move,-260.99554,-111.79653
move,-260.43283,-114.64062
move,-260.42636,-117.46491
move,-260.36154,-120.30208
move,-260.2805,-123.125725
move,-260.2037,-125.80061
move,-260.20367,-125.8006
move,-260.14847,-127.13734
move,-260.0658,-129.0702
move,-259.98413,-131.02238
move,-259.89462,-133.07051
move,-259.8934,-135.01468
move,-259.8456,-136.98685
move,-259.6563,-138.98808
move,-259.226,-140.94238
move,-258.2465,-142.6271
move,-256.88242,-144.03818
move,-255.44392,-145.38866
move,-253.96912,-146.7425
move,-252.60376,-148.22789
move,-251.67862,-149.98996
move,-251.0007,-151.86266
move,-250.4209,-153.79889
move,-249.90607,-155.76198
move,-249.50739,-157.81207
move,-248.82462,-159.72047
move,-247.91243,-161.59921
move,-246.86438,-163.44937
move,-245.5766,-165.00034
move,-244.04741,-166.33478
move,-242.38531,-167.50055
move,-240.6158,-168.46991
move,-238.62251,-169.29662
move,-236.25519,-170.25232
move,-233.92984,-171.15
move,-231.63731,-171.99759
move,-229.25777,-172.92023
move,-227.08298,-174.135
move,-225.03595,-175.79044
move,-223.23528,-177.44102
move,-221.14784,-178.73196
move,-218.7035,-179.68605
move,-216.13622,-180.35948
move,-213.6269,-180.12462
move,-211.0183,-179.74251
move,-208.43098,-179.76862
move,-205.8629,-180.09396
move,-203.26366,-180.54344
move,-200.69269,-180.65749
move,-198.10393,-180.59703
move,-195.46675,-180.53734
move,-192.81746,-180.47562
move,-190.20393,-180.49039
move,-187.76299,-180.60356
move,-185.22913,-181.21655
move,-182.94193,-182.03983
move,-181.07054,-183.7385
move,-179.8858,-185.90123
move,-178.54129,-188.11314
move,-176.44191,-189.42787
move,-174.08957,-190.21167
move,-171.50517,-190.78581
move,-169.03477,-190.9901
move,-166.5676,-190.92685
move,-164.04079,-190.82416
move,-161.52507,-190.7502
move,-159.02182,-190.66592
move,-156.44725,-190.55125
move,-153.93726,-190.16809
move,-151.491,-189.31404
move,-149.9622,-187.31525
move,-149.46234,-184.83914
move,-148.72795,-182.38283
move,-146.84142,-180.77098
move,-144.35701,-180.21672
move,-141.85497,-180.11363
move,-139.27806,-180.07788
move,-136.65254,-180.09467
move,-134.20866,-180.0769
move,-131.77095,-179.7177
move,-129.33455,-178.64189
move,-127.151344,-177.10268
move,-125.325554,-175.49701
move,-123.60543,-173.79486
move,-121.81302,-172.04613
move,-119.48696,-170.81786
move,-117.027916,-170.35762
move,-114.57836,-169.96829
move,-112.12925,-169.39023
move,-109.82319,-168.46045
move,-107.6356,-167.21713
move,-105.63762,-165.79068
move,-103.86212,-164.06483
move,-102.15772,-162.18208
move,-99.87548,-160.91943
move,-97.49659,-160.36555
move,-95.05032,-160.03725
move,-92.39606,-159.84476
move,-89.73444,-159.8448
move,-87.1077,-160.08014
move,-84.63664,-160.29584
move,-82.2069,-160.31642
move,-79.73005,-160.18123
move,-77.3013,-160.05324
move,-74.872215,-159.93332
move,-72.44184,-159.86943
move,-70.03115,-160.06801
move,-67.561874,-160.40788
move,-64.97435,-160.77606
move,-62.39203,-161.31168
move,-59.907494,-162.17046
move,-57.8058,-163.47191
move,-55.99308,-165.19974
move,-54.09903,-167.07027
move,-52.18431,-168.63109
move,-49.92539,-169.48322
move,-47.28959,-169.92975
move,-44.86768,-170.33437
move,-42.323395,-171.07384
move,-40.033573,-171.95541
move,-37.927757,-173.19193
move,-36.01694,-174.7522
move,-34.313686,-176.52107
move,-32.495975,-178.24028
move,-30.422522,-179.58736
move,-28.073923,-180.33372
move,-25.655682,-180.66583
move,-23.054594,-180.70197
move,-20.586222,-180.71355
move,-18.12995,-180.72499
move,-15.661584,-180.73038
move,-13.19391,-180.67313
move,-10.751575,-180.57764
move,-8.284111,-180.51118
move,-5.803926,-180.47305
move,-3.3480384,-180.5044
move,-0.7134017,-180.63263
move,1.7389157,-180.77232
move,4.15134,-180.96277
move,6.6872296,-181.25406
move,9.266517,-181.93236
move,11.561927,-183.17154
move,13.627632,-184.81111
move,15.53329,-186.36092
move,17.513973,-187.81299
move,19.616505,-189.02835
move,22.148787,-189.91652
move,24.568237,-190.31503
move,27.144323,-190.27386
move,29.77591,-190.09462
move,32.264294,-189.96327
move,34.85962,-190.12715
move,37.3976,-190.86523
move,39.24701,-192.69157
move,40.170002,-195.12772
move,40.374443,-197.73895
move,40.28778,-200.36324
move,40.218727,-203.00008
move,40.14941,-205.45534
move,39.728394,-208.10493
move,39.02786,-210.4328
move,38.007305,-212.68845
move,36.24217,-214.63795
move,34.414207,-216.24222
move,32.481747,-218.03638
move,30.795937,-220.10529
move,29.743267,-222.33441
move,29.214624,-224.9494
move,29.354654,-227.37692
move,29.929152,-229.96347
move,29.835396,-232.57947
move,29.27427,-235.15152
move,28.434874,-237.48888
move,26.316326,-238.96745
move,23.665182,-239.21404
move,21.071133,-239.02147
move,18.594309,-238.93568
move,16.173054,-239.24428
move,13.851031,-240.03014
move,11.872367,-241.48228
move,10.62832,-243.5819
move,9.994636,-245.91605
move,9.442925,-248.30957
move,8.92516,-250.93262
move,7.93111,-253.1373
move,6.163371,-255.05156
move,4.1257186,-256.7074
move,2.3096356,-258.5929
move,0.9725957,-260.86212
move,-0.006479349,-263.1405
move,-0.7977481,-265.70544
move,-1.1379678,-268.34158
move,-1.101746,-270.7957
move,-0.7442941,-273.44498
move,-0.40497032,-275.913
move,-0.57787836,-278.39746
move,-0.94981575,-280.8494
move,-0.87110543,-283.49518
move,-0.633889,-285.9765
move,-0.38686523,-288.4082
move,-0.17903607,-290.8672
move,-0.08493311,-293.358
move,0.017786985,-295.8364
move,0.09107704,-298.35208
move,0.11565248,-300.82065
move,0.1399811,-303.3134
move,0.16467695,-305.8424
move,0.1897672,-308.41983
move,0.21374537,-310.87628
move,0.23763998,-313.3206
move,0.26054877,-315.80124
move,0.28027424,-318.29407
move,0.30269617,-320.79895
move,0.3441047,-323.3155
move,0.47103107,-325.78015
move,0.84784204,-328.3528
move,1.6146835,-330.79645
move,2.8463066,-332.9844
move,4.688769,-334.88043
move,6.740763,-336.37375
move,8.951598,-337.49637
move,11.3113575,-338.5017
move,13.780075,-339.35202
move,16.365227,-339.8054
move,18.827936,-340.1017
move,21.440435,-340.36462
move,23.869757,-340.44275
move,26.480907,-340.33566
move,29.123167,-340.13486
move,31.660059,-339.991
move,34.187065,-339.93918
move,36.65517,-340.3361
move,39.026268,-341.20474
move,41.293594,-342.5955
move,43.20144,-344.12146
move,44.971703,-345.84076
move,46.512104,-347.73584
move,47.996346,-349.95956
move,49.008575,-352.152
move,49.630836,-354.76236
move,50.021904,-357.38312
move,50.229416,-359.82858
move,50.021194,-362.4685
move,49.56346,-365.09033
move,48.82895,-367.4284
move,47.10576,-369.15002
move,44.603447,-369.5838
move,42.16016,-369.64224
move,39.67981,-369.6578
move,37.192333,-369.80716
move,34.718056,-370.10672
move,32.258526,-370.42847
move,29.782581,-370.71606
move,27.295855,-371.01453
move,24.784191,-371.3032
move,22.268677,-371.31308
move,19.725082,-371.10068
move,17.174604,-370.6581
move,14.61639,-370.1878
move,12.021638,-370.01312
move,9.49506,-370.1025
move,6.917928,-370.35168
move,4.4624095,-370.9737
move,2.388955,-372.4961
move,1.143896,-374.77872
move,1.0628631,-375.0196
cluster,1320
move,-5.1197686,40.13018
move,-5.5400386,37.956688
move,-5.9123344,36.058506
move,-7.0358915,34.392525
move,-9.168056,33.795334
move,-11.276752,33.979973
move,-13.198127,34.202164
move,-14.424286,34.332954

