move,-75.509964,-9.904207
move,-76.44923,-9.81746
move,-78.51943,-9.626281
move,-80.58357,-9.491534
move,-82.65256,-9.52887
move,-84.73065,-9.589792
move,-86.80901,-9.642735
move,-88.87756,-9.701335
move,-90.82859,-9.80581
move,-92.90213,-9.955777
move,-94.00521,-10.047319
cluster,1043
move,-94.79208,-10.108662
move,370,1.9669533E-06
move,369.28183,-0.025105823
move,366.9987,-0.1049182
move,364.86655,-0.17946099
move,363.11942,-0.24054182
move,357.07736,-0.5150727
move,354.7758,-0.65183187
move,352.9848,-0.6421009
move,349.37088,-0.61979735
move,347.06516,-0.6080503
move,344.75854,-0.398856
move,342.45547,-0.14853393
move,340.15964,0.06626107
move,337.83887,0.24017674
move,335.52594,0.36682114
move,333.23123,0.39734057
move,331.0199,0.22238797
move,328.20844,-0.111203365
move,325.91705,-0.36766452
move,323.6186,-0.54385036
move,321.33566,-0.62133497
move,319.0197,-0.6744287
move,319.0197,-0.6744287
move,316.7163,-0.5973278
move,316.7163,-0.5973278
move,314.42355,-0.49416596
move,312.26758,-0.19671017
move,309.54285,0.2032293
move,306.74823,0.5682353
move,306.0466,1.6242396
move,303.2991,1.4492378
move,300.82434,0.29423314
move,298.68204,-1.190635
move,297.3475,-3.2472425
move,295.8645,-5.4125795
move,294.78683,-6.750476
move,292.82294,-8.7504
move,284.71494,-13.377942
move,282.32495,-12.866867
move,280.09955,-11.677078
move,278.1748,-9.536188
move,276.44162,-7.5798526
move,274.70398,-5.66021
move,272.71143,-3.9540405
move,270.61612,-2.4976516
move,268.21698,-1.4789397
move,265.7776,-1.1151817
move,263.174,-0.8874794
move,260.57828,-0.7115936
move,257.9823,-0.5392499
move,253.20113,-0.22176725
move,250.67552,-0.09228244
move,248.04129,0.04601882
move,245.45383,0.14118063
move,242.84174,0.059164945
move,240.3025,-0.49342018
move,238.123,-1.6221411
move,236.00775,-3.154269
move,234.24681,-5.0556064
move,232.96805,-7.264523
move,232.07756,-9.661786
move,231.63214,-12.223954
move,231.32811,-14.807291
move,231.10635,-17.423622
move,230.88417,-19.857637
move,230.62384,-22.458231
move,230.37039,-25.047354
move,230.17104,-27.543882
move,229.99406,-29.957352
move,229.78714,-32.562744
move,229.48573,-35.145992
move,229.00844,-37.554565
move,228.22136,-40.055866
move,226.78632,-42.190018
move,225.0688,-44.159714
move,223.3149,-46.097385
move,221.95332,-48.100792
move,221.11201,-50.55856
move,220.54291,-53.096073
move,220.10794,-55.672848
move,219.81664,-58.136116
move,219.52261,-60.720943
move,219.15768,-63.30857
move,219.52261,-60.720943
move,218.60802,-65.8506
move,217.69186,-68.29184
move,216.34886,-70.50183
move,214.69096,-72.52157
move,212.92336,-74.22165
move,214.69096,-72.52157
move,210.84207,-75.474266
move,208.49811,-76.63001
move,206.01387,-77.64908
move,203.51648,-78.4168
move,201.07431,-79.0735
move,198.59904,-79.74673
move,196.07875,-80.43852
move,193.59573,-81.21204
move,191.20857,-82.26948
move,189.1663,-83.607
move,187.19136,-85.280045
move,185.4643,-87.15934
move,183.90054,-89.166954
move,182.86525,-91.49811
move,182.03993,-93.96492
move,181.32619,-96.45389
move,180.69214,-98.876976
move,180.09355,-101.38372
move,179.475,-103.92276
move,178.78047,-106.44243
move,178.02336,-108.714005
move,176.7888,-111.26043
move,175.54395,-113.54474
move,174.30655,-115.84682
move,173.28435,-117.79735
move,171.61751,-121.42173
move,173.28435,-117.79735
move,170.77205,-123.89152
move,170.1816,-126.43737
move,169.7306,-128.82729
move,169.25574,-131.39738
move,168.89917,-133.98628
move,168.48814,-136.55472
move,167.93289,-139.08356
move,168.48814,-136.55472
move,166.9539,-141.37634
move,165.32564,-143.43178
move,164.36008,-144.41673
move,150.98021,-149.96117
move,149.7422,-150.47383
move,149.7422,-150.47383
move,148.33006,-152.42397
move,146.79361,-154.52243
move,144.84152,-156.22934
move,142.99098,-157.42218
move,140.51915,-158.75018
move,138.04567,-159.48506
move,135.45715,-159.84518
move,132.8845,-160.23238
move,130.4001,-160.38138
move,127.800385,-160.287
move,125.18919,-160.17494
move,122.577995,-160.06293
move,120.07559,-159.95547
move,117.47537,-159.8808
move,114.874725,-159.9322
move,112.42621,-160.29019
move,110.16283,-161.54558
move,108.14153,-163.18272
move,106.1556,-164.88179
move,104.05727,-166.4358
move,101.915695,-167.8477
move,99.54433,-168.91446
move,96.97494,-169.30318
move,94.35841,-169.52177
move,91.78402,-169.63289
move,89.171104,-169.68575
move,86.55814,-169.74225
move,83.94471,-169.75883
move,81.51375,-169.69267
move,78.90141,-169.61568
move,76.287834,-169.60852
move,73.70037,-169.68506
move,71.51437,-169.81854
move,68.68738,-169.97594
move,66.08023,-170.1587
move,63.50739,-170.448
move,60.95881,-171.01355
move,58.588257,-172.09738
move,56.446884,-173.57239
move,56.446884,-173.57239
move,54.54897,-175.34776
move,54.54897,-175.34776
move,52.971348,-177.41362
move,51.61548,-179.5478
move,50.308746,-182.17813
move,51.61548,-179.5478
move,49.763767,-184.73824
move,50.308746,-182.17813
move,49.638905,-187.34856
move,49.539417,-189.93594
move,49.43965,-192.40228
move,49.329117,-195.01366
move,49.23591,-197.21394
move,49.095955,-200.25996
move,48.88481,-202.86458
move,48.534122,-205.42989
move,48.084015,-208.00447
move,47.53003,-210.54288
move,46.355957,-212.86969
move,44.778225,-214.93309
move,42.88889,-216.49213
move,40.6499,-217.60764
move,38.17381,-218.441
move,35.630253,-219.09065
move,33.098698,-219.57271
move,30.688318,-219.89531
move,28.088722,-220.16373
move,25.49365,-220.34348
move,22.883575,-220.47925
move,20.285547,-220.61359
move,17.687708,-220.75145
move,15.077928,-220.89265
move,12.493819,-221.1809
move,10.048694,-221.8177
move,7.574598,-222.6932
move,5.392606,-224.08022
move,3.7869053,-226.13138
move,2.745783,-228.3274
move,1.971,-230.83437
move,1.4981496,-233.36685
move,1.0754721,-235.95833
move,0.7247156,-238.38873
move,0.47348973,-241.00247
move,0.22967474,-243.59258
move,0.06378438,-246.20062
move,-0.008852158,-248.63123
move,-0.029227003,-251.24457
move,-0.049577028,-253.84581
move,-0.069905534,-256.44714
move,-0.108307,-258.66113
move,-0.22741717,-261.44156
move,-0.45605487,-264.00803
move,-0.84958357,-266.40768
move,-1.4655665,-268.94675
move,-2.4190106,-271.19244
move,-3.7197464,-273.4311
move,-5.215164,-275.57236
move,-6.778521,-277.69388
move,-7.338117,-278.67007
move,-8.989109,-282.13837
move,-9.426281,-284.67926
move,-9.036444,-287.24936
move,-8.338416,-289.77875
move,-7.1750836,-292.0877
move,-5.6225915,-294.18732
move,-4.0338697,-296.01266
move,-2.4279869,-297.83914
move,-0.8901814,-299.93262
move,0.23837923,-302.29807
move,0.7394993,-304.8334
move,0.797852,-307.444
move,0.6135716,-309.84467
move,0.5675186,-312.45737
move,0.64843225,-315.05743
move,0.6943804,-317.56168
move,0.57636553,-320.13467
move,0.24994595,-322.69086
move,-0.047291428,-325.31186
move,-0.34670317,-327.88342
move,-0.78970814,-330.44656
move,-0.885576,-333.03195
move,-0.88468426,-335.68198
move,-0.99502456,-338.25452
move,-1.9865038,-340.6585
move,-3.4628153,-342.79886
move,-5.063194,-344.83185
move,-6.767991,-346.8287
move,-8.088815,-349.0695
move,-8.687508,-351.5785
move,-8.088815,-349.0695
move,-8.737968,-354.17877
move,-8.687508,-351.5785
move,-8.628626,-356.80203
move,-8.906742,-359.36816
move,-9.605063,-361.8863
move,-10.279797,-364.38348
move,-10.733625,-366.96964
move,-11.162064,-369.53555
move,-11.291355,-370.3359
cluster,5096
move,-11.60571,-372.09885
move,9.999999,352.5
move,9.796798,352.1844
move,9.12219,351.13907
move,8.450233,350.1048
move,7.767982,349.0773
move,7.0602593,348.0152
move,6.365502,347.00925
move,5.5896316,346.02335
move,5.138207,345.4921
move,3.6255822,335.1405
move,3.6255822,335.1405
move,3.423329,334.65546
move,2.9501908,333.4933
move,2.5490332,332.45258
move,2.1315978,331.28067
move,1.7694207,330.09064
move,1.4665095,328.89517
move,1.2238668,327.66418
move,1.015143,326.43774
move,0.8351526,325.20682
move,0.68387526,323.97192
move,0.562282,322.7338
move,0.44565588,321.56012
move,0.3020243,320.33527
move,0.20800656,319.09488
move,0.17087834,317.99088
move,0.15832913,316.7683
move,0.14206968,315.51364
move,0.058513273,314.26166
move,-0.011429602,313.03024
move,-0.07827096,311.8416
move,-0.17013185,310.60095
move,-0.28490308,309.37296
move,-0.4316116,308.12674
move,-0.586943,306.9032
move,-0.75814545,305.81195
move,-0.98558545,304.5779
move,-1.2710137,303.11395
move,-1.6463615,301.6305
move,-2.2733157,300.2531
move,-3.19424,299.01486
move,-4.261905,297.93704
move,-5.385427,296.8969
move,-6.508195,295.8559
move,-6.97988,295.39438
move,-8.311294,293.34482
move,-8.591457,291.85458
move,-8.683423,290.472
move,-8.716375,288.95438
move,-8.702272,287.41013
move,-8.562459,285.87265
move,-8.26843,284.37067
move,-7.833719,282.91644
move,-7.346849,281.47906
move,-6.7409782,280.05878
move,-6.059001,278.68842
move,-5.302255,277.35733
move,-4.503397,276.05115
move,-3.6844792,274.75726
move,-2.8655174,273.46335
move,-2.085206,272.23096
move,-1.3370434,271.0291
move,-0.69937056,269.79294
move,-0.18340334,268.50256
move,0.12709403,267.1216
move,0.35592633,265.73715
move,0.51539654,264.34268
move,0.55840194,262.94055
move,0.45627126,261.55322
move,0.29443827,260.14676
move,0.15267861,258.76245
move,0.017504606,257.35315
move,-0.11651745,255.95593
move,-0.20712256,254.56818
move,-0.17255805,253.16496
move,-0.13966872,251.85852
move,-0.11936543,250.45508
move,-0.13729317,249.05162
move,-0.15863119,247.64821
move,-0.18130247,246.24481
move,-0.20927048,244.82947
move,-0.23498976,243.45038
move,-0.26091033,242.04709
move,-0.2868651,240.6438
move,-0.3145288,239.21637
move,-0.3468811,237.8373
move,-0.38432693,236.43425
move,-0.45942152,235.22684
move,-0.6185644,233.83228
move,-0.8493858,232.43585
move,-1.154657,231.15285
move,-1.5148255,229.79628
move,-2.05975,228.49489
move,-2.926148,227.40869
move,-3.9431143,226.44191
move,-5.006142,225.52548
move,-6.098813,224.64458
move,-7.181811,223.85072
move,-7.8620467,223.43243
move,-9.813511,222.44379
move,-11.114267,221.91646
move,-12.445139,221.43617
move,-13.803659,221.13739
move,-15.189033,220.91289
move,-16.595093,220.74814
move,-17.880917,220.5968
move,-19.286911,220.43132
move,-20.681154,220.26953
move,-22.076736,220.1202
move,-23.477465,220.03145
move,-24.879133,219.9579
move,-26.28095,219.88722
move,-27.6827,219.81523
move,-29.035929,219.74234
move,-30.436762,219.65434
move,-31.642965,219.5588
move,-33.040623,219.42978
move,-34.436733,219.28607
move,-35.81889,219.04344
move,-37.179295,218.70023
move,-38.430195,218.21329
move,-39.688854,217.56664
move,-40.873405,216.81433
move,-42.002754,215.98102
move,-42.988373,215.21837
move,-44.030968,214.33382
move,-44.952034,213.54915
move,-46.002884,212.73444
move,-44.952034,213.54915
move,-47.215046,212.16095
move,-48.49516,211.75604
move,-49.860092,211.42975
move,-51.242336,211.18709
move,-52.63552,211.0171
move,-54.032757,210.88359
move,-55.430122,210.75151
move,-56.827496,210.61937
move,-57.21298,210.58292
move,-60.787262,210.21297
move,-62.19248,210.04099
move,-63.570816,209.8521
move,-64.945526,209.56938
move,-66.306175,209.22513
move,-67.64925,208.86131
move,-69.01918,208.45895
move,-70.34384,208.03381
move,-71.64359,207.47574
move,-72.803566,206.71037
move,-73.76586,205.93765
move,-74.80918,205.01732
move,-73.76586,205.93765
move,-75.769394,203.97871
move,-76.48173,202.78635
move,-76.97483,201.52481
move,-77.359276,200.3648
move,-77.76598,199.04672
move,-78.17976,197.68016
move,-78.54913,196.33864
move,-78.876884,194.9739
move,-79.15933,193.59906
move,-79.40219,192.26585
move,-79.65366,190.87273
move,-79.902985,189.49153
move,-80.13295,188.10704
move,-80.314026,186.72743
move,-80.48942,185.33484
move,-80.661804,183.96628
move,-80.846794,182.56274
move,-81.01514,181.58498
move,-83.86529,171.67267
move,-85.156235,171.09158
move,-86.436005,170.51508
move,-87.73663,169.98967
move,-85.156235,171.09158
move,-89.03265,169.75671
move,-90.44166,169.6192
move,-91.83998,169.49771
move,-93.23861,169.37968
move,-94.56751,169.30675
move,-95.97093,169.2856
move,-97.180824,169.27296
move,-98.172966,169.26334
move,-106.96401,168.83789
move,-108.11662,168.46962
move,-109.47669,168.03505
move,-110.79548,167.59363
move,-112.04572,166.93074
move,-113.218124,166.18173
move,-114.372185,165.3828
move,-115.52621,164.58386
move,-116.7009,163.81686
move,-117.821205,163.30182
move,-119.16318,162.89384
move,-120.526024,162.61392
move,-121.90674,162.36154
move,-123.29983,162.10945
move,-124.669106,161.86166
move,-126.0506,161.61351
move,-127.46211,161.32944
move,-128.73038,161.06906
move,-130.09428,160.79338
move,-131.45099,160.54414
move,-132.84314,160.2869
move,-134.02852,160.04428
move,-135.39452,159.72194
move,-136.73677,159.35513
move,-138.02347,158.97052
move,-139.3509,158.47916
move,-140.61751,157.8769
move,-141.81378,157.14442
move,-142.8989,156.25601
move,-143.86577,155.23979
move,-144.7533,154.15263
move,-145.57925,153.01814
move,-146.27472,151.94049
move,-146.92345,150.86224
move,-147.62254,149.65916
move,-148.29507,148.42719
move,-148.92546,147.17322
move,-149.50777,145.90938
move,-150.04588,144.61339
move,-150.49612,143.28401
move,-150.8889,142.12679
move,-151.40065,140.83313
move,-152.0343,139.58112
move,-152.6976,138.3441
move,-153.38202,137.13295
move,-154.16803,135.95564
move,-155.01009,134.8328
move,-155.88692,133.7368
move,-156.73793,132.68211
move,-157.62572,131.56396
move,-158.47144,130.44376
move,-159.23598,129.26785
move,-159.8045,127.9862
move,-160.19241,126.65063
move,-160.51773,125.27282
move,-160.79218,123.8967
move,-161.00946,122.52229
move,-161.22678,121.147896
move,-161.399,119.76793
move,-161.47365,118.35422
move,-161.54529,116.95246
move,-161.60707,115.74405
move,-161.67818,114.354385
move,-161.74985,112.95264
move,-161.8778,111.72644
move,-161.74985,112.95264
move,-162.29634,110.40023
move,-161.8778,111.72644
move,-162.85657,109.11385
move,-162.29634,110.40023
move,-163.49033,107.861595
move,-164.17929,106.624954
move,-164.89891,105.43401
move,-165.68457,104.28639
move,-166.65437,103.25734
move,-167.27919,102.74122
move,-168.89598,101.77787
move,-170.21649,101.26865
move,-171.55663,100.85296
move,-172.92668,100.616066
move,-174.3375,100.4988
move,-175.72487,100.39146
move,-177.13696,100.29108
move,-178.44289,100.2441
move,-179.834,100.21002
move,-181.23717,100.1754
move,-182.65225,100.13337
move,-184.05527,100.09357
move,-185.2537,100.07524
move,-185.2537,100.07524
move,-185.35806,100.388084
move,-185.94518,101.032005
move,-186.65952,101.66842
move,-188.03079,101.75001
move,-189.28448,101.694016
move,-190.2685,100.972885
move,-191.30745,100.06619
move,-192.29045,99.064476
move,-193.24725,98.05421
move,-194.09685,96.92426
move,-194.79704,95.7085
move,-195.42708,94.4543
move,-196.04811,93.19559
move,-196.62169,91.90249
move,-197.08589,90.59073
move,-197.55367,89.25454
move,-197.50911,88.57095
move,-197.24998,87.57996
move,-197.25002,86.26398
move,-197.58176,84.927536
move,-198.08655,83.60561
move,-198.72102,82.5068
move,-199.53435,81.36286
move,-200.345,80.21705
move,-201.13138,79.054405
move,-201.91664,77.89103
move,-202.7189,76.7397
move,-203.55846,75.87012
move,-204.62654,74.959694
move,-205.69975,74.055244
move,-206.59332,73.18667
move,-207.4672,72.231606
move,-208.34306,71.12022
move,-209.07076,69.921745
move,-209.61578,68.61685
move,-209.94383,67.265335
move,-210.19855,65.897446
move,-210.37056,64.49264
move,-210.47972,63.093422
move,-210.499,61.8594
move,-210.51416,60.443783
move,-210.529,59.052364
move,-210.54561,57.66097
move,-210.58496,56.257935
move,-210.62401,55.03646
move,-210.67526,53.64594
move,-210.87836,52.259346
move,-211.2211,51.086555
move,-211.67964,49.760067
move,-212.18108,48.462143
move,-212.77917,47.180088
move,-213.45764,46.179935
move,-214.41191,45.151596
move,-215.4205,44.17544
move,-216.42093,43.208233
move,-217.40173,42.255573
move,-218.36731,41.237637
move,-219.18599,40.114582
move,-219.84023,38.887344
move,-220.34671,37.57908
move,-220.65852,36.199707
move,-220.83391,34.819324
move,-221.00671,33.4264
move,-221.16917,32.117535
move,-221.29477,30.707872
move,-221.3778,29.318855
move,-221.4623,27.905684
move,-221.52557,26.515678
move,-221.5758,25.112974
move,-221.6083,23.70982
move,-221.59181,22.306355
move,-221.5674,21.060291
move,-221.5387,19.644876
move,-221.5098,18.241566
move,-221.48123,16.850357
move,-221.45206,15.434952
move,-221.42358,14.043745
move,-221.39612,12.640413
move,-221.37149,11.382253
move,-221.34372,9.966829
move,-221.31627,8.5635
move,-221.28902,7.1722684
move,-221.26134,5.7568393
move,-221.23732,4.353457
move,-221.25099,2.9620464
move,-221.23732,4.353457
move,-221.26964,1.7400875
move,-221.29622,-0.0021109101
move,-221.31517,-1.2482674
move,-221.33601,-2.6154094
move,-221.35744,-4.018847
move,-221.36954,-5.410248
move,-221.3451,-6.825733
move,-221.31781,-8.313784
move,-221.19673,-14.870887
move,-221.11746,-19.770752
move,-221.09335,-21.162043
move,-221.06868,-22.58963
move,-221.04759,-23.811548
move,-221.02351,-25.20284
move,-221.01643,-25.61418
move,-220.98009,-28.336401
move,-220.96698,-29.752035
move,-220.90059,-31.14167
move,-220.86264,-31.539152
move,-220.38017,-34.469784
move,-219.9956,-35.80673
move,-219.93022,-36.00177
move,-218.68459,-38.77293
move,-217.92737,-39.95474
move,-217.17657,-41.126305
move,-216.33809,-42.2647
move,-215.40335,-43.31175
move,-214.42397,-44.29975
move,-213.36194,-45.23528
move,-212.37717,-45.978405
move,-211.19147,-46.72919
move,-209.97594,-47.406128
move,-208.86583,-47.915863
move,-207.51024,-48.260532
move,-206.1359,-48.478603
move,-204.74959,-48.698566
move,-203.36186,-48.909203
move,-202.10551,-49.09841
move,-200.77734,-49.29841
move,-199.5678,-49.472736
move,-198.1841,-49.618935
move,-196.77211,-49.720676
move,-195.3842,-49.82007
move,-193.98253,-49.891624
move,-192.57996,-49.944195
move,-191.18886,-49.97899
move,-189.79771,-50.01277
move,-188.37024,-50.047432
move,-186.9912,-50.080914
move,-185.57834,-50.16854
move,-184.18457,-50.33271
move,-182.81432,-50.634346
move,-181.56891,-51.029533
move,-180.2446,-51.529587
move,-178.94374,-52.087852
move,-177.7053,-52.74637
move,-176.5388,-53.504967
move,-175.37637,-54.31197
move,-174.36133,-55.26213
move,-173.46489,-56.34123
move,-172.68137,-57.519302
move,-172.04651,-58.78379
move,-171.56157,-60.074814
move,-171.14604,-61.42804
move,-170.7791,-62.78275
move,-170.50005,-64.1579
move,-170.24919,-65.55122
move,-170.00574,-66.90896
move,-169.80966,-68.1641
move,-169.68759,-69.40395
move,-169.66132,-70.78299
move,-169.64647,-72.1986
move,-169.63182,-73.60209
move,-169.61702,-75.01767
move,-169.63397,-76.40889
move,-169.67252,-77.642494
move,-169.71713,-79.045425
move,-169.75568,-80.254845
move,-169.80003,-81.64568
move,-169.83855,-82.8551
move,-169.91647,-84.25639
move,-170.01251,-85.66881
move,-170.07027,-87.059105
move,-170.09236,-88.281006
move,-170.08998,-89.69635
move,-169.98758,-91.07192
move,-169.87741,-92.49545
move,-169.68533,-93.87263
move,-169.35863,-95.23737
move,-168.95323,-96.58117
move,-168.5412,-97.9356
move,-168.00374,-99.230415
move,-167.319,-100.45476
move,-166.50392,-101.59707
move,-165.6374,-102.70123
move,-164.77501,-103.79327
move,-163.8977,-104.90439
move,-163.11009,-105.94663
move,-162.39333,-107.15278
move,-161.77562,-108.30433
move,-161.15631,-109.57702
move,-160.67368,-110.86883
move,-160.25134,-112.21962
move,-159.9535,-113.59094
move,-159.74704,-114.97878
move,-159.64798,-116.37875
move,-159.63702,-117.769485
move,-159.72409,-118.78199
move,-159.91243,-120.41673
move,-160.10944,-121.80638
move,-160.34251,-123.178215
move,-160.54083,-124.5796
move,-160.66824,-125.97735
move,-160.71378,-127.38007
move,-160.7302,-128.63829
move,-160.63904,-130.02626
move,-160.50873,-131.24129
move,-160.25607,-132.62181
move,-159.98836,-133.99965
move,-159.67014,-135.36658
move,-159.34085,-136.71855
move,-158.96384,-137.94424
move,-158.45175,-139.23749
move,-157.76335,-140.45848
move,-156.8782,-141.56221
move,-155.95361,-142.60207
move,-155.01447,-143.64519
move,-154.07533,-144.68837
move,-153.21281,-145.77783
move,-154.07533,-144.68837
move,-152.55725,-146.80919
move,-151.93146,-147.91396
move,-151.48201,-149.06213
move,-151.07513,-150.3801
move,-150.68396,-151.74075
move,-150.29637,-153.08983
move,-149.9055,-154.45052
move,-149.5179,-155.79959
move,-149.13702,-157.12538
move,-148.75613,-158.45119
move,-148.35083,-159.79471
move,-147.71445,-161.02895
move,-146.827,-162.11366
move,-145.85112,-163.1225
move,-144.86638,-164.13959
move,-143.89848,-165.13933
move,-142.92256,-166.11403
move,-142.45056,-166.51144
move,-135.57489,-171.19673
move,-134.24799,-171.61562
move,-132.89807,-172.0418
move,-131.69812,-172.42068
move,-130.5054,-172.60698
move,-129.10785,-172.73491
move,-127.707146,-172.82442
move,-126.30638,-172.91347
move,-124.90678,-173.01886
move,-123.52212,-173.15628
move,-122.26342,-173.32779
move,-120.89498,-173.6372
move,-122.26342,-173.32779
move,-119.565285,-174.08575
move,-118.255905,-174.59132
move,-116.96414,-175.1398
move,-115.913025,-175.7365
move,-114.89676,-176.47765
move,-113.846954,-177.3537
move,-112.83621,-178.03499
move,-111.56427,-178.53462
move,-110.212234,-178.90993
move,-108.839165,-179.20064
move,-107.44814,-179.38605
move,-106.0618,-179.50386
move,-104.6621,-179.6083
move,-103.25065,-179.7181
move,-101.851265,-179.827
move,-100.43932,-179.93001
move,-99.05155,-180.032
move,-97.63999,-180.1405
move,-96.22869,-180.25195
move,-94.84311,-180.38
move,-93.45305,-180.57027
move,-92.12085,-180.92603
move,-90.80286,-181.44038
move,-89.57872,-182.12529
move,-88.4031,-182.89207
move,-87.21403,-183.6367
move,-85.98448,-184.28825
move,-84.74395,-184.94495
move,-83.64785,-185.83038
move,-82.9885,-186.86919
move,-82.46495,-188.18367
move,-82.0506,-189.52452
move,-81.66683,-190.87465
move,-81.284615,-192.21262
move,-80.89137,-193.57262
move,-80.50149,-194.921
move,-80.193954,-196.28935
move,-79.96777,-197.6746
move,-79.80301,-199.0196
move,-79.674934,-200.23497
move,-79.5471,-201.60823
move,-79.506775,-202.8296
move,-79.47225,-204.23285
move,-79.42932,-205.61163
move,-79.374306,-207.02623
move,-79.29997,-208.42769
move,-79.06682,-209.81035
move,-78.66559,-211.15468
move,-78.10218,-212.43896
move,-77.39484,-213.63663
move,-76.48489,-214.73267
move,-75.42361,-215.6314
move,-74.23715,-216.37895
move,-73.13788,-216.93927
move,-71.92778,-217.36063
move,-70.571175,-217.76544
move,-69.22617,-218.16676
move,-67.879814,-218.56352
move,-66.527985,-218.9409
move,-65.16526,-219.27678
move,-63.78741,-219.54308
move,-62.39548,-219.72243
move,-61.009106,-219.8412
move,-59.609764,-219.95035
move,-58.198357,-220.06041
move,-59.609764,-219.95035
move,-56.80108,-220.19218
move,-58.198357,-220.06041
move,-55.406708,-220.35292
move,-54.028114,-220.54144
move,-52.66222,-220.8032
move,-51.51302,-221.17873
move,-50.24595,-221.78046
move,-49.03767,-222.5174
move,-47.897015,-223.31418
move,-46.766144,-224.16577
move,-45.69117,-225.04924
move,-44.606247,-225.95871
move,-43.595932,-226.7874
move,-42.376835,-227.6187
move,-41.230545,-228.3186
move,-40.180916,-228.92046
move,-38.93884,-229.5464
move,-37.61725,-230.01555
move,-36.24885,-230.32587
move,-34.991024,-230.50226
move,-33.59028,-230.58379
move,-34.991024,-230.50226
move,-32.211,-230.57814
move,-33.59028,-230.58379
move,-30.795631,-230.54733
move,-29.573805,-230.52164
move,-32.211,-230.57814
move,-28.182611,-230.49237
move,-26.767225,-230.46262
move,-25.376013,-230.43434
move,-23.984562,-230.42429
move,-22.774559,-230.42122
move,-21.370953,-230.41867
move,-19.955252,-230.41742
move,-18.56395,-230.43933
move,-17.161568,-230.49721
move,-15.763294,-230.61662
move,-14.37295,-230.80806
move,-13.005951,-231.12404
move,-11.835287,-231.51402
move,-10.548603,-232.0729
move,-9.325057,-232.73537
move,-8.133839,-233.4545
move,-6.94334,-234.22035
move,-5.951776,-234.91362
move,-4.845518,-235.7771
move,-3.7987814,-236.6937
move,-2.8920329,-237.61714
move,-2.0917206,-238.7528
move,-1.4172189,-239.99718
move,-0.8437123,-241.26454
move,-0.4020478,-242.60849
move,-0.12343341,-243.99597
move,0.052301243,-245.3762
move,0.1807141,-246.77376
move,0.20661537,-248.08003
move,0.12649573,-249.4207
move,0.029001499,-250.8088
move,-0.070281774,-252.22096
move,-0.1691562,-253.63318
move,-0.257427,-255.0097
move,-0.33394206,-256.45966
move,-0.40533096,-257.81293
move,-0.47728914,-259.2268
move,-0.5378784,-260.6171
move,-0.5989827,-262.0195
move,-0.65962154,-263.42184
move,-0.72548044,-264.82388
move,-0.837433,-266.23508
move,-1.0133841,-267.6151
move,-1.317879,-268.97275
move,-1.7498329,-270.29385
move,-2.3832607,-271.5452
move,-3.2406716,-272.6502
move,-4.2986245,-273.59042
move,-5.371191,-274.47687
move,-6.4461594,-275.36053
move,-7.529079,-276.29083
move,-8.389078,-277.25275
move,-8.884413,-278.5454
move,-9.16619,-279.91998
move,-9.360316,-281.32224
move,-9.516692,-282.70486
move,-9.619451,-284.11655
move,-9.553185,-285.49353
move,-9.331063,-286.891
move,-8.878841,-288.21625
move,-8.172694,-289.42795
move,-7.347688,-290.5479
move,-6.5480313,-291.4554
move,-5.549346,-292.44168
move,-4.5315638,-293.4083
move,-3.5230308,-294.3841
move,-2.7045784,-295.53604
move,-2.0627093,-296.77005
move,-1.5540103,-297.9342
move,-1.1048998,-299.0708
move,-0.6187165,-300.37448
move,-0.22555771,-301.70883
move,0.037089497,-303.11188
move,0.22015738,-304.49103
move,0.328876,-305.89038
move,0.38495025,-307.29276
move,0.40240207,-308.67215
move,0.44965753,-310.07492
move,0.5370697,-311.48795
move,0.6683248,-312.88538
move,0.75588334,-314.28604
move,0.785166,-315.6892
move,0.7768701,-317.0927
move,0.7134144,-318.33707
move,0.5131329,-319.7136
move,0.22921287,-321.08826
move,-0.078730725,-322.4576
move,-0.34495577,-323.82336
move,-0.58666086,-325.24268
move,-0.7613853,-326.59866
move,-0.87383556,-327.99738
move,-0.94921935,-329.39886
move,-1.0668893,-330.7854
move,-1.1132098,-332.19836
move,-0.95554036,-333.59308
move,-0.7964037,-334.98758
move,-0.699667,-336.38763
move,-0.68500626,-337.77844
move,-0.91219974,-339.1846
move,-1.3865149,-340.49155
move,-2.0446925,-341.74344
move,-2.9293032,-342.81488
move,-3.9414601,-343.7695
move,-4.9881687,-344.7227
move,-6.0181746,-345.67618
move,-6.9963756,-346.69913
move,-7.8841248,-347.7702
move,-8.546793,-348.82373
move,-9.064727,-350.1398
move,-9.37378,-351.48282
move,-9.505498,-352.70947
move,-9.576937,-354.08698
move,-9.505498,-352.70947
move,-9.614834,-355.51428
move,-9.634892,-356.724
move,-9.695928,-358.126
move,-9.859527,-359.5077
move,-10.076295,-360.91895
move,-10.322453,-362.28854
move,-10.549542,-363.67358
move,-10.793214,-365.05594
move,-11.07564,-366.41846
move,-11.356382,-367.80606
move,-11.5355215,-369.19778
move,-11.61939,-370.19858
cluster,5198
move,-11.642713,-370.5972
move,-11.688985,-372.0001
move,-1.1026859E-06,375.4998
move,-0.1492099,375.16705
move,-0.6580949,374.0318
move,-1.0667992,372.84695
move,-1.3699036,371.6514
move,-1.6600755,370.4526
move,-2.002022,369.2456
move,-2.4472923,368.0729
move,-2.995531,366.96878
move,-3.6625125,365.9188
move,-4.340255,364.88834
move,-5.037831,363.8583
move,-5.7493978,362.87735
move,-6.2623506,362.1896
move,-9.865594,356.4711
move,-10.014102,355.24673
move,-10.198584,354.00558
move,-10.332424,352.76898
move,-10.460676,351.5423
move,-10.390024,350.30286
move,-10.250847,349.0558
move,-10.192503,347.81348
move,-10.390024,350.30286
move,-10.144496,346.57034
move,-10.084523,345.33844
move,-9.958664,343.4658
move,-9.880843,342.21344
move,-9.758281,340.99698
move,-9.610514,339.77252
move,-9.468931,338.5259
move,-9.411691,337.2728
move,-9.393399,336.03958
move,-9.370442,334.7957
move,-9.348332,333.56253
move,-9.309092,332.83502
move,-8.638429,330.58093
move,-8.093475,329.46252
move,-7.4186926,328.44724
move,-6.576943,327.5172
move,-5.7035728,326.63116
move,-4.954681,325.86346
move,-4.1453524,324.919
move,-3.4367795,323.8974
move,-2.8574355,322.9527
move,-2.181465,321.67404
move,-1.5437076,320.282
move,-0.9123619,318.88705
move,-0.34227893,317.4665
move,0.042660996,315.98523
move,0.36591443,314.4886
move,0.54914325,312.97238
move,0.52507764,311.61313
move,0.43013728,310.09827
move,0.19022793,308.58713
move,-0.15207528,307.09482
move,-0.5057183,305.60507
move,-0.7662221,304.10983
move,-0.93621016,302.58844
move,-0.97259104,301.0455
move,-0.7924617,299.53906
move,-0.51351273,298.02017
move,-0.226952,296.5162
move,-0.078960314,295.0192
move,-0.10990796,293.4628
move,-0.20348592,291.9343
move,-0.28366843,290.5373
move,-0.33094573,288.9937
move,-0.37890196,287.46332
move,-0.42783728,285.91974
move,-0.4758935,284.40256
move,-0.52403677,282.88538
move,-0.5691936,281.34164
move,-0.5956317,279.82404
move,-0.61846787,278.49118
move,-0.64448225,276.97357
move,-0.670695,275.44275
move,-0.69672436,273.91193
move,-0.703584,272.38092
move,-0.66822964,270.8633
move,-0.6283101,269.31918
move,-0.58633053,267.78842
move,-0.5699212,266.27054
move,-0.59347415,264.72647
move,-0.66823083,263.19785
move,-0.9148906,261.80768
move,-1.3360231,260.3498
move,-1.8772851,258.93192
move,-2.5199664,257.52783
move,-3.227021,256.1849
move,-4.0201087,254.85985
move,-4.8624444,253.59715
move,-5.6565804,252.46123
move,-6.527769,251.20203
move,-7.3154716,250.0139
move,-8.079761,248.67317
move,-8.731864,247.28778
move,-9.321296,245.8748
move,-9.858986,244.45523
move,-10.304086,243.27705
move,-10.7930975,241.98727
move,-11.32747,240.70284
move,-11.980891,239.4478
move,-12.745823,238.28557
move,-13.56739,237.13274
move,-14.42351,236.03601
move,-15.391272,235.02101
move,-16.496544,234.13757
move,-17.589617,233.37825
move,-18.758795,232.62381
move,-19.957342,231.87035
move,-21.166328,231.15749
move,-22.405203,230.49808
move,-23.640392,229.85754
move,-24.86933,229.15485
move,-26.027382,228.36386
move,-27.044422,227.39809
move,-27.858078,226.3457
move,-28.566816,225.1212
move,-29.145473,223.8301
move,-29.557255,222.48866
move,-29.887863,221.12465
move,-30.138395,219.76851
move,-30.282736,218.36066
move,-30.324497,217.15146
move,-30.335304,215.76003
move,-30.309595,214.34462
move,-30.234865,212.9552
move,-30.10888,211.60593
move,-29.92395,210.20236
move,-29.705584,208.82817
move,-29.496738,207.44034
move,-29.391298,206.05309
move,-29.35483,204.63799
move,-29.33972,203.22238
move,-29.343191,201.98819
move,-29.448486,200.59007
move,-29.695997,199.20856
move,-29.9422,198.01149
move,-30.161774,196.66222
move,-30.328108,195.24414
move,-30.449411,193.85866
move,-30.39281,192.45648
move,-30.345213,191.2355
move,-30.384644,189.84471
move,-30.445446,188.43028
move,-30.40057,187.0401
move,-30.307789,185.63962
move,-30.20165,184.24005
move,-30.146358,182.82555
move,-30.110363,181.54346
move,-30.070955,180.14043
move,-30.037014,178.93091
move,-29.997606,177.52788
move,-29.957651,176.13695
move,-29.915653,174.72186
move,-29.88224,173.51236
move,-29.940594,172.1103
move,-29.915653,174.72186
move,-30.03272,170.70976
move,-30.113699,169.4661
move,-30.171785,168.06372
move,-30.175205,166.66039
move,-30.142096,165.26927
move,-30.032816,163.84586
move,-29.908798,162.45992
move,-29.768734,161.14865
move,-29.549854,159.79897
move,-29.345295,158.60637
move,-29.130613,157.20724
move,-29.010471,155.82103
move,-28.946703,154.81879
move,-28.878895,150.42188
move,-28.99865,149.21779
move,-29.13979,147.82127
move,-29.272964,146.42403
move,-29.392315,145.03766
move,-29.515972,143.63956
move,-29.624552,142.43443
move,-29.703293,141.21506
move,-29.772865,139.67992
move,-29.833424,138.28972
move,-29.876293,136.87468
move,-29.912022,135.4836
move,-29.944006,134.08034
move,-29.976097,132.67712
move,-30.007504,131.27386
move,-30.042414,129.83432
move,-30.075514,128.44319
move,-30.109457,127.04002
move,-30.1465,125.6369
move,-30.184465,124.24594
move,-30.22731,122.81879
move,-30.268358,121.53684
move,-30.325928,120.146545
move,-30.394745,118.74466
move,-30.521402,117.33486
move,-30.804237,115.961334
move,-31.258718,114.647194
move,-31.8213,113.36136
move,-32.36491,112.1863
move,-32.95328,110.92533
move,-33.557167,109.658295
move,-34.16454,108.39294
move,-34.782654,107.13277
move,-35.409527,105.87693
move,-36.00521,104.60634
move,-36.53403,103.29329
move,-36.00521,104.60634
move,-37.00039,101.96951
move,-37.485806,100.37214
move,-37.83235,99.024506
move,-38.17658,97.66377
move,-38.511814,96.30085
move,-38.817455,94.93095
move,-39.13065,93.57516
move,-39.37256,92.3773
move,-39.61105,90.99423
move,-39.765972,89.599365
move,-39.859997,88.380905
move,-39.61105,90.99423
move,-39.932945,86.99136
move,-39.96893,85.58825
move,-39.995747,84.1849
move,-40.02408,82.781586
move,-40.03965,81.55961
move,-40.037468,80.15605
move,-39.97208,78.76611
move,-39.926464,77.35126
move,-39.938385,75.94772
move,-39.95574,74.544235
move,-39.94646,73.14125
move,-39.782158,71.906
move,-39.58146,70.51684
move,-39.352684,69.14431
move,-39.08851,67.75355
move,-38.77934,66.372086
move,-38.364155,65.03256
move,-37.756348,63.754612
move,-37.049637,62.55719
move,-36.333473,61.58205
move,-35.466488,60.47838
move,-34.565544,59.402103
move,-33.65602,58.31728
move,-32.95102,57.123096
move,-32.56178,55.789078
move,-32.301636,54.38525
move,-32.110413,53.007107
move,-31.981586,51.755356
move,-31.879211,50.37978
move,-31.792963,48.978832
move,-31.71167,47.58971
move,-31.629595,46.17639
move,-31.548018,44.775154
move,-31.466434,43.373917
move,-31.340872,41.976055
move,-31.168623,40.59553
move,-30.911322,39.203598
move,-30.533447,37.852528
move,-29.991278,36.559948
move,-29.18904,35.41056
move,-28.24256,34.392334
move,-27.155703,33.486534
move,-26.056587,32.736378
move,-27.155703,33.486534
move,-24.845495,32.052242
move,-26.056587,32.736378
move,-23.571175,31.49475
move,-24.845495,32.052242
move,-22.22132,31.068216
move,-21.03072,30.699787
move,-23.571175,31.49475
move,-19.679014,30.322687
move,-18.309885,30.015263
move,-16.92467,29.789055
move,-15.548348,29.584084
move,-14.148483,29.372929
move,-12.772063,29.168625
move,-11.381939,28.974712
move,-9.975328,28.814756
move,-8.554521,28.673615
move,-7.157242,28.540594
move,-5.760024,28.406897
move,-4.363251,28.268675
move,-2.9697607,28.101238
move,-1.6926287,27.82915
move,-0.38674265,27.351223
move,0.872611,26.732592
move,2.074214,26.007858
move,3.161768,25.261976
move,4.290299,24.427431
move,5.405871,23.595703
move,6.399254,22.863329
move,7.567928,22.08624
move,8.783585,21.410027
move,9.864231,20.839392
move,11.168393,20.324568
move,12.505986,19.941397
move,13.879711,19.599361
move,15.235085,19.284342
move,16.602577,18.968004
move,17.959442,18.609678
move,19.311695,18.190945
move,20.611124,17.66203
move,21.806606,16.975782
move,22.982502,16.166126
move,24.086004,15.318744
move,25.162256,14.417844
move,26.231506,13.508565
move,27.001394,12.863818
move,28.2866,12.046349
move,29.53782,11.412287
move,30.846888,10.907254
move,32.013134,10.589281
move,33.37827,10.396279
move,34.801804,10.286704
move,35.393436,10.247906
move,37.86898,10.091364
move,39.0782,10.0496855
move,40.57831,10.02362
move,41.788223,10.037201
move,43.17901,10.080081
move,44.579556,10.171095
move,45.97326,10.332562
move,47.34703,10.670291
move,48.652306,11.182798
move,49.869587,11.879228
move,51.015427,12.689685
move,52.130806,13.521664
move,53.273716,14.357111
move,52.130806,13.521664
move,54.39695,15.178448
move,55.40107,15.874953
move,56.450558,16.523535
move,57.352722,16.964306
move,58.857853,17.566292
move,60.185173,18.022446
move,61.53029,18.423016
move,62.879353,18.763706
move,64.273834,19.07002
move,65.6304,19.31956
move,67.04028,19.544657
move,68.27479,19.715578
move,69.65507,19.891422
move,71.051796,20.030087
move,72.438446,20.145987
move,73.86106,20.267498
move,75.23721,20.472494
move,76.61479,20.740892
move,77.845955,21.052868
move,79.151535,21.593754
move,80.338745,22.363825
move,81.45616,23.192907
move,82.562935,24.056126
move,83.51647,24.801003
move,84.64117,25.620117
move,85.82786,26.391748
move,87.04367,27.067892
move,88.24649,27.637224
move,89.57507,28.122795
move,90.93056,28.48635
move,92.30748,28.757187
move,93.688644,28.92443
move,95.09909,29.046011
move,96.47373,29.322433
move,97.80422,29.72926
move,99.129555,30.226357
move,100.3884,30.789682
move,101.61925,31.511328
move,102.74338,32.351448
move,103.82459,33.227215
move,104.89421,34.136044
move,105.956764,35.034496
move,107.07713,35.89957
move,107.89926,36.47631
move,109.40491,37.397892
move,110.67253,37.97035
move,112.0093,38.43497
move,113.37993,38.78822
move,114.74814,39.039936
move,116.15809,39.153866
move,117.527534,39.01525
move,118.72851,38.607944
move,119.9628,37.942272
move,121.09959,37.120525
move,122.16207,36.203743
move,123.15919,35.216114
move,124.132416,34.204742
move,125.09679,33.20162
move,126.04103,32.34037
move,127.273605,31.696358
move,128.60005,31.203346
move,129.93892,30.7825
move,131.29424,30.417507
move,132.66112,30.099134
move,134.05484,29.852674
move,135.44269,29.76094
move,136.84627,29.761919
move,134.05484,29.852674
move,135.44269,29.76094
move,138.23767,29.780666
move,139.66534,29.800545
move,141.0689,29.809505
move,142.47217,29.779612
move,143.88731,29.74277
move,145.27824,29.70191
move,146.68129,29.661592
move,147.91513,29.634909
move,149.31729,29.696312
move,150.70029,29.843704
move,152.09229,30.100124
move,153.43721,30.456154
move,154.78554,30.846098
move,156.14532,31.239939
move,157.4809,31.629614
move,158.81721,32.13212
move,160.09978,32.671688
move,161.37424,33.23026
move,162.63734,33.84181
move,163.8449,34.53289
move,165.0505,35.297596
move,166.201,36.080276
move,167.03433,36.64066
move,168.50201,37.46095
move,169.80623,38.006355
move,171.17928,38.285145
move,172.56801,38.364796
move,173.78989,38.35953
move,175.17944,38.28752
move,176.58,38.195396
move,177.97057,38.17397
move,179.35803,38.27893
move,180.73766,38.458824
move,182.1386,38.662754
move,183.54475,38.822468
move,184.92944,38.736347
move,186.26636,38.322
move,187.42862,37.566574
move,188.27603,36.44401
move,188.70416,35.302994
move,188.93156,33.907112
move,188.98674,32.517162
move,188.9837,31.70648
move,188.95451,29.952232
move,188.9837,31.70648
move,188.92848,28.53678
move,188.91179,27.32689
move,188.89757,25.923372
move,188.84724,24.53299
move,188.74152,23.133408
move,188.61548,21.869202
move,188.40715,20.493914
move,188.61548,21.869202
move,188.0757,19.142685
move,187.67688,17.771826
move,187.23212,16.440672
move,186.64525,15.181007
move,185.86914,14.012255
move,185.00787,12.919472
move,184.37685,12.122724
move,183.49187,10.882063
move,182.79979,9.647778
move,182.2877,8.511872
move,181.8112,7.1534195
move,181.43872,5.8253584
move,181.13356,4.4554777
move,180.90521,3.0584311
move,180.73209,1.8853337
move,180.53003,0.49635524
move,180.32843,-0.90490705
move,180.1284,-2.2941809
move,179.93083,-3.6715853
move,179.74838,-5.0753636
move,179.62125,-6.4610376
move,179.49454,-7.8710556
move,179.36807,-9.268941
move,179.26314,-10.668506
move,179.17862,-12.069557
move,179.09454,-13.470635
move,179.01118,-14.883879
move,178.92952,-16.27298
move,178.84377,-17.661839
move,178.76614,-18.893589
move,178.6892,-20.270748
move,178.71634,-21.68612
move,178.76743,-23.088772
move,178.82436,-24.466988
move,178.83629,-25.882563
move,178.80388,-27.128357
move,178.69139,-28.514982
move,178.44081,-29.895252
move,178.09369,-31.25514
move,177.64615,-32.597115
move,177.01903,-33.824986
move,176.29044,-35.038708
move,175.52641,-36.216103
move,174.97429,-37.055008
move,174.11774,-38.4174
move,173.37534,-39.60855
move,172.65468,-40.813026
move,171.95389,-42.02913
move,171.2877,-43.27812
move,170.797,-44.383896
move,170.30173,-45.684147
move,169.85312,-47.014053
move,170.30173,-45.684147
move,169.42719,-48.338764
move,169.85312,-47.014053
move,168.9009,-49.78184
move,168.29982,-51.036453
move,167.60687,-52.27083
move,166.875,-53.46849
move,168.29982,-51.036453
move,166.11127,-54.631645
move,167.60687,-52.27083
move,165.3142,-55.78693
move,166.875,-53.46849
move,164.51097,-56.93799
move,163.7237,-58.114307
move,163.06229,-59.338276
move,162.42026,-60.586372
move,161.79741,-61.844208
move,161.18993,-63.09606
move,160.69107,-64.41974
move,160.2748,-65.772804
move,160.06178,-67.144455
move,160.0309,-68.547676
move,160.0187,-69.95114
move,160.02751,-71.35471
move,160.03758,-72.758286
move,160.04771,-74.17396
move,160.05487,-75.57754
move,160.04446,-76.956894
move,160.02695,-78.33617
move,159.99939,-79.7395
move,159.97159,-81.14286
move,159.94402,-82.54621
move,159.91748,-83.94958
move,159.89734,-85.365135
move,159.8758,-86.75646
move,159.85236,-88.15984
move,159.83058,-89.551155
move,159.81923,-90.9668
move,159.82361,-92.37037
move,159.89761,-93.77169
move,160.03012,-95.168976
move,160.23364,-96.545364
move,160.46886,-97.78135
move,160.84596,-99.11995
move,161.41438,-100.41507
move,162.15767,-101.59005
move,163.01219,-102.71874
move,161.41438,-100.41507
move,163.86342,-103.83475
move,164.70107,-104.93071
move,165.57089,-106.06299
move,166.4127,-107.17094
move,167.20297,-108.329704
move,167.79594,-109.46683
move,168.3203,-110.767975
move,168.77087,-112.09729
move,169.21652,-113.41551
move,169.67113,-114.75624
move,170.06604,-116.10289
move,170.39545,-117.454765
move,170.6294,-118.443855
move,171.05388,-120.10843
move,171.56453,-121.427765
move,172.22678,-122.66438
move,173.0106,-123.82824
move,173.91626,-124.88397
move,174.88304,-125.91815
move,175.84357,-126.941666
move,176.79883,-127.97005
move,177.42502,-128.6599
move,179.19473,-130.8441
move,179.72931,-131.9428
move,180.23573,-133.25055
move,180.55345,-134.62932
move,180.72136,-136.02261
move,180.80263,-137.42363
move,180.82124,-138.62132
move,180.78578,-139.77013
move,180.76256,-151.20198
move,181.86157,-152.07503
move,182.95314,-152.95743
move,184.00539,-153.79199
move,185.12183,-154.66245
move,186.1866,-155.59367
move,186.98276,-156.71501
move,188.82526,-160.63329
move,189.23775,-161.96225
move,189.63281,-163.32077
move,189.77286,-164.71605
move,189.76755,-166.09534
move,189.67284,-167.50694
move,189.34065,-168.75595
move,188.78993,-170.02023
move,188.13487,-171.28864
move,187.42545,-172.48561
move,186.68907,-173.68054
move,185.95015,-174.87387
move,185.22014,-176.0585
move,184.54388,-177.30096
move,183.96922,-178.59457
move,185.22014,-176.0585
move,183.44061,-179.89479
move,184.54388,-177.30096
move,182.95131,-181.19743
move,183.96922,-178.59457
move,182.46976,-182.50299
move,183.44061,-179.89479
move,181.97868,-183.81789
move,182.95131,-181.19743
move,185.22014,-176.0585
move,181.51753,-185.15607
move,182.46976,-182.50299
move,184.54388,-177.30096
move,181.15208,-186.51103
move,181.97868,-183.81789
move,183.96922,-178.59457
move,180.85567,-187.88295
move,181.51753,-185.15607
move,183.44061,-179.89479
move,180.60362,-189.25136
move,181.15208,-186.51103
move,182.95131,-181.19743
move,180.43211,-190.44908
move,180.85567,-187.88295
move,180.2811,-192.2934
move,180.21877,-193.68349
move,180.15596,-195.08566
move,180.09369,-196.47575
move,180.03088,-197.87793
move,179.96748,-199.29219
move,179.9046,-200.69437
move,179.82928,-202.08377
move,179.73354,-203.4962
move,179.63857,-204.88438
move,179.54106,-206.2846
move,179.44519,-207.6971
move,179.39539,-208.96645
move,179.40334,-210.34586
move,179.44704,-211.73663
move,179.49924,-213.15135
move,179.4957,-214.55484
move,179.45357,-215.9577
move,179.25027,-217.33237
move,178.89253,-218.68935
move,178.38405,-220.02266
move,177.77806,-221.28854
move,177.10675,-222.50723
move,176.36082,-223.69583
move,175.55913,-224.8331
move,174.73596,-225.96992
move,173.91394,-227.10762
move,173.32913,-227.93889
move,172.44427,-229.29741
move,171.71867,-230.49889
move,171.02504,-231.73293
move,170.36195,-232.94249
move,169.75098,-234.21838
move,169.31984,-235.55309
move,168.99901,-236.93195
move,168.74544,-237.8908
move,168.14131,-239.327
move,167.42549,-240.53413
move,166.63657,-241.69463
move,165.86264,-242.68672
move,164.93068,-243.73592
move,163.85826,-244.61774
move,162.72038,-245.20918
move,161.501,-245.82782
move,160.26535,-246.46765
move,159.01208,-247.12605
move,157.7569,-247.78078
move,156.52895,-248.43518
move,155.28864,-249.11768
move,154.074,-249.79665
move,152.8394,-250.48944
move,151.62411,-251.19144
move,150.44423,-251.95135
move,149.29753,-252.76064
move,148.17189,-253.57872
move,147.03067,-254.41655
move,145.90065,-255.2491
move,144.75903,-256.06543
move,143.8889,-256.63614
move,142.45456,-257.5372
move,143.8889,-256.63614
move,141.22511,-258.23874
move,139.94463,-258.81128
move,138.61227,-259.251
move,137.25467,-259.55383
move,135.85635,-259.7746
move,134.4629,-259.9423
move,133.06332,-260.04724
move,135.85635,-259.7746
move,131.67317,-260.10767
move,130.00383,-260.14236
move,128.58804,-260.1474
move,127.1844,-260.14957
move,125.78081,-260.15088
move,124.377235,-260.15662
move,122.98576,-260.16644
move,121.63065,-260.18173
move,120.21582,-260.23032
move,118.815094,-260.3197
move,117.42833,-260.4337
move,116.031204,-260.6531
move,114.67525,-261.01517
move,113.340996,-261.44974
move,112.15688,-261.9418
move,111.0843,-262.475
move,109.84867,-263.19016
move,108.68638,-263.955
move,107.65641,-264.71906
move,106.712395,-265.47607
move,105.563126,-266.3421
move,104.363304,-267.07007
move,103.1515,-267.77823
move,101.92972,-268.44296
move,100.60949,-268.95117
move,99.274086,-269.3416
move,97.90842,-269.6652
move,96.53496,-269.95425
move,95.34701,-270.18405
move,97.90842,-269.6652
move,94.107254,-270.39963
move,92.70823,-270.61612
move,91.33073,-270.8128
move,89.92215,-270.95175
move,88.51969,-271.0073
move,87.104805,-271.05557
move,85.702095,-271.10556
move,88.51969,-271.0073
move,84.311455,-271.15402
move,87.104805,-271.05557
move,82.88447,-271.20282
move,85.702095,-271.10556
move,81.46957,-271.251
move,84.311455,-271.15402
move,80.28445,-271.29166
move,78.8696,-271.34027
move,82.88447,-271.20282
move,77.4669,-271.39105
move,81.46957,-271.251
move,76.07649,-271.44568
move,80.28445,-271.29166
move,74.67407,-271.503
move,73.415924,-271.5248
move,72.04866,-271.53616
move,70.65722,-271.53067
move,74.67407,-271.503
move,69.45951,-271.50894
move,68.04459,-271.46265
move,72.04866,-271.53616
move,66.65447,-271.4014
move,70.65722,-271.53067
move,65.24012,-271.33954
move,69.45951,-271.50894
move,63.8382,-271.27127
move,62.438194,-271.17105
move,61.24382,-271.07922
move,59.844,-270.97626
move,58.454983,-270.8939
move,57.209446,-270.85098
move,55.830257,-270.83084
move,54.42668,-270.83878
move,53.035206,-270.84842
move,51.728546,-270.86603
move,50.325787,-270.91418
move,48.92335,-270.9713
move,47.49573,-270.98737
move,46.128723,-270.96097
move,44.71356,-270.92203
move,43.50406,-270.8872
move,42.14908,-270.88495
move,40.78466,-270.9718
move,39.39456,-271.15836
move,38.06918,-271.61557
move,36.809235,-272.20578
move,35.540783,-272.8345
move,34.291916,-273.44812
move,33.048237,-274.0984
move,31.885456,-274.79407
move,30.718853,-275.57425
move,29.57582,-276.38882
move,28.42584,-277.2145
move,27.306337,-278.04092
move,26.182083,-278.88135
move,25.056,-279.7192
move,23.93062,-280.5376
move,22.80966,-281.40167
move,21.703499,-282.28516
move,20.604376,-283.15805
move,19.504564,-284.0301
move,18.413599,-284.89383
move,17.475882,-285.63928
move,16.368385,-286.52112
move,15.419752,-287.31046
move,14.381414,-288.2546
move,13.392819,-289.2508
move,12.558821,-290.16052
move,11.668832,-291.21423
move,10.834201,-292.3569
move,10.075624,-293.53784
move,9.350646,-294.72543
move,8.641234,-295.9366
move,7.930058,-297.14664
move,7.294593,-298.21878
move,6.579454,-299.4265
move,5.8746963,-300.62637
move,6.579454,-299.4265
move,5.1638823,-301.85068
move,4.462604,-303.08038
move,3.7791452,-304.2924
move,3.0941298,-305.5313
move,2.44675,-306.74918
move,1.8454154,-307.96365
move,1.2400844,-309.2166
move,0.6742009,-310.50085
move,0.29364952,-311.8374
move,0.15378758,-313.24515
move,0.20969006,-314.64642
move,0.47228944,-316.02417
move,0.87586737,-317.3683
move,1.327312,-318.6972
move,1.7671254,-319.8243
move,2.3320858,-321.1224
move,2.9091587,-322.3885
move,3.584205,-323.63223
move,4.3195577,-324.81357
move,5.062443,-325.9902
move,5.8225183,-327.18454
move,6.523864,-328.27286
move,7.260179,-329.46756
move,7.8844986,-330.72455
move,8.440274,-332.0131
move,8.959592,-333.33
move,9.327649,-334.68295
move,9.539798,-336.07034
move,9.750425,-337.45792
move,9.902065,-338.67035
move,10.047994,-340.06635
move,10.186231,-341.4509
move,10.245304,-342.85318
move,10.188823,-344.25528
move,10.042207,-345.65094
move,9.808521,-347.03467
move,9.508323,-348.40567
move,9.217865,-349.77878
move,9.018693,-351.15536
move,8.832498,-352.54636
move,8.596363,-353.92993
move,8.358782,-355.3133
move,8.109751,-356.6946
move,7.7367353,-358.04663
move,7.2573996,-359.37842
move,6.712906,-360.6588
move,6.078612,-361.9238
move,5.309646,-363.08237
move,4.455154,-364.21112
move,3.6315942,-365.33267
move,2.8238819,-366.48047
move,2.0515738,-367.6667
move,1.4554802,-368.922
move,1.0648617,-370.28192
move,0.7754155,-371.65527
move,0.5388082,-373.02637
move,0.35915568,-374.22296
move,0.2029693,-375.6175
move,0.5388082,-373.02637
move,0.13276587,-377.00702
move,0.10711633,-378.43457
move,0.058453184,-379.82535
move,-0.0006274326,-381.2277
move,-0.08848,-382.6406
move,-0.24480292,-383.99893
move,-0.39126864,-385.23654
move,-0.52453655,-386.62158
move,-0.66178554,-388.01846
move,-0.80598307,-389.40253
move,-0.52453655,-386.62158
move,-0.91118276,-390.81387
move,-0.66178554,-388.01846
move,-0.8980686,-392.2053
move,-0.80598307,-389.40253
move,-0.8927682,-393.01602
cluster,1276
move,-0.8857222,-393.6089
move,-0.85184324,-395.0241
move,-1.1026859E-06,375.4998
move,0.020500368,374.19333
move,0.033611525,372.66238
move,-0.100079626,371.12537
move,-0.56336486,369.69547
move,-1.1785089,368.27975
move,-2.0005832,366.99292
move,-3.0309951,365.8607
move,-4.120247,364.78464
move,-5.2334065,363.73328
move,-6.3319616,362.66678
move,-7.312918,361.63242
move,-8.135542,360.34436
move,-6.3319616,362.66678
move,-8.82735,358.97833
move,-9.495648,357.6156
move,-10.020046,356.16458
move,-10.357011,354.6982
move,-10.66293,353.1844
move,-10.907539,351.6597
move,-11.033371,350.33295
move,-10.982533,348.7902
move,-10.83233,347.25327
move,-10.686686,345.72925
move,-10.530777,344.19302
move,-10.333068,342.688
move,-10.162184,341.1663
move,-9.969551,339.62073
move,-9.810494,338.11188
move,-9.7242365,336.58307
move,-9.631581,335.0547
move,-9.520987,333.52756
move,-9.321656,332.0101
move,-8.893551,330.54245
move,-8.224267,329.1662
move,-7.437131,327.86844
move,-6.5668764,326.59338
move,-5.593777,325.42853
move,-4.580976,324.26248
move,-3.5889833,323.07928
move,-2.8482594,321.93958
move,-2.1536837,320.75577
move,-1.496584,319.37314
move,-0.93054485,317.95135
move,-0.63323367,316.46518
move,-0.5105945,314.92572
move,-0.43378305,313.4097
move,-0.3686001,312.07797
move,-0.3303385,310.66617
move,-0.31464952,309.34616
move,-0.30026114,307.80164
move,-0.29448193,306.27042
move,-0.28988537,304.73917
move,-0.27173972,303.20804
move,-0.20405447,301.69147
move,-0.10457727,300.16354
move,0.013535437,298.61038
move,0.15213017,297.112
move,0.31462106,295.5761
move,0.4473391,294.0638
move,0.56948775,292.53763
move,0.5123552,291.00882
move,0.36170787,289.48502
move,0.22256717,287.97342
move,0.069712296,286.44992
move,-0.08286114,284.9131
move,-0.15400638,283.3837
move,-0.22992022,281.8544
move,-0.3054892,280.4177
move,-0.5996274,274.80273
move,-0.68177867,273.2343
move,-0.7618475,271.70544
move,-0.78073025,271.34476
move,-0.78073025,271.34476
move,-0.41692406,270.3253
move,0.11321552,269.13162
move,0.9573245,267.84088
move,1.8760755,266.6159
move,2.7886422,265.4028
move,3.7012107,264.18976
move,4.6375837,262.945
move,5.366297,261.97635
move,5.366297,261.97635
move,6.221049,260.7059
move,6.9580274,259.61075
move,7.8055496,258.3514
move,8.660457,257.0811
move,9.522697,255.79982
move,9.854923,255.30615
move,9.854923,255.30615
move,9.288022,254.96819
move,7.9749312,254.18059
move,6.674669,253.67592
move,5.4888024,252.73128
move,4.5024657,251.60103
move,3.753867,250.26633
move,3.1389842,248.85027
move,2.7102418,247.39687
move,2.6890893,245.85638
move,2.9308426,244.35991
move,3.6200116,242.98775
move,4.5915885,241.82191
move,5.5986853,240.8318
move,6.6899924,239.7766
move,7.5859594,238.91023
move,8.603718,237.92616
move,8.946295,237.59494
move,9.090174,237.44792
move,10.074006,236.44684
move,11.039815,235.44518
move,11.975276,234.3829
move,12.793071,233.24283
move,13.571048,232.07457
move,14.355867,230.89635
move,15.26137,229.53682
move,16.039318,228.3685
move,16.733429,227.33337
move,17.519999,226.20032
move,18.436594,225.12187
move,19.391495,224.11038
move,20.397903,223.13203
move,21.46314,222.23788
move,22.428562,221.4886
move,23.54076,220.65251
move,24.674047,219.82445
move,25.82267,218.9971
move,26.98516,218.25462
move,28.121096,217.5613
move,29.414139,217.02054
move,30.74653,216.66978
move,32.15523,216.54324
move,33.55851,216.51524
move,34.96208,216.51979
move,36.365593,216.53531
move,37.757004,216.55078
move,39.13634,216.56325
move,40.52782,216.5572
move,41.930706,216.51495
move,43.31805,216.40808
move,44.725742,216.2582
move,46.115715,216.06326
move,47.30977,215.86752
move,48.69247,215.62636
move,50.05654,215.35182
move,51.406036,215.01393
move,52.741005,214.54343
move,54.035664,214.0019
move,55.287796,213.36844
move,56.472355,212.6166
move,57.599854,211.74236
move,58.568474,210.74489
move,59.357174,209.55707
move,59.943024,208.29655
move,60.334164,206.94922
move,60.587284,205.56912
move,60.782875,204.19138
move,60.975388,202.78886
move,61.070267,201.38884
move,61.072136,200.11848
move,61.03764,198.70332
move,60.931656,197.30394
move,60.608593,195.94124
move,60.05928,194.6638
move,59.319492,193.45764
move,58.45492,192.33731
move,57.543873,191.22229
move,56.717026,190.21034
move,55.853024,189.15288
move,55.853024,189.15288
move,54.860325,189.3051
