move,35.446335,-10.280789
move,37.78606,-10.403002
move,39.865036,-10.411702
move,41.98052,-10.334258
move,43.929565,-10.1970625
move,45.947243,-10.0768
move,48.05212,-9.964485
move,50.166527,-9.850377
move,52.119133,-9.780459
cluster,393
move,-375.5,-30.000002
move,-374.98083,-30.024637
move,-373.97137,-30.07137
move,-372.89444,-30.1194
move,-371.87494,-30.15893
move,-370.8262,-30.186653
move,-369.78677,-30.19958
move,-368.73767,-30.193552
move,-367.69846,-30.16981
move,-366.6691,-30.1384
move,-365.63004,-30.109093
move,-364.60028,-30.092611
move,-363.5416,-30.085318
move,-362.53098,-30.081303
move,-361.51096,-30.100935
move,-360.50122,-30.142914
move,-359.4924,-30.202854
move,-358.4847,-30.279753
move,-357.48734,-30.364729
move,-356.37405,-30.448572
move,-355.26047,-30.528885
move,-354.14685,-30.609716
move,-353.01422,-30.693495
move,-351.9272,-30.715837
move,-350.81097,-30.692022
move,-349.73328,-30.665304
move,-348.6468,-30.616796
move,-347.52496,-30.51918
move,-346.44412,-30.398441
move,-345.39584,-30.249928
move,-344.34387,-30.063658
move,-343.29068,-29.83394
move,-342.29498,-29.571367
move,-341.2861,-29.250372
move,-340.287,-28.900608
move,-339.3252,-28.532337
move,-338.3409,-28.142673
move,-337.41833,-27.664362
move,-336.28238,-26.994455
move,-335.196,-26.268454
move,-334.13727,-25.48225
move,-333.13876,-24.639446
move,-332.08408,-23.641512
move,-331.16766,-22.660189
move,-330.43182,-21.611502
move,-329.93155,-20.421392
move,-329.737,-19.106882
move,-329.70404,-17.83698
move,-329.75012,-16.531311
move,-329.89508,-15.232777
move,-330.07257,-13.962522
move,-330.25873,-12.644612
move,-330.37497,-11.343864
move,-330.19803,-10.042148
move,-329.60526,-8.801098
move,-328.836,-7.730863
move,-327.9879,-6.7050514
move,-327.13696,-5.697422
move,-326.261,-4.6793175
move,-325.36853,-3.6755872
move,-324.45206,-2.6772854
move,-323.4964,-1.734133
move,-322.43707,-0.9114021
move,-321.1652,-0.3928476
move,-319.82727,-0.18394253
move,-318.36896,-0.10740422
move,-317.00302,-0.04948604
move,-315.702,0.07399188
move,-314.305,0.21086912
move,-312.90833,0.35137615
move,-311.54822,0.4914954
move,-310.23605,0.6244292
move,-308.86282,0.7539139
move,-307.53278,0.77529466
move,-306.17276,0.6408633
move,-304.84253,0.4557323
move,-303.5125,0.2685501
move,-302.2733,0.14076965
move,-300.85953,0.068454705
move,-299.57788,0.020785319
move,-298.2835,-0.0065506515
move,-296.98907,-0.030702837
move,-295.67044,-0.055314578
move,-294.3881,-0.07924583
move,-293.10574,-0.103175856
move,-291.82336,-0.12709834
move,-290.51678,-0.15148267
move,-289.27072,-0.17473108
move,-287.90366,-0.20024772
move,-286.53656,-0.22262669
move,-285.13293,-0.23606569
move,-283.91086,-0.23768705
move,-282.70087,-0.23442852
move,-281.27295,-0.22174595
move,-280.05106,-0.20174289
move,-278.79318,-0.16622955
move,-277.57242,-0.10856486
move,-276.31622,-0.034550842
move,-275.09653,0.041532055
move,-273.87662,0.11342927
move,-272.64468,0.18737024
move,-271.4009,0.26466313
move,-270.14505,0.34270057
move,-268.88925,0.42073154
move,-267.6454,0.4971934
move,-266.41315,0.56816715
move,-265.16867,0.6359241
move,-263.94727,0.6642334
move,-262.705,0.5750961
move,-261.50504,0.34534556
move,-260.3144,0.021680284
move,-259.04092,-0.5047296
move,-257.8548,-1.2289124
move,-256.9186,-2.050307
move,-256.01398,-2.9251215
move,-255.15382,-3.8266666
move,-254.34322,-4.804742
move,-253.57018,-5.7976203
move,-252.84686,-6.871052
move,-252.14728,-7.989065
move,-251.54533,-9.107229
move,-251.05211,-10.32938
move,-250.73825,-11.64688
move,-250.54912,-12.915304
move,-250.43047,-14.204503
move,-250.32011,-15.4944935
move,-250.31448,-16.811306
move,-250.42072,-18.162325
move,-250.5489,-19.402
move,-250.6906,-20.725433
move,-250.81866,-22.038033
move,-250.87996,-23.306988
move,-250.92015,-24.588938
move,-250.91913,-25.883585
move,-250.87932,-27.177614
move,-250.82675,-28.471252
move,-250.75874,-29.77624
move,-250.67844,-31.068445
move,-250.59651,-32.3848
move,-250.51376,-33.71323
move,-250.43097,-35.04166
move,-250.34906,-36.345894
move,-250.2698,-37.650276
move,-250.18982,-38.97887
move,-250.10922,-40.319542
move,-250.03008,-41.636063
move,-249.95538,-42.940712
move,-249.89587,-44.246166
move,-249.83978,-45.563885
move,-249.78416,-46.86951
move,-249.72691,-48.223515
move,-249.68153,-49.529514
move,-249.69125,-50.848
move,-249.76717,-52.152576
move,-249.85637,-53.49271
move,-249.95038,-54.796124
move,-250.05025,-56.22043
move,-250.13716,-57.53646
move,-250.21608,-58.865116
move,-250.29231,-60.21817
move,-250.36443,-61.58357
move,-250.41855,-62.913452
move,-250.4278,-64.30476
move,-250.34198,-65.596085
move,-250.13531,-66.92282
move,-249.7828,-68.205246
move,-249.30385,-69.48576
move,-248.75693,-70.67217
move,-248.16988,-71.8532
move,-247.5793,-73.03248
move,-246.92816,-74.16489
move,-246.15178,-75.23034
move,-245.26721,-76.17396
move,-244.27795,-76.95097
move,-243.26125,-77.69244
move,-242.23727,-78.4025
move,-241.05043,-79.05448
move,-239.89151,-79.47547
move,-238.6623,-79.74109
move,-237.42087,-79.84394
move,-236.18678,-79.84554
move,-234.94154,-79.79482
move,-233.69638,-79.743065
move,-232.40265,-79.77165
move,-231.16466,-79.98676
move,-229.94897,-80.42726
move,-228.69667,-81.11053
move,-227.56381,-81.97703
move,-226.6709,-82.91295
move,-225.90744,-83.97191
move,-225.31647,-85.1096
move,-224.73918,-86.30885
move,-224.0122,-87.40423
move,-223.02931,-88.29887
move,-221.91881,-89.03085
move,-220.74379,-89.601006
move,-219.46712,-90.013916
move,-218.13795,-90.276276
move,-216.81311,-90.39252
move,-215.49458,-90.37058
move,-214.07999,-90.31775
move,-212.76141,-90.28918
move,-211.52734,-90.27367
move,-210.25676,-90.27411
move,-208.94984,-90.27251
move,-207.65503,-90.27515
move,-206.34831,-90.287605
move,-205.05792,-90.382034
move,-203.79733,-90.668526
move,-202.62953,-91.22072
move,-201.62975,-92.037766
move,-200.92188,-93.11537
move,-200.51549,-94.35553
move,-200.27226,-95.614456
move,-200.07619,-96.89423
move,-199.87277,-98.18507
move,-199.57663,-99.46967
move,-199.15808,-100.6426
move,-198.5284,-101.77196
move,-197.71675,-102.79411
move,-196.7357,-103.69254
move,-195.68828,-104.49381
move,-194.63144,-105.24169
move,-193.64581,-106.05827
move,-192.8244,-107.0737
move,-192.11653,-108.227936
move,-191.56503,-109.425674
move,-191.13403,-110.68411
move,-190.8021,-111.972946
move,-190.51703,-113.27305
move,-190.18227,-114.59793
move,-189.70522,-115.80011
move,-188.95885,-116.927505
move,-187.96976,-117.83232
move,-186.80692,-118.54933
move,-185.59167,-119.08988
move,-184.26132,-119.44932
move,-182.92035,-119.64199
move,-181.6916,-119.757866
move,-180.35353,-119.87364
move,-178.99924,-119.90247
move,-177.66148,-119.78856
move,-176.34329,-119.53526
move,-175.04579,-119.14582
move,-173.8256,-118.678406
move,-172.56282,-118.22172
move,-171.37364,-117.94538
move,-169.97481,-117.85246
move,-168.5498,-117.93585
move,-167.2409,-118.09717
move,-165.92761,-118.3134
move,-164.61696,-118.545364
move,-163.29378,-118.77555
move,-161.99176,-118.9856
move,-160.70073,-119.188034
move,-159.37268,-119.38854
move,-158.06297,-119.543434
move,-156.73969,-119.68664
move,-155.42801,-119.824486
move,-154.0924,-119.96565
move,-152.78062,-120.10197
move,-151.50038,-120.17567
move,-150.16937,-120.17586
move,-148.89906,-120.15632
move,-147.58029,-120.153595
move,-146.27382,-120.17619
move,-144.99268,-120.117004
move,-143.71286,-120.03321
move,-142.43895,-119.88778
move,-141.18996,-119.5997
move,-139.99959,-119.15822
move,-138.85129,-118.561386
move,-137.729,-117.86887
move,-136.68076,-117.130295
move,-135.69272,-116.276115
move,-134.82114,-115.31965
move,-134.07631,-114.29126
move,-133.39633,-113.1895
move,-132.6495,-112.14942
move,-131.67783,-111.316154
move,-130.54332,-110.72268
move,-129.33331,-110.29993
move,-128.05962,-110.010414
move,-126.76622,-109.82533
move,-125.462204,-109.748184
move,-124.18048,-109.78995
move,-122.852165,-109.8742
move,-121.57241,-109.959724
move,-120.29227,-110.03841
move,-119.01028,-110.075874
move,-117.7036,-110.0938
move,-116.26382,-110.11416
move,-114.99363,-110.14224
move,-113.66297,-110.172485
move,-112.3686,-110.201904
move,-111.05004,-110.23187
move,-109.73147,-110.261856
move,-108.46131,-110.29094
move,-107.1915,-110.332756
move,-105.91013,-110.38884
move,-104.61681,-110.448715
move,-103.3235,-110.50861
move,-102.06656,-110.56804
move,-100.78542,-110.62856
move,-99.503914,-110.68109
move,-98.24559,-110.68909
move,-96.97511,-110.68596
move,-95.680435,-110.68279
move,-94.40996,-110.67964
move,-93.11528,-110.67526
move,-91.79684,-110.643
move,-90.52705,-110.60145
move,-89.281654,-110.55434
move,-88.02423,-110.50465
move,-86.754845,-110.45162
move,-85.43775,-110.38219
move,-84.1207,-110.31181
move,-82.77945,-110.24078
move,-81.703964,-110.18508
move,-80.20554,-110.10827
move,-78.9367,-110.04401
move,-77.667854,-109.97981
move,-76.39886,-109.91836
move,-74.983955,-109.87119
move,-73.56857,-109.84102
move,-72.14083,-109.82766
move,-70.90664,-109.81742
move,-69.47884,-109.8056
move,-68.25677,-109.79551
move,-66.87738,-109.78408
move,-65.643196,-109.77387
move,-64.409004,-109.76366
move,-63.17484,-109.75347
move,-61.916462,-109.744644
move,-60.694386,-109.73713
move,-59.2787,-109.72938
move,-58.020306,-109.72445
move,-56.725613,-109.71936
move,-55.479317,-109.714485
move,-54.099922,-109.709076
move,-52.80523,-109.703995
move,-51.571037,-109.69914
move,-50.31264,-109.694244
move,-49.04224,-109.6799
move,-47.77291,-109.62829
move,-46.53109,-109.52356
move,-45.270203,-109.3686
move,-44.049152,-109.12156
move,-42.85274,-108.77308
move,-41.5474,-108.32749
move,-40.3326,-107.8461
move,-39.04995,-107.27619
move,-37.890923,-106.7558
move,-36.775307,-106.228645
move,-35.720367,-105.566185
move,-34.62072,-104.69536
move,-33.713932,-103.8231
move,-32.767303,-102.787315
move,-31.99558,-101.80894
move,-31.289764,-100.78206
move,-30.620632,-99.61811
move,-30.099829,-98.48619
move,-29.662611,-97.31936
move,-29.275196,-95.95835
move,-29.059282,-94.56031
move,-28.980019,-93.32871
move,-28.908415,-91.93905
move,-28.852196,-90.71826
move,-28.825687,-89.302826
move,-28.815346,-87.887146
move,-28.811905,-86.48357
move,-28.808807,-85.26149
move,-28.804142,-84.01521
move,-28.788137,-82.769035
move,-28.68632,-81.35766
move,-28.454123,-80.13396
move,-28.081163,-78.94569
move,-27.508566,-77.73239
move,-26.777355,-76.650154
move,-25.97319,-75.65128
move,-25.040304,-74.635414
move,-24.187849,-73.75973
move,-23.319128,-72.866104
move,-22.511852,-71.91771
move,-21.872639,-70.84957
move,-21.38741,-69.68904
move,-20.972214,-68.411995
move,-20.673912,-67.177246
move,-20.455124,-65.913605
move,-20.283806,-64.67915
move,-20.114624,-63.395535
move,-19.951164,-62.135593
move,-19.7976,-60.86224
move,-19.691017,-59.55988
move,-19.638584,-58.278397
move,-19.61593,-57.020267
move,-19.618116,-55.73769
move,-19.622408,-54.430912
move,-19.626698,-53.124134
move,-19.630909,-51.841557
move,-19.635078,-50.571075
move,-19.639341,-49.276398
move,-19.643385,-48.046223
move,-19.666946,-47.729473
move,-19.734528,-46.807957
move,-19.80778,-45.568497
move,-19.857973,-44.482044
move,-19.886566,-43.414066
move,-19.90425,-42.355465
move,-19.91795,-41.277565
move,-19.921825,-40.266953
move,-19.925907,-39.19859
move,-19.924543,-38.17835
move,-19.920504,-37.129234
move,-19.916277,-36.031994
move,-19.91228,-34.992504
move,-19.90495,-33.94341
move,-19.892656,-32.913616
move,-19.870914,-31.874352
move,-19.84437,-30.825562
move,-19.816418,-29.776812
move,-19.788288,-28.74732
move,-19.763565,-27.708118
move,-19.738918,-26.640028
move,-19.669815,-25.62218
move,-19.597038,-24.565935
move,-19.523617,-23.529041
move,-19.417473,-22.50471
move,-19.270432,-21.485592
move,-19.029343,-20.45506
move,-18.710093,-19.49667
move,-18.303337,-18.561136
move,-17.85047,-17.625534
move,-17.361778,-16.76323
move,-16.792204,-15.917277
move,-16.127913,-15.143799
move,-15.376006,-14.48389
move,-14.537351,-13.90326
move,-13.620694,-13.354704
move,-12.730659,-12.876033
move,-11.823221,-12.409709
move,-10.897598,-11.958269
move,-9.989238,-11.537727
move,-9.074737,-11.130709
move,-8.076392,-10.72423
move,-7.114671,-10.383835
move,-6.141161,-10.078774
move,-5.1594896,-9.801003
move,-4.172479,-9.5427
move,-3.1846797,-9.287431
move,-2.224792,-9.039561
move,-1.2578558,-8.780755
move,-0.13822275,-8.435338
move,1.0365175,-7.9861045
move,2.151873,-7.4577503
move,3.2562842,-6.934489
move,4.527121,-6.2847953
move,5.640899,-5.4948463
move,6.6270638,-4.5147552
move,7.493937,-3.4579597
move,8.268153,-2.317092
move,8.931794,-1.1220903
move,9.478112,0.11769551
move,9.913663,1.3877743
move,10.237729,2.678315
move,10.468811,4.0255833
move,10.583696,5.229854
move,10.613976,6.620672
move,10.51281,7.959319
move,10.220816,9.343004
move,9.738428,10.634156
move,9.062933,11.848724
move,8.15527,12.88325
move,7.0280857,13.716195
move,5.771538,14.339041
move,4.4673963,14.889875
move,3.207573,15.479776
move,2.0562305,16.295475
move,1.299494,17.25269
move,0.7322265,18.346418
move,0.38617536,19.54172
move,0.23681974,20.851284
move,0.20549193,22.20598
move,0.18804199,23.536861
move,0.13193564,24.866594
move,0.06565618,26.220171
move,0.013662781,27.525923
move,-0.031873398,28.747168
move,-0.077861786,29.980503
move,-0.13606286,31.237547
move,-0.19538799,32.458202
move,-0.252259,33.72741
move,-0.30577508,34.94832
move,-0.36091265,36.193394
move,-0.4245669,37.47441
move,-0.50304085,38.706112
move,-0.5893439,39.949417
move,-0.640621,41.279274
move,-0.6836903,42.62169
move,-0.7257373,43.97624
move,-0.75764257,45.306847
move,-0.76922524,46.625614
move,-0.74982476,47.944397
move,-0.730711,49.105835
move,-0.70822465,50.41246
move,-0.68595916,51.706993
move,-0.6636903,53.001526
move,-0.64141715,54.29606
move,-0.6193546,55.57849
move,-0.60042626,56.679447
move,-0.5746131,58.17965
move,-0.5531611,59.425785
move,-0.5319375,60.659824
move,-0.50820535,62.039047
move,-0.49281803,63.27315
move,-0.48541403,64.592026
move,-0.48407447,65.92301
move,-0.48960188,67.15719
move,-0.4960287,68.427666
move,-0.5022761,69.66184
move,-0.5085725,70.90812
move,-0.51508474,72.1907
move,-0.5213714,73.43697
move,-0.52809834,74.86475
move,-0.5324077,76.280426
move,-0.53486776,77.50251
move,-0.5373224,78.72459
move,-0.5397589,79.94666
move,-0.5394214,81.18086
move,-0.5263037,82.53599
move,-0.49098063,83.7939
move,-0.4502981,85.24534
move,-0.41281983,86.64846
move,-0.38167548,88.02752
move,-0.35602903,89.442986
move,-0.33437428,90.664894
move,-0.3110296,92.08037
move,-0.28781873,93.52005
move,-0.27061996,94.74203
move,-0.25433287,95.95192
move,-0.25105524,97.39176
move,-0.25972044,98.71063
move,-0.2756687,99.94474
move,-0.30682096,101.202736
move,-0.40445554,102.45718
move,-0.5715325,103.69197
move,-0.93542176,104.88042
move,-1.6287907,105.941055
move,-2.4840229,106.87893
move,-3.4524145,107.66218
move,-4.5939274,108.367615
move,-5.7741823,108.8673
move,-6.9984946,109.248886
move,-8.23242,109.59887
move,-9.471612,109.97344
move,-10.657761,110.427185
move,-11.774289,111.03136
move,-12.809599,111.766235
move,-13.698603,112.6725
move,-14.52137,113.62438
move,-15.302972,114.62601
move,-16.106083,115.65688
move,-16.89078,116.640625
move,-17.767134,117.54028
move,-18.790976,118.22666
move,-19.930542,118.75826
move,-21.193281,119.177765
move,-22.392553,119.46833
move,-23.62793,119.70774
move,-24.845392,119.91008
move,-26.092106,120.08109
move,-27.303333,120.24375
move,-28.55791,120.44352
move,-29.736074,120.71734
move,-31.007277,121.182556
move,-32.09858,121.78365
move,-33.2804,122.51803
move,-34.342365,123.23719
move,-35.375305,123.97672
move,-36.349174,124.81001
move,-37.16668,125.76479
move,-37.832645,126.831955
move,-38.42275,127.94304
move,-38.914146,129.10083
move,-39.29258,130.28806
move,-39.570568,131.51476
move,-39.76031,132.91757
move,-39.892567,134.14462
move,-40.018604,135.56682
move,-40.124756,136.78432
move,-40.23304,138.02592
move,-40.33702,139.25572
move,-40.42776,140.49876
move,-40.520008,141.75378
move,-40.606766,142.99713
move,-40.69608,144.43422
move,-40.76372,145.72714
move,-40.80805,147.03313
move,-40.815712,148.34001
move,-40.816277,149.67111
move,-40.798275,150.91728
move,-40.776066,152.34497
move,-40.76876,153.56711
move,-40.76235,154.98291
move,-40.767933,156.21713
move,-40.77793,157.47539
move,-40.787697,158.70944
move,-40.79738,159.93141
move,-40.807556,161.21388
move,-40.819714,162.58104
move,-40.82521,163.82742
move,-40.79572,165.24275
move,-40.756485,166.47626
move,-40.717243,167.7098
move,-40.674637,168.95541
move,-40.62537,170.38243
move,-40.582317,171.62804
move,-40.538273,172.84937
move,-40.485073,174.23985
move,-40.44374,175.48547
move,-40.411095,176.88872
move,-40.397507,178.13498
move,-40.394573,179.39346
move,-40.391644,180.66406
move,-40.388577,181.98308
move,-40.389282,183.20525
move,-40.39194,184.45161
move,-40.40419,185.722
move,-40.426094,186.96808
move,-40.45382,188.23825
move,-40.482834,189.47212
move,-40.509434,190.69394
move,-40.536263,191.95206
move,-40.566433,193.36746
move,-40.592506,194.5893
move,-40.61875,195.82323
move,-40.64866,197.22652
move,-40.67852,198.62982
move,-40.707573,200.0331
move,-40.742115,201.3394
move,-40.788475,202.73013
move,-40.834064,204.1209
move,-40.858246,205.50006
move,-40.868702,206.87935
move,-40.872997,208.2346
move,-40.869484,209.60191
move,-40.856888,210.94495
move,-40.850197,212.3002
move,-40.821342,213.63075
move,-40.749508,214.94772
move,-40.676296,216.27675
move,-40.609837,217.59396
move,-40.5528,218.92374
move,-40.505978,220.2418
move,-40.45286,221.54753
move,-40.393345,222.84085
move,-40.328697,224.1703
move,-40.266964,225.48773
move,-40.20131,226.76865
move,-40.120686,228.1578
move,-40.048508,229.46265
move,-39.966995,230.80325
move,-39.864304,232.11815
move,-39.74788,233.45618
move,-39.60187,234.79132
move,-39.433838,236.11165
move,-39.226433,237.4386
move,-38.944077,238.76361
move,-38.499107,240.01526
move,-37.750107,241.11122
move,-36.821026,242.04637
move,-35.83802,242.94373
move,-34.89068,243.80836
move,-33.943386,244.67307
move,-33.003815,245.54611
move,-32.10302,246.45871
move,-31.315302,247.4844
move,-30.718431,248.64476
move,-30.378954,249.87834
move,-30.299637,251.19373
move,-30.298439,252.48845
move,-30.30868,253.8073
move,-30.320812,255.0777
move,-30.321081,256.37238
move,-30.2543,257.63992
move,-29.958311,258.86176
move,-29.4791,260.08954
move,-28.832262,261.26532
move,-28.051012,262.34222
move,-27.18564,263.40063
move,-26.305182,264.38245
move,-25.298477,265.35907
move,-24.211256,266.12674
move,-23.08847,266.9281
move,-21.976501,267.72372
move,-20.884813,268.5059
move,-19.675674,269.10657
move,-18.286478,269.43292
move,-16.94395,269.61478
move,-15.580298,269.71445
move,-14.203446,269.79828
move,-12.853267,269.9127
move,-11.486748,270.17154
move,-10.156885,270.57614
move,-8.910411,271.19247
move,-7.71672,271.92953
move,-6.731372,272.6522
move,-5.634454,273.54675
move,-4.61798,274.53143
move,-3.6666682,275.59598
move,-2.8809338,276.54764
move,-2.1552253,277.53073
move,-1.4767692,278.56158
move,-0.866238,279.67493
move,-0.4367603,280.84305
move,-0.16141899,282.0583
move,0.06105164,283.3214
move,0.20511577,284.55905
move,0.27653793,285.79102
move,0.2818029,287.0371
move,0.24170157,288.28275
move,0.19580373,289.51605
move,0.14916462,290.7616
move,0.10252092,292.00708
move,0.055888806,293.25256
move,0.009304987,294.4981
move,-0.037326586,295.74353
move,-0.08986593,297.14612
move,-0.1329158,298.44012
move,-0.15956196,299.74664
move,-0.18085863,300.9806
move,-0.19860007,302.20245
move,-0.21603827,303.4122
move,-0.23747526,304.85187
move,-0.2595726,306.07367
move,-0.29306445,307.48898
move,-0.32733372,308.88013
move,-0.36290887,310.27124
move,-0.39805207,311.65027
move,-0.4322333,312.99307
move,-0.46588823,314.31155
move,-0.5006738,315.60583
move,-0.53707504,316.82733
move,-0.57502055,318.10934
move,-0.6140924,319.42755
move,-0.65157,320.69748
move,-0.67616844,322.01614
move,-0.67604816,323.2987
move,-0.67533505,324.59338
move,-0.6783763,325.87598
move,-0.68536896,327.18277
move,-0.73040736,328.5009
move,-0.78349,329.87912
move,-1.0130937,331.28665
move,-1.5014753,332.53406
move,-2.3115995,333.64688
move,-3.3563387,334.54376
move,-4.532032,335.2643
move,-5.7687902,335.97772
move,-6.9512696,336.68744
move,-7.898964,337.6749
move,-8.477702,338.91107
move,-8.830896,340.2689
move,-9.108628,341.45898
move,-9.427756,342.8258
move,-9.7468,344.19266
move,-10.040019,345.57755
move,-10.262678,346.951
move,-10.422257,348.15033
move,-10.546532,349.36606
move,-10.656233,350.64392
move,-10.745844,351.87494
move,-10.827644,353.1065
move,-10.908054,354.41077
move,-10.980482,355.64282
move,-11.024551,356.8883
move,-11.053008,358.15845
move,-11.063479,359.45328
move,-11.061089,360.71164
move,-11.035187,362.01813
move,-10.973903,363.15387
cluster,2402
move,-10.958985,363.35904
move,-10.862378,364.61374
move,10,-355.49997
move,10.246223,-354.3901
move,10.48625,-353.27896
move,10.672483,-352.1685
move,10.786625,-351.04852
move,10.79395,-349.9549
move,10.756197,-348.87234
move,10.695848,-347.7908
move,10.595278,-346.54004
move,10.472617,-345.46393
move,10.261489,-344.23807
move,9.97148,-343.0285
move,9.607904,-341.85013
move,9.167579,-340.7099
move,8.643962,-339.59357
move,8.04704,-338.50214
move,7.417271,-337.5048
move,6.685528,-336.52548
move,5.9682374,-335.60242
move,5.2374067,-334.6763
move,4.5195346,-333.76727
move,3.7943912,-332.85034
move,3.055484,-331.9724
move,2.377212,-331.1286
move,1.8046114,-330.07422
move,1.3953075,-328.97983
move,1.1025592,-327.8593
move,0.8480805,-326.7184
move,0.6470237,-325.55603
move,0.49346367,-324.3864
move,0.4089432,-323.19913
move,0.34323326,-321.97818
move,0.27807933,-320.7143
move,0.21301441,-319.4719
move,0.1417856,-318.4017
move,0.07107031,-317.2993
move,0.0048225033,-316.05695
move,-0.055322833,-314.97543
move,-0.11401273,-313.89383
move,-0.18751788,-312.65195
move,-0.2661032,-311.4211
move,-0.33629104,-310.20044
move,-0.40274137,-308.96887
move,-0.46881172,-307.72653
move,-0.51573896,-306.5263
move,-0.55342287,-305.31497
move,-0.6133886,-304.09384
move,-0.67287236,-302.88342
move,-0.70888644,-301.67212
move,-0.7175906,-300.23828
move,-0.66994053,-298.76077
move,-0.5841772,-297.25836
move,-0.4410756,-295.76053
move,-0.2407526,-294.25586
move,0.07609111,-292.74496
move,0.5718473,-291.29733
move,1.2426541,-289.92163
move,2.0240064,-288.58975
move,2.7670434,-287.48306
move,3.5805807,-286.4274
move,4.526636,-285.41534
move,5.6650085,-284.4321
move,6.773444,-283.66864
move,8.029775,-282.9413
move,9.211622,-282.3244
move,10.5867,-281.65088
move,11.972749,-281.0657
move,13.229789,-280.62173
move,14.719332,-280.16675
move,16.223969,-279.82095
move,17.735039,-279.57376
move,19.047243,-279.3389
move,20.328873,-278.97617
move,21.545372,-278.40286
move,22.676754,-277.65042
move,23.753803,-276.69907
move,24.55822,-275.59055
move,25.208044,-274.1903
move,25.704178,-272.93997
move,26.579517,-271.97864
move,27.614193,-271.3313
move,28.733662,-270.8127
move,29.903437,-270.38437
move,31.094332,-270.06137
move,32.31443,-269.8078
move,33.537586,-269.6448
move,34.76705,-269.537
move,36.03359,-269.43658
move,37.358223,-269.30786
move,38.66231,-269.11163
move,39.9366,-268.82407
move,41.188454,-268.41068
move,42.342854,-267.82925
move,43.365974,-267.03867
move,44.268723,-266.06256
move,45.00595,-264.99902
move,45.69134,-263.8864
move,46.486553,-262.86893
move,47.51088,-262.081
move,48.61649,-261.45624
move,49.805817,-260.94574
move,51.016766,-260.52365
move,52.26764,-260.1914
move,53.54238,-259.966
move,54.84813,-259.78046
move,56.14032,-259.58563
move,57.480026,-259.3813
move,58.876038,-259.24
move,60.194054,-259.21558
move,61.545197,-259.31833
move,62.868996,-259.45645
move,64.20461,-259.59796
move,65.54093,-259.73248
move,66.93797,-259.86783
move,68.274796,-259.9975
move,69.62496,-260.11368
move,70.978195,-260.18604
move,72.380264,-260.25244
move,73.72192,-260.31598
move,75.07572,-260.3779
move,76.478645,-260.41968
move,77.80954,-260.43552
move,79.16472,-260.43958
move,80.4836,-260.44217
move,81.80248,-260.44418
move,83.10927,-260.44513
move,84.428154,-260.44553
move,85.71071,-260.43848
move,87.00527,-260.41968
move,88.29972,-260.39465
move,89.59402,-260.3622
move,90.85187,-260.32428
move,92.13364,-260.28003
move,93.40332,-260.23618
move,94.67295,-260.18915
move,95.90611,-260.13892
move,97.24816,-260.08615
move,98.54184,-260.03467
move,99.835304,-259.97778
move,101.14085,-259.92044
move,102.39805,-259.86514
move,103.631096,-259.811
move,104.852,-259.7573
move,106.266335,-259.69516
move,107.49866,-259.62762
move,108.91586,-259.45825
move,110.1044,-259.17746
move,111.24082,-258.73123
move,112.48547,-258.00916
move,113.50006,-257.30664
move,114.48364,-256.56122
move,115.5013,-255.7225
move,116.4066,-254.8665
move,117.40534,-253.81259
move,118.316246,-252.98302
move,119.39592,-252.3891
move,120.60024,-251.9147
move,121.78717,-251.53506
move,123.01158,-251.19626
move,124.23752,-250.91281
move,125.477295,-250.69841
move,126.75261,-250.56383
move,128.04514,-250.49013
move,129.29092,-250.45615
move,130.59763,-250.44055
move,131.86807,-250.43228
move,133.1143,-250.4229
move,134.3846,-250.40013
move,135.66626,-250.35263
move,136.94624,-250.2708
move,138.2126,-250.16843
move,139.51439,-250.05423
move,140.83983,-249.93332
move,142.11726,-249.81885
move,143.384,-249.7206
move,144.70053,-249.64192
move,146.01775,-249.57506
move,147.3352,-249.51376
move,148.64127,-249.47112
move,149.99614,-249.43924
move,151.2908,-249.43704
move,152.59727,-249.46635
move,153.92593,-249.5445
move,155.25417,-249.62984
move,156.54631,-249.71126
move,157.8625,-249.79561
move,159.14374,-249.85368
move,160.43753,-249.89983
move,161.73131,-249.95007
move,163.02509,-250.00087
move,164.31902,-250.04579
move,165.57733,-250.0498
move,166.8705,-249.99203
move,168.13962,-249.8108
move,169.4302,-249.48793
move,170.76225,-249.00954
move,171.95448,-248.44852
move,172.9635,-247.72046
move,173.82927,-246.79243
move,174.60184,-245.78398
move,175.33589,-244.74709
move,176.05006,-243.74059
move,176.8468,-242.75153
move,177.75687,-241.84924
move,178.78992,-241.1803
move,179.94872,-240.75864
move,181.16643,-240.4965
move,182.403,-240.34293
move,183.63142,-240.2245
move,184.87157,-240.10048
move,186.10904,-239.9528
move,187.51807,-239.72293
move,188.74161,-239.43163
move,190.01915,-238.85991
move,191.01364,-238.1307
move,192.09029,-237.1929
move,193.00775,-236.38551
move,193.928,-235.58134
move,194.89139,-234.81009
move,195.87952,-234.09102
move,196.8763,-233.36322
move,197.86224,-232.60123
move,198.72354,-231.70398
move,199.33589,-230.63596
move,199.71507,-229.46281
move,199.98969,-228.23483
move,200.2213,-227.03488
move,200.45879,-225.78676
move,200.67867,-224.58464
move,200.85776,-223.3392
move,200.98422,-222.1115
move,201.1276,-220.84923
move,201.37885,-219.64192
move,201.80124,-218.48318
move,202.40305,-217.36572
move,203.11147,-216.34048
move,203.88712,-215.35004
move,204.74652,-214.4313
move,205.71773,-213.61382
move,206.84456,-212.86136
move,207.9507,-212.2124
move,209.07608,-211.65018
move,210.26796,-211.17775
move,211.48228,-210.80438
move,212.69197,-210.50508
move,213.9146,-210.26357
move,215.17863,-210.04626
move,216.43437,-209.85365
move,217.7205,-209.70595
move,219.00005,-209.6193
move,220.28107,-209.55634
move,221.57426,-209.49518
move,222.85556,-209.43768
move,224.17317,-209.37927
move,225.4666,-209.32188
move,226.75974,-209.25833
move,228.06381,-209.17482
move,229.39131,-209.07819
move,230.719,-208.98486
move,232.00345,-208.82436
move,233.29057,-208.59822
move,234.60155,-208.36794
move,235.48582,-208.21268
move,235.66728,-208.27693
move,236.64716,-208.62393
move,237.65483,-208.97894
move,238.63661,-209.32056
move,239.64746,-209.66635
move,240.67108,-209.97195
move,241.70883,-210.22505
move,242.76985,-210.41461
move,243.82968,-210.54921
move,244.90498,-210.62314
move,245.98268,-210.64417
move,247.08904,-210.61415
move,248.1842,-210.54723
move,249.29547,-210.43947
move,250.39627,-210.3239
move,251.50676,-210.20811
move,252.61752,-210.09486
move,253.74803,-209.98569
move,254.88017,-209.8953
move,255.85037,-209.83435
move,256.95578,-209.77763
move,258.08984,-209.71844
move,259.22424,-209.66246
move,260.3591,-209.61723
move,261.47513,-209.58577
move,262.62036,-209.56868
move,263.60196,-209.55534
move,264.67987,-209.5407
move,265.7963,-209.52466
move,266.77777,-209.50105
move,267.86475,-209.46503
move,268.9903,-209.42915
move,270.10635,-209.39798
move,271.2515,-209.37512
move,272.34857,-209.35791
move,273.46503,-209.34297
move,274.62,-209.34161
move,275.67844,-209.36555
move,276.7937,-209.41914
move,277.8888,-209.48773
move,279.00305,-209.55928
move,280.1273,-209.62347
move,281.09784,-209.67892
move,282.14496,-209.7423
move,283.13382,-209.81287
move,284.28568,-209.89937
move,285.4087,-209.98376
move,286.52222,-210.06587
move,287.6831,-210.14381
move,289.08514,-210.20772
move,290.50055,-210.23808
move,291.8796,-210.26183
move,293.2828,-210.28566
move,294.6497,-210.30862
move,296.01697,-210.31973
move,297.39633,-210.3225
move,298.76358,-210.3095
move,300.1301,-210.26248
move,301.47214,-210.2093
move,302.83832,-210.1546
move,304.1803,-210.09894
move,305.54657,-210.04524
move,306.90143,-210.01434
move,308.26846,-209.98811
move,309.61133,-209.96236
move,310.9663,-209.93637
move,312.29712,-209.91083
move,313.6279,-209.88525
move,314.94647,-209.8616
move,316.26498,-209.83943
move,317.57147,-209.82086
move,318.84167,-209.80276
move,320.12405,-209.78452
move,321.39417,-209.75891
move,322.6513,-209.70175
move,323.921,-209.65614
move,325.21487,-209.61061
move,326.49478,-209.53236
move,327.76285,-209.34427
move,329.02774,-209.01791
move,330.2468,-208.61934
move,331.45892,-208.16466
move,332.6592,-207.64839
move,333.7963,-207.05621
move,334.8553,-206.273
move,335.77274,-205.37726
move,336.60562,-204.41809
move,337.43994,-203.42809
move,338.33234,-202.40848
move,339.26102,-201.5429
move,340.2847,-200.81258
move,341.393,-200.21844
move,342.58224,-199.73892
move,343.85165,-199.30005
move,345.03006,-198.9335
move,346.33615,-198.62323
move,347.6019,-198.41708
move,348.87772,-198.28722
move,350.18182,-198.20346
move,351.5,-198.16049
move,352.831,-198.14401
move,354.19806,-198.12181
move,355.56506,-198.0956
move,356.92017,-198.10788
move,358.2976,-198.17836
move,359.67334,-198.27943
move,361.06033,-198.39143
move,362.4586,-198.51381
move,363.16925,-198.58197
cluster,2358
move,363.84323,-198.65169
move,365.23917,-198.79793
move,-359.5,-1.758337E-06
move,-359.14746,0.03127881
move,-358.0456,0.10973707
move,-356.95276,0.15831028
move,-355.8377,0.18185866
move,-354.7439,0.17067048
move,-353.62976,0.11884146
move,-352.538,0.049331576
move,-351.45728,-0.024518672
move,-350.34494,-0.107035935
move,-349.27585,-0.19198255
move,-348.1741,-0.27194756
move,-347.10324,-0.3299512
move,-345.98816,-0.35565057
move,-344.79785,-0.33880562
move,-343.57672,-0.27767894
move,-342.33502,-0.20027658
move,-341.0843,-0.09944827
move,-339.84607,0.021079533
move,-338.5963,0.13357909
move,-337.3651,0.2067917
move,-336.09973,0.22059739
move,-335.0063,0.19019128
move,-333.79907,0.111951314
move,-332.70908,0.019590639
move,-331.5241,-0.09476409
move,-330.3827,-0.21267562
move,-329.1554,-0.33493116
move,-328.07675,-0.4341709
move,-326.84586,-0.51058334
move,-325.6127,-0.5242233
move,-324.36926,-0.48612723
move,-323.13898,-0.3998731
move,-321.92093,-0.29400167
move,-320.6867,-0.13864674
move,-319.49658,0.024012964
move,-318.37137,0.18625318
move,-317.20325,0.35099924
move,-316.12988,0.4967999
move,-314.9152,0.636139
move,-313.68655,0.7431005
move,-312.44437,0.8118121
move,-311.2236,0.8800228
move,-310.01358,0.9489012
move,-308.7815,1.0051767
move,-307.56995,1.0347934
move,-306.34735,1.0285562
move,-305.1248,1.0208668
move,-303.90247,1.0478444
move,-302.6606,1.1209413
move,-301.43274,1.2371978
move,-300.15622,1.4123931
move,-298.67877,1.7565502
move,-297.26642,2.3432117
move,-295.96378,3.1913085
move,-294.91238,4.2473965
move,-293.91815,5.412016
move,-292.92307,6.5581727
move,-291.8214,7.5814776
move,-290.58307,8.434112
move,-289.22797,9.052765
move,-287.8219,9.462527
move,-286.356,9.735056
move,-284.90552,9.943372
move,-283.41595,10.15735
move,-281.88727,10.3782625
move,-280.42386,10.66441
move,-278.97803,11.123633
move,-277.65292,11.802571
move,-276.47977,12.721145
move,-275.4023,13.7714615
move,-274.36896,14.86517
move,-273.44147,16.03215
move,-272.6945,17.306528
move,-272.09464,18.671623
move,-271.58838,20.102455
move,-271.17355,21.576025
move,-270.90128,23.041897
move,-270.75653,24.52283
move,-270.6867,25.742928
move,-270.61026,27.132322
move,-270.51355,28.520443
move,-270.38553,29.90598
move,-270.25046,31.303062
move,-270.11682,32.688133
move,-269.96707,34.07151
move,-269.7851,35.426544
move,-269.5573,36.78695
move,-269.29108,38.115654
move,-268.95847,39.45417
move,-268.5268,40.76379
move,-267.98105,42.043427
move,-267.3739,43.241165
move,-266.66153,44.42199
move,-265.84326,45.561882
move,-264.938,46.53573
move,-263.9167,47.34969
move,-262.837,48.018204
move,-261.6745,48.558792
move,-260.42786,48.988045
move,-259.1132,49.3154
move,-257.81534,49.549442
move,-256.36322,49.735588
move,-255.03789,49.857597
move,-253.71101,49.962162
move,-252.3949,50.047485
move,-251.04141,50.114994
move,-249.73546,50.161686
move,-248.4048,50.19291
move,-247.09828,50.219994
move,-245.75548,50.247852
move,-244.43681,50.273506
move,-243.09396,50.298916
move,-241.76326,50.32594
move,-240.43256,50.352062
move,-239.07751,50.375267
move,-237.75879,50.3975
move,-236.41603,50.426983
move,-235.10083,50.52183
move,-233.79044,50.671078
move,-232.58263,50.856525
move,-231.31459,51.117294
move,-230.11993,51.426586
move,-228.92757,51.862312
move,-227.85274,52.489296
move,-226.88487,53.29207
move,-225.93605,54.32505
move,-225.06516,55.4103
move,-224.1166,56.459774
move,-223.03049,57.307842
move,-221.83508,58.019157
move,-220.56052,58.63455
move,-219.25047,59.137596
move,-217.9003,59.51902
move,-216.54381,59.76638
move,-215.1472,59.903896
move,-213.74568,59.97931
move,-212.35497,60.026455
move,-210.97595,60.059486
move,-209.5608,60.09979
move,-208.13362,60.1417
move,-206.8151,60.16876
move,-205.56882,60.16296
move,-204.16658,60.1024
move,-202.80093,60.034603
move,-201.41112,59.96562
move,-200.04558,59.896152
move,-198.66866,59.813835
move,-197.3049,59.71532
move,-195.90489,59.6147
move,-194.58669,59.57508
move,-193.18323,59.55244
move,-191.8403,59.531776
move,-190.44899,59.510796
move,-189.04553,59.491184
move,-187.66621,59.49794
move,-186.2627,59.51474
move,-184.8471,59.534782
move,-183.44418,59.502716
move,-182.03735,59.350765
move,-180.84486,59.085728
move,-179.543,58.599453
move,-178.29645,57.929886
move,-177.151,57.141212
move,-176.21391,56.33865
move,-175.23775,55.364243
move,-174.3882,54.485744
move,-173.4846,53.610504
move,-172.52971,52.84859
move,-171.34554,52.073486
move,-170.204,51.437836
move,-169.07452,50.91153
move,-167.93698,50.465485
move,-166.59055,50.071133
move,-165.16704,49.786278
move,-163.95512,49.63153
move,-162.57732,49.57417
move,-161.18604,49.595863
move,-159.75858,49.626312
move,-158.35507,49.616524
move,-156.976,49.58627
move,-155.46397,49.550003
move,-154.16978,49.51607
move,-152.85138,49.47987
move,-151.52063,49.455627
move,-150.2018,49.470062
move,-148.88301,49.48877
move,-147.55249,49.522186
move,-146.25888,49.575935
move,-144.95325,49.630783
move,-143.62346,49.688087
move,-142.306,49.749146
move,-140.98753,49.783142
move,-139.68135,49.822926
move,-138.35155,49.879234
move,-137.03531,49.9625
move,-135.7346,50.086533
move,-134.42844,50.337307
move,-133.1513,50.78557
move,-132.02734,51.4707
move,-131.07431,52.34467
move,-130.31273,53.46006
move,-129.92775,54.742184
move,-129.82646,56.05607
move,-129.84769,57.374683
move,-129.92274,58.703476
move,-130.03374,60.00554
move,-130.14485,61.33188
move,-130.20361,62.66137
move,-130.19124,63.95597
move,-130.16997,65.27468
move,-130.14905,66.5692
move,-130.11949,67.87563
move,-130.05829,69.18095
move,-129.98409,70.47352
move,-129.90407,71.75363
move,-129.81686,73.04538
move,-129.72939,74.300735
move,-129.62831,75.579346
move,-129.5058,76.868164
move,-129.30205,78.20782
move,-129.00479,79.504395
move,-128.53531,80.72232
move,-127.821014,81.827545
move,-126.885735,82.75413
move,-125.79046,83.48628
move,-124.63487,84.12173
move,-123.47774,84.77794
move,-122.52168,85.68001
move,-121.76797,86.78914
move,-121.243675,87.99781
move,-120.88941,89.255135
move,-120.61182,90.5691
move,-120.38178,91.89232
move,-120.203835,93.21118
move,-120.063034,94.559044
move,-119.96186,95.88616
move,-119.86405,97.26211
move,-119.77473,98.61436
move,-119.703865,99.9677
move,-119.649315,101.34601
move,-119.596565,102.7244
move,-119.591576,104.10352
move,-119.674095,105.455986
move,-119.84931,106.81184
move,-120.10369,108.1797
move,-120.46464,109.52289
move,-120.98069,110.814186
move,-121.68869,112.00991
move,-122.61069,113.09846
move,-123.65601,114.03418
move,-124.77497,114.90146
move,-125.75093,115.65694
move,-126.66908,116.462265
move,-127.45182,117.42963
move,-128.05841,118.517365
move,-128.54088,119.65308
move,-128.96274,120.864075
move,-129.2732,122.05824
move,-129.50189,123.320045
move,-129.67224,124.68871
move,-129.76654,126.00411
move,-129.83098,127.27297
move,-129.8813,128.55457
move,-129.90651,129.80066
move,-129.92278,131.05896
move,-129.92958,132.32944
move,-129.93465,133.60004
move,-129.94072,134.87054
move,-129.99039,136.2609
move,-130.1917,137.67397
move,-130.45607,138.90419
move,-130.84633,140.20119
move,-131.327,141.35066
move,-131.94695,142.45854
move,-132.69075,143.42696
move,-133.58809,144.30786
move,-134.72162,145.1953
move,-135.70442,145.92168
move,-136.8223,146.82812
move,-137.6364,147.73686
move,-138.28249,148.80128
move,-138.85187,150.07016
move,-139.22144,151.25963
move,-139.45442,152.6672
move,-139.54176,154.05577
move,-139.55957,155.2897
move,-139.47876,156.69054
move,-139.29509,157.88596
move,-138.96806,159.07544
move,-138.45099,160.37968
move,-137.76465,161.6304
move,-136.90443,162.6909
move,-135.86728,163.67154
move,-134.78998,164.57104
move,-133.8433,165.34395
move,-132.84996,166.29907
move,-132.10962,167.28522
move,-131.4648,168.51694
move,-130.94072,169.83168
move,-130.55482,171.19273
move,-130.3481,172.43373
move,-130.19312,173.7435
move,-129.99979,175.10893
move,-129.68777,176.28957
move,-129.10515,177.56409
move,-128.23373,178.64076
move,-126.98986,179.29648
move,-125.623535,179.61351
move,-124.431114,179.879
move,-123.18225,180.45345
move,-122.17245,181.2214
move,-121.386765,182.20088
move,-120.77862,183.46255
move,-120.43372,184.80946
move,-120.218925,186.18407
move,-120.03009,187.57489
move,-119.837006,188.78151
move,-119.55357,190.15585
move,-119.0629,191.4415
move,-118.3725,192.44737
move,-117.39441,193.43538
move,-116.34209,194.34573
move,-115.273575,195.25594
move,-114.22315,196.16855
move,-113.19838,197.12726
move,-112.28423,198.17513
move,-111.51645,199.31984
move,-110.949326,200.58765
move,-110.65491,201.97025
move,-110.50509,203.31711
move,-110.3304,204.72174
move,-109.98235,206.07906
move,-109.34298,207.31067
move,-108.42516,208.35298
move,-107.27458,209.1224
move,-105.923645,209.48709
move,-104.549225,209.59865
move,-103.17133,209.66278
move,-101.793396,209.72603
move,-100.403694,209.7964
move,-99.16336,209.91736
move,-97.81554,210.05853
move,-96.4208,210.21585
move,-95.05089,210.37756
move,-93.71704,210.535
move,-92.36004,210.70229
move,-91.01412,210.94176
move,-89.69203,211.28868
move,-88.42259,211.76166
move,-87.18654,212.34554
move,-86.037964,213.01692
move,-84.93075,213.81836
move,-83.92006,214.70201
move,-83.02705,215.71965
move,-82.315674,216.82925
move,-81.70988,218.04083
move,-81.23514,219.29669
move,-80.84129,220.61848
move,-80.54077,221.952
move,-80.33305,223.27872
move,-80.21282,224.6405
move,-80.12002,226.02892
move,-80.029785,227.42961
move,-79.940506,228.81825
move,-79.8777,230.19608
move,-79.8758,231.56342
move,-79.88205,232.93077
move,-79.88836,234.31024
move,-79.89382,235.67761
move,-79.898094,237.04498
move,-79.90027,238.42447
move,-79.895294,239.79184
move,-79.88947,241.15921
move,-79.883514,242.52657
move,-79.871574,243.89378
move,-79.84315,245.2608
move,-79.78276,246.61458
move,-79.63687,247.98582
move,-79.46164,249.36618
move,-79.29709,250.66257
move,-79.12218,251.9698
move,-78.935074,253.2998
move,-78.75221,254.63039
move,-78.57873,255.97443
move,-78.391075,257.3043
move,-78.1408,258.63586
move,-77.749374,259.93262
move,-77.252464,261.18008
move,-76.689224,262.37238
move,-76.01444,263.51892
move,-75.219345,264.60083
move,-74.338684,265.59808
move,-73.3412,266.47742
move,-72.23168,267.1887
move,-71.02802,267.78372
move,-69.79108,268.2745
move,-68.52748,268.69217
move,-67.256615,269.04456
move,-65.949394,269.3523
move,-64.65266,269.59262
move,-63.31414,269.80414
move,-62.017838,269.96902
move,-60.703876,270.08087
move,-59.38554,270.115
move,-58.042446,270.12103
move,-56.71145,270.12555
move,-55.356262,270.1229
move,-54.037365,270.1178
move,-52.670086,270.1098
move,-51.315277,270.0787
move,-49.961243,270.02277
move,-48.619164,269.9706
move,-47.264336,269.9392
move,-45.885326,269.90707
move,-44.518303,269.88028
move,-43.139053,269.8604
move,-41.77177,269.8568
move,-40.477142,269.87067
move,-39.110313,269.9061
move,-37.743626,269.94705
move,-36.437954,270.0014
move,-35.04887,270.08276
move,-33.711826,270.20874
move,-32.371723,270.40942
move,-31.006052,270.67566
move,-29.706617,271.01328
move,-28.426476,271.52365
move,-27.227337,272.1796
move,-26.102148,272.95526
move,-25.041307,273.85486
move,-24.070509,274.8513
move,-23.175858,275.901
move,-22.332813,277.00784
move,-21.571299,278.17212
move,-20.898113,279.41696
move,-20.39679,280.53122
move,-19.913815,281.82303
move,-19.50569,283.16574
move,-19.14113,284.50864
move,-18.787458,285.87952
move,-18.44666,287.21616
move,-18.097073,288.5755
move,-17.746252,289.9095
move,-17.38126,291.2648
move,-16.986181,292.59875
move,-16.448385,293.85434
move,-15.671138,295.00607
move,-14.687281,295.9873
move,-13.573366,296.77872
move,-12.3756695,297.43686
move,-11.087236,297.99252
move,-9.816829,298.4277
move,-8.513231,298.79773
move,-7.1684933,299.1554
move,-5.814044,299.5234
move,-4.5383797,299.94235
move,-3.276184,300.5513
move,-2.1934164,301.45734
move,-1.3917743,302.50217
move,-0.76824653,303.75732
move,-0.3578363,305.0734
move,-0.16415471,306.39993
move,-0.13226685,307.76666
move,-0.15595374,309.15787
move,-0.21128228,310.53622
move,-0.2679328,311.9266
move,-0.2938082,313.30573
move,-0.30137938,314.72144
move,-0.27311215,316.0884
move,-0.22758771,317.47913
move,-0.19372854,318.88232
move,-0.18446027,320.26166
move,-0.19188486,321.66528
move,-0.18858714,323.04468
move,-0.16150321,324.42383
move,-0.12403569,325.64526
move,-0.07896927,327.02393
move,-0.030101458,328.4025
move,0.021170117,329.8295
move,0.06978431,331.1959
move,0.11252717,332.57465
move,0.15173219,333.79608
move,0.20479152,335.1744
move,0.25958288,336.57678
move,0.31296512,337.943
move,0.37542844,339.33307
move,0.45199585,340.71036
move,0.5566031,342.0857
move,0.6952956,343.45795
move,0.8493109,344.80435
move,0.99367064,346.17618
move,1.1200225,347.5376
move,1.2244896,348.91302
move,1.3168269,350.26517
move,1.423118,351.64044
move,1.5136968,352.95618
move,1.5773387,354.23718
move,1.5913503,355.59222
move,1.5773387,354.23718
move,1.5681925,356.8625
move,1.5270989,358.16858
move,1.4878993,359.41425
move,1.4470689,360.70828
move,1.4062772,362.00232
move,1.4006041,362.18372
cluster,1192
move,1.3652004,363.30844
move,1.1920929E-07,-359.5
move,0.059564482,-358.30035
move,0.18308228,-356.84045
move,0.36499536,-355.40002
move,0.61557317,-353.94305
move,0.80658555,-352.5177
move,0.81087273,-351.11996
move,0.69805855,-349.46066
move,0.69883716,-348.0351
move,0.7148721,-346.6359
move,0.7312103,-345.21027
move,0.74694437,-343.8375
move,0.7491209,-343.6476
move,0.85616577,-342.9915
move,0.8883843,-341.8351
move,0.8059674,-340.62863
move,0.70203584,-339.45352
move,0.5859255,-338.2041
move,0.49284497,-337.11414
move,0.4166219,-335.86176
move,0.38800922,-334.59656
move,0.3956548,-333.36325
move,0.4215291,-332.24817
move,0.4659537,-331.01556
move,0.5184186,-329.92288
move,0.57748616,-328.7447
move,0.64182556,-327.5667
move,0.72320485,-326.35754
move,0.8196256,-325.1387
move,0.9013288,-323.94034
move,0.9356286,-322.72916
move,0.8893562,-321.58273
move,0.75724274,-320.3997
move,0.57252705,-319.2237
move,0.39573735,-318.03558
move,0.2582875,-316.85336
move,0.24502195,-315.65277
move,0.3395909,-314.46658
move,0.52935135,-313.2589
move,0.7836553,-312.09604
move,1.0773091,-310.93134
move,1.4325153,-309.78415
move,1.907284,-308.65866
move,2.5899146,-307.67352
move,3.4362679,-306.82202
move,4.3500724,-306.0097
move,5.2547336,-305.2033
move,6.0590553,-304.3562
move,6.7999973,-303.3442
move,7.4475355,-302.30725
move,8.054434,-301.2459
move,8.630487,-300.1919
move,9.156402,-299.08856
move,9.542249,-297.9181
move,9.825411,-296.76187
move,10.087133,-295.56754
move,10.342131,-294.38278
move,10.579684,-293.1944
move,10.823774,-291.9745
move,11.086723,-290.80246
move,11.379591,-289.61548
move,11.842256,-288.21188
move,12.440654,-286.83215
move,13.197329,-285.53223
move,14.086789,-284.31952
move,15.1053505,-283.23114
move,16.288174,-282.23978
move,17.559494,-281.49158
move,18.969774,-281.00842
move,20.420563,-280.66296
move,21.911493,-280.37775
move,23.391695,-280.10696
move,24.86077,-279.78217
move,26.284998,-279.26724
move,27.501398,-278.34662
move,28.472738,-277.1827
move,29.18808,-275.86188
move,29.71359,-274.45197
move,30.248613,-273.03165
move,31.047226,-271.74854
move,32.204914,-270.7942
move,33.574986,-270.18253
move,34.875298,-269.89285
move,36.358044,-269.73456
move,37.848446,-269.67667
move,39.378975,-269.63077
move,40.856834,-269.5899
move,42.216003,-269.55597
move,43.66768,-269.5249
move,45.172188,-269.49506
move,46.623894,-269.466
move,48.102005,-269.43704
move,49.545044,-269.4159
move,50.90013,-269.39923
move,52.24316,-269.39066
move,53.60992,-269.42737
move,54.92722,-269.49155
move,56.25722,-269.543
move,57.56279,-269.59933
move,58.903645,-269.67685
move,60.20778,-269.7602
move,61.523865,-269.84625
move,62.840187,-269.92853
move,64.17002,-269.98346
move,65.47603,-270.0288
move,66.77043,-270.056
move,68.089264,-270.06085
move,69.43179,-270.02222
move,70.7622,-269.9824
move,72.104774,-269.94516
move,73.435265,-269.90845
move,74.76573,-269.87088
move,76.1079,-269.82138
move,77.43793,-269.7701
move,78.79221,-269.72058
move,80.15859,-269.6708
move,81.51258,-269.61334
move,82.86652,-269.5551
move,84.220474,-269.49698
move,85.550255,-269.4399
move,86.90421,-269.3818
move,88.25816,-269.32367
move,89.60002,-269.26596
move,90.953964,-269.2078
move,92.307915,-269.14963
move,93.601425,-269.09427
move,94.97964,-269.0366
move,96.35786,-268.97897
move,97.69972,-268.92157
move,99.064606,-268.8413
move,100.404884,-268.6471
move,101.71958,-268.2749
move,102.958755,-267.7289
move,104.11058,-266.97382
move,105.09587,-266.04483
move,105.97359,-265.07672
move,106.24745,-264.76974
move,107.79229,-263.11768
move,108.83306,-262.25073
move,109.96945,-261.58536
move,111.20607,-261.13016
move,112.476326,-260.82623
move,113.81524,-260.6189
move,115.124626,-260.46075
move,116.434,-260.3026
move,117.80351,-260.13763
move,119.116035,-260.00928
move,120.4697,-259.94644
move,121.84835,-259.90024
move,123.20281,-259.85532
move,124.545166,-259.8104
move,125.92298,-259.74463
move,127.25142,-259.6622
move,128.61601,-259.5766
move,129.96857,-259.49182
move,131.28487,-259.40924
move,132.64914,-259.31808
move,134.02321,-259.19733
move,135.35727,-259.04233
move,136.68579,-258.84503
move,137.96266,-258.631
move,139.2722,-258.39304
move,140.57506,-258.12125
move,141.85759,-257.76636
move,143.07014,-257.28275
move,144.08691,-256.60968
move,145.0438,-255.63535
move,145.88208,-254.586
move,146.73586,-253.51807
move,147.65753,-252.559
move,148.7378,-251.72343
move,149.92442,-251.07068
move,151.19508,-250.56737
move,152.50792,-250.14415
move,153.83235,-249.75882
move,155.15935,-249.43085
move,156.54785,-249.15475
move,157.88751,-248.88147
move,159.23233,-248.52528
move,160.5551,-248.0574
move,161.81058,-247.48674
move,163.04462,-246.84389
move,164.26062,-246.14313
move,165.42517,-245.33922
move,166.51334,-244.43398
move,167.47443,-243.53113
move,168.40495,-242.46533
move,169.19438,-241.33493
move,169.82658,-240.09692
move,170.29787,-238.78816
move,170.6733,-237.44861
move,170.9469,-236.12154
move,171.17567,-234.76125
move,171.41478,-233.3291
move,171.65395,-231.99521
move,171.95338,-230.63647
move,172.38405,-229.33983
move,172.99416,-228.11725
move,173.74892,-226.96371
move,174.63068,-225.90396
move,175.55963,-224.91725
move,176.50514,-223.89641
move,177.37628,-222.82745
move,178.14723,-221.62692
move,178.7417,-220.38297
move,179.21547,-219.10068
move,179.60364,-217.78993
move,179.88222,-216.47638
move,180.08192,-215.11163
move,180.22716,-213.72789
move,180.2795,-212.38602
move,180.29916,-210.99467
move,180.30914,-209.63954
move,180.3232,-208.27234
move,180.3309,-206.90504
move,180.34851,-205.51367
move,180.3746,-204.13458
move,180.40097,-202.8644
move,180.4244,-201.59412
move,180.42094,-200.3599
move,180.41068,-198.9927
move,180.40247,-197.60123
move,180.39832,-196.18549
move,180.36967,-194.78223
move,180.3398,-193.5605
move,180.3147,-192.16925
move,180.30922,-190.76561
move,180.32042,-189.36205
move,180.365,-188.1529
move,180.45612,-186.7402
move,180.59166,-185.52592
move,180.94075,-184.18211
move,181.5732,-182.94482
move,182.49753,-181.88069
move,183.53638,-181.2434
move,184.84325,-180.80663
move,186.21584,-180.41336
move,187.4986,-179.82986
move,188.32706,-178.94049
move,188.83067,-177.83083
move,189.15103,-176.46542
move,189.31236,-175.0351
move,189.3776,-173.74211
move,189.41719,-172.41174
move,189.44612,-171.14157
move,189.475,-169.8593
move,189.50479,-168.56496
move,189.54123,-167.27075
move,189.5819,-165.86775
move,189.62209,-164.47684
move,189.69319,-163.07509
move,189.75847,-161.68518
move,189.76749,-160.28177
move,189.69414,-158.86821
move,189.5111,-157.50168
move,189.18712,-156.16129
move,188.74402,-154.85556
move,188.18936,-153.74121
move,187.32547,-152.75241
move,186.16283,-152.0648
move,184.91708,-151.59668
move,183.66858,-151.07562
move,182.67715,-150.14656
move,181.99704,-148.99039
move,181.49872,-147.73117
move,181.11891,-146.4557
move,180.82082,-145.14656
move,180.64291,-143.81552
move,180.53082,-142.48933
move,180.46344,-141.16005
move,180.40616,-139.8303
move,180.34288,-138.50082
move,180.2758,-137.19576
move,180.20108,-135.87897
move,180.0691,-134.56718
move,179.78952,-133.27902
move,179.43239,-131.9843
move,179.04292,-130.72427
move,178.58154,-129.48923
move,177.9592,-128.32777
move,177.15248,-127.224884
move,176.2933,-126.27321
move,175.32373,-125.2751
move,174.38754,-124.312065
move,173.53778,-123.40048
move,172.7023,-122.39596
move,171.95622,-121.33861
move,171.34958,-120.19635
move,170.91628,-118.97765
move,170.63295,-117.71494
move,170.45284,-116.5062
move,170.25978,-115.1526
move,170.04422,-113.80265
move,169.7513,-112.47951
move,169.4106,-111.11803
move,168.98416,-109.845345
move,168.3499,-108.63637
move,167.53116,-107.54262
move,166.58917,-106.51879
move,165.62971,-105.56179
move,164.6291,-104.630135
move,163.61218,-103.716125
move,162.60703,-102.7894
move,161.67216,-101.77645
move,160.95062,-100.59089
move,160.4996,-99.314125
move,160.19527,-97.95693
move,159.98788,-96.617744
move,159.80173,-95.21437
move,159.67467,-93.86527
move,159.57089,-92.47762
move,159.46797,-91.10205
move,159.38307,-89.71321
move,159.32393,-88.33509
move,159.29079,-86.94401
move,159.26694,-85.56481
move,159.24326,-84.197716
move,159.22006,-82.80642
move,159.22273,-81.43918
move,159.23624,-80.07194
move,159.25383,-78.72896
move,159.28722,-77.43468
move,159.32373,-76.07998
move,159.36285,-74.79799
move,159.37361,-73.503716
move,159.33931,-72.161064
move,159.29541,-70.80665
move,159.23099,-69.46516
move,159.2289,-68.085945
move,159.30777,-66.745316
move,159.46373,-65.38712
move,159.7042,-64.02903
move,160.03055,-62.701656
move,160.48178,-61.424477
move,161.06433,-60.17455
move,161.72458,-59.005447
move,162.53377,-57.919716
move,163.48477,-56.921272
move,164.4929,-56.015934
move,165.54958,-55.16757
move,166.62764,-54.326588
move,167.57538,-53.33098
move,168.20952,-52.149986
move,168.6606,-50.885395
move,169.0377,-49.5587
move,169.34053,-48.262787
move,169.56433,-46.926426
move,169.72632,-45.580994
move,169.84267,-44.255146
move,169.92168,-42.938652
move,169.9857,-41.597084
move,170.04218,-40.267292
move,170.09752,-38.913223
move,170.15186,-37.57123
move,170.20357,-36.265457
move,170.2561,-34.899174
move,170.27014,-33.56835
move,170.26285,-32.213165
move,170.25093,-30.821714
move,170.226,-29.490978
move,170.16345,-28.088783
move,170.09604,-26.807957
move,170.02356,-25.442575
move,169.94928,-24.06518
move,169.87389,-22.675722
move,169.79913,-21.298351
move,169.72504,-19.93306
move,169.65266,-18.543442
move,169.58218,-17.165848
move,169.51114,-15.776164
move,169.44128,-14.410648
move,169.37016,-13.020967
move,169.29901,-11.631288
move,169.23103,-10.277792
move,169.16327,-8.91217
move,169.0943,-7.5223784
move,169.02483,-6.1205015
move,168.95706,-4.754882
move,168.88777,-3.3529906
move,168.8497,-1.9621183
move,168.8336,-0.7401251
move,168.8194,0.66340256
move,168.81393,2.0790868
move,168.82654,3.3011036
move,168.85693,4.704373
move,168.88885,6.131817
move,168.92389,7.522867
move,168.96275,8.938036
move,169.03026,11.381307
move,169.06502,12.63923
move,169.1011,13.945531
move,169.13689,15.239735
move,169.17265,16.533937
move,169.20607,17.743477
move,169.24222,19.04978
move,169.27902,20.38027
move,169.33069,21.64945
move,169.42313,22.928719
move,169.52208,24.304567
move,169.61139,25.644682
move,169.6616,26.986757
move,169.6858,28.329636
move,169.69347,29.66061
move,169.70108,30.99159
move,169.71587,32.322495
move,169.7512,33.65302
move,169.79616,34.98325
move,169.8407,36.3135
move,169.90384,37.65511
move,169.98889,38.983353
move,170.10022,40.33396
move,170.22081,41.671623
move,170.36488,43.006935
move,170.56572,44.346832
move,170.97398,45.635693
move,171.73715,46.747417
move,172.859,47.492405
move,174.17926,47.77362
move,175.50974,47.796886
move,176.86493,47.79776
move,178.19408,47.86456
move,179.5335,47.963562
move,180.84724,48.080276
move,182.17326,48.195244
move,183.49997,48.30188
move,184.81079,48.446987
move,186.13277,48.60184
move,187.45496,48.75477
move,188.75626,48.874126
move,190.07123,48.975536
move,191.37418,49.07576
move,192.70123,49.177837
move,193.99237,49.273888
move,195.32092,49.35366
move,196.6382,49.418407
move,197.78664,49.466934
move,199.16469,49.52724
move,200.49248,49.61925
move,201.88063,49.715405
move,203.26906,49.807816
move,204.64691,49.872883
move,206.03766,49.918407
move,207.429,49.935192
move,208.80835,49.945107
move,210.1995,49.918922
move,211.58832,49.833504
move,212.98648,49.710327
move,214.3598,49.580654
move,215.74524,49.450283
move,216.97366,49.331512
move,218.31099,49.115852
move,219.58833,48.743744
move,220.83458,48.21389
move,221.98384,47.521534
move,223.01942,46.63088
move,223.95673,45.652412
move,224.86023,44.642345
move,225.77986,43.614243
move,226.72827,42.629704
move,227.80502,41.75062
move,228.97919,41.02732
move,230.20306,40.36537
move,231.47893,39.75333
move,232.80981,39.402203
move,234.18504,39.312767
move,235.56438,39.324894
move,236.93988,39.253784
move,238.21729,38.76364
move,239.09557,37.73172
move,239.53593,36.429745
move,239.68015,35.083782
move,239.64125,33.71748
move,239.5623,32.352467
move,239.50558,30.99847
move,239.49597,29.486292
move,239.5322,28.14368
move,239.56389,26.80097
move,239.57979,25.457964
move,239.59453,24.127047
move,239.61028,22.79614
move,239.63927,21.477583
move,239.68239,20.147284
move,239.74644,18.829979
move,239.83936,17.514399
move,239.98544,16.203758
move,240.18974,14.90087
move,240.48674,13.628945
move,240.99048,12.400225
move,241.78447,11.351829
move,242.8994,10.646346
move,244.20099,10.3830595
move,245.54231,10.32248
move,246.88503,10.291609
move,248.24902,10.199661
move,249.58817,9.996958
move,250.8639,9.519435
move,251.93294,8.671966
move,252.84344,7.6367254
move,253.72563,6.560622
move,254.61551,5.4751253
move,255.52226,4.403779
move,256.46722,3.3827345
move,257.52612,2.4444509
move,258.67285,1.657692
move,259.93857,1.056514
move,261.2761,0.6758462
move,262.64188,0.41110432
move,264.02386,0.24960929
move,265.41324,0.17535739
move,266.79144,0.11829516
move,268.16995,0.069776475
move,269.56134,0.051506825
move,270.9407,0.03361625
move,272.18707,0.017450992
move,273.5422,0.0038692646
move,274.89743,-0.002441974
move,276.28897,0.0063770805
move,277.6684,0.018162256
move,279.02362,0.0292677
move,280.37878,0.031909093
move,281.73398,0.030284418
move,283.08914,0.028658131
move,284.43225,0.027045723
move,285.7874,0.025419306
move,287.14258,0.023790339
move,288.52197,0.02279933
move,289.87714,0.027349116
move,291.24442,0.03191981
move,292.58752,0.040573813
move,293.95486,0.0513496
move,295.3101,0.062031507
move,296.6653,0.072714135
move,298.03265,0.08349311
move,296.6653,0.072714135
move,299.4,0.09427143
move,300.6464,0.104096055
move,301.9291,0.11421016
move,303.15125,0.123841725
move,304.39767,0.13270982
move,305.65604,0.13954493
move,306.9386,0.14530727
move,308.1728,0.15059146
move,309.41898,0.1713485
move,310.66418,0.22165973
move,311.91937,0.31035575
move,313.14673,0.4396276
move,314.39352,0.60978943
move,315.7477,0.7983288
move,317.10434,0.9676933
move,318.4766,1.1062181
move,319.84302,1.1148126
move,321.21368,0.96616805
move,322.5972,0.7299333
move,323.81088,0.50544035
move,325.05475,0.315239
move,326.47256,0.14743474
move,327.8653,-0.02645945
move,329.06415,-0.19021812
move,330.29028,-0.33042327
move,331.66336,-0.46230337
move,332.8828,-0.54034215
move,334.27414,-0.52985036
move,335.67636,-0.47004265
move,337.0752,-0.35598844
move,338.43384,-0.20253032
move,339.83066,-0.06470375
move,341.1951,0.02236653
move,342.59793,0.06962298
move,343.95297,0.089223556
move,345.3686,0.0798461
move,346.7107,0.029237188
move,348.08875,-0.03241542
move,349.46564,-0.11481728
move,350.8518,-0.23573068
move,352.24786,-0.38163158
move,353.46368,-0.5046135
move,354.86368,-0.60346186
move,356.097,-0.6484116
move,357.31894,-0.6311475
move,358.70877,-0.56329477
move,359.95245,-0.48258898
move,361.3652,-0.39071164
move,362.1742,-0.33809623
cluster,2902
move,362.5968,-0.31060743
move,363.8405,-0.23017631
move,-359.5,-1.758337E-06
move,-358.56293,0.012018937
move,-357.1641,-0.01582789
move,-355.7937,-0.09628004
move,-354.38443,-0.19072397
move,-352.97678,-0.30529794
move,-351.59567,-0.42135912
move,-350.21445,-0.53489345
move,-348.8356,-0.67517143
move,-347.27283,-0.8339739
move,-345.93335,-0.9700904
move,-344.54132,-1.1115443
move,-343.19617,-1.2482368
move,-341.83044,-1.387021
move,-340.47787,-1.5244652
move,-339.54724,-1.6190274
move,-339.19443,-1.5910174
move,-337.9233,-1.4764447
move,-336.833,-1.3869847
move,-335.7619,-1.3333797
move,-334.6466,-1.31603
move,-333.55283,-1.2989413
move,-332.43747,-1.2925845
move,-331.29062,-1.2533954
move,-330.19708,-1.2269168
move,-329.12476,-1.2073902
move,-328.0097,-1.1793823
move,-326.757,-1.1093793
move,-325.67987,-0.99503994
move,-324.4283,-0.8080408
move,-323.3635,-0.6096134
move,-322.16034,-0.39261177
move,-320.93317,-0.18827401
move,-319.71722,0.018225964
move,-318.50745,0.1941904
move,-317.2885,0.2848145
move,-316.067,0.33720723
move,-314.84534,0.3872343
move,-313.6552,0.41713917
move,-312.42215,0.4454773
move,-311.2108,0.48033285
move,-310.03207,0.5304786
move,-308.8212,0.5833891
move,-307.61035,0.6363043
move,-306.3888,0.68969285
move,-305.30652,0.73699355
move,-304.085,0.79038316
move,-302.83127,0.8451781
move,-301.70615,0.894354
move,-300.61316,0.9421264
move,-299.52017,0.9899003
move,-298.44833,1.0367553
move,-297.55878,1.0033836
move,-296.33667,0.9691047
move,-295.12518,0.99286574
move,-293.9344,1.1989356
move,-292.83344,1.7468212
move,-291.87735,2.4895892
move,-291.07724,3.3958225
move,-290.54346,4.4919114
move,-290.23468,5.6627927
move,-290.06708,6.894927
move,-289.99045,8.093581
move,-289.93762,9.207729
move,-289.88196,10.407639
move,-289.8243,11.650402
move,-289.77066,12.807734
move,-289.72028,13.894192
move,-289.669,14.999878
move,-289.64752,15.462727
move,-289.1881,15.858494
move,-288.41266,16.60704
move,-287.64566,17.391663
move,-286.81897,18.080431
move,-285.84732,18.587772
move,-284.8349,18.984756
move,-283.81116,19.352003
move,-282.80322,19.706263
move,-281.81143,20.048416
move,-280.80124,20.396235
move,-279.84564,20.725283
move,-278.90823,21.04806
move,-277.82526,21.420992
move,-276.76044,21.787434
move,-275.8317,22.10555
move,-274.75815,22.476225
move,-273.83548,22.78226
move,-272.769,23.112728
move,-271.8247,23.381208
move,-270.74252,23.655432
move,-269.7839,23.813934
move,-268.81335,23.85752
move,-267.68967,23.789652
move,-266.53238,23.659227
move,-265.43887,23.488726
move,-264.47763,23.289837
move,-263.40262,22.989267
move,-262.49677,22.664738
move,-261.61444,22.25746
move,-260.68073,21.719511
move,-259.84155,21.156414
move,-259.0263,20.592306
move,-258.12823,19.961914
move,-257.24667,19.341482
move,-256.3573,18.71546
move,-255.45837,18.086252
move,-254.55946,17.474043
move,-253.64026,16.892736
move,-252.68675,16.350088
move,-251.69646,15.901362
move,-250.66417,15.560523
move,-249.6007,15.333824
move,-248.52525,15.172248
move,-247.44524,15.04414
move,-246.35454,14.924476
move,-245.291,14.822959
move,-244.19704,14.738379
move,-243.11035,14.693917
move,-242.00282,14.661358
move,-240.73264,14.633218
move,-239.36563,14.60427
move,-237.99863,14.578367
move,-236.76472,14.555439
move,-235.37354,14.529592
move,-234.37602,14.511065
move,-233.47015,14.45657
move,-232.17674,14.399869
move,-230.95528,14.36129
move,-229.68538,14.323257
move,-228.26994,14.322696
move,-227.04953,14.385929
move,-225.8186,14.476442
move,-224.58789,14.568812
move,-223.33583,14.694073
move,-222.1023,14.871317
move,-220.87527,15.089467
move,-219.5941,15.346758
move,-218.22168,15.640742
move,-216.86546,15.951978
move,-215.51344,16.28114
move,-214.15791,16.645231
move,-212.82063,17.029755
move,-211.4724,17.420025
move,-210.11255,17.813658
move,-208.81,18.187597
move,-207.5985,18.527925
move,-206.3611,18.865309
move,-205.1495,19.156887
move,-203.91496,19.400549
move,-202.70253,19.631027
move,-201.28798,19.899931
move,-200.06363,20.13268
move,-198.67285,20.39707
move,-197.46039,20.62756
move,-196.05772,20.894205
move,-195.02518,21.090487
move,-194.0282,21.211504
move,-192.65752,21.366367
move,-191.27318,21.506943
move,-189.9217,21.607183
move,-188.5212,21.69947
move,-187.26521,21.776758
move,-185.89877,21.821323
move,-184.53148,21.82381
move,-183.13998,21.815777
move,-181.76057,21.809317
move,-180.40575,21.834318
move,-179.02869,21.914455
move,-177.65175,21.99753
move,-176.28752,22.088583
move,-174.91919,22.261374
move,-173.5605,22.498669
move,-172.20639,22.76162
move,-170.86469,23.025309
move,-169.51321,23.301384
move,-168.13412,23.621527
move,-167.0566,23.87483
move,-166.10088,24.099503
move,-165.15453,24.32197
move,-164.05826,24.579681
move,-162.95262,24.8396
move,-161.9969,25.064281
move,-161.00204,25.298168
move,-159.89828,25.466406
move,-158.94382,25.648643
move,-157.90793,26.0088
move,-156.81265,26.150879
move,-155.7071,26.20436
move,-154.60997,26.216612
move,-153.48387,26.22259
move,-152.42537,26.205095
move,-151.30179,26.130768
move,-150.30632,26.026316
move,-149.27386,25.905296
move,-148.2606,25.785978
move,-147.24733,25.666655
move,-146.26271,25.550709
move,-145.19246,25.421711
move,-144.08472,25.282404
move,-142.97807,25.134443
move,-141.85262,24.981892
move,-140.8892,24.851925
move,-139.76346,24.701391
move,-138.67583,24.55642
move,-137.69301,24.426435
move,-136.72795,24.309439
move,-135.60695,24.202593
move,-134.63739,24.132082
move,-133.61949,24.062372
move,-132.6496,23.99665
move,-131.6799,23.928194
move,-130.70207,23.8408
move,-129.72514,23.743498
move,-128.61424,23.631632
move,-127.4842,23.517834
move,-126.35415,23.404037
move,-125.2241,23.290241
move,-124.10405,23.173372
move,-122.98591,23.039589
move,-121.8852,22.854416
move,-120.93895,22.63189
move,-119.86581,22.360704
move,-118.77298,22.088976
move,-117.82081,21.89369
move,-116.71671,21.728985
move,-115.73825,21.650156
move,-114.63182,21.624779
move,-113.53507,21.654175
move,-112.431984,21.744406
move,-111.33361,21.880875
move,-110.248436,22.04317
move,-109.1922,22.203688
move,-108.213715,22.362991
move,-107.17947,22.539
move,-106.167015,22.72763
move,-105.05432,22.955204
move,-104.110985,23.189304
move,-103.0616,23.568817
move,-102.1709,23.981178
move,-101.23775,24.606937
move,-100.47409,25.444412
move,-99.96206,26.258566
move,-99.52666,27.13818
move,-99.16145,28.049131
move,-98.84279,29.128897
move,-98.626015,30.174818
move,-98.483826,31.184977
move,-98.37676,32.344574
move,-98.34102,33.35439
move,-98.37071,34.393196
move,-98.473236,35.379208
move,-98.59263,36.363358
move,-98.73635,37.324768
move,-98.92036,38.308643
move,-99.17895,39.404575
move,-99.44241,40.350204
move,-99.751144,41.271893
move,-100.09169,42.20293
move,-100.4176,43.11879
move,-100.74765,44.053616
move,-101.07449,44.979362
move,-101.40134,45.905113
move,-101.731384,46.839943
move,-101.828514,47.11507
move,-102.00377,48.08096
move,-102.20729,49.061043
move,-102.44948,50.23922
move,-102.76461,51.44476
move,-103.21891,52.57863
move,-103.7786,53.67819
move,-104.42513,54.7578
move,-105.05923,55.816654
move,-105.69332,56.87551
move,-105.786125,57.03047
