metadata,origin:thetford,destination:cairn-fidair,name:Default Trade Mission
move,-103.25923,52.646717
move,-102.5737,51.904617
move,-102.008545,51.091137
move,-101.520706,50.195503
move,-101.084305,49.21009
move,-100.7133,48.23907
move,-100.35465,47.283936
move,-99.99479,46.349876
move,-99.59951,45.378067
move,-99.214775,44.412464
move,-98.92901,43.443836
move,-98.75395,42.439213
move,-98.718895,41.372616
move,-98.859024,40.35306
move,-99.062744,39.35338
move,-99.27303,38.35504
move,-99.468124,37.363457
move,-99.64269,36.338726
move,-99.80602,35.331642
move,-99.94324,34.320705
move,-100.027,33.304092
move,-100.027466,32.265038
move,-99.86976,31.2682
move,-99.563126,30.295609
move,-99.15293,29.382969
move,-98.664,28.433065
move,-98.19891,27.546669
move,-97.73502,26.670528
move,-97.228584,25.729809
move,-96.708,24.774893
move,-96.1984,23.947544
move,-95.5324,23.202648
move,-94.690506,22.564766
move,-93.73042,22.325232
move,-92.75957,22.371702
move,-91.78183,22.458784
move,-90.69454,22.606007
move,-89.70261,22.74038
move,-88.69926,22.861334
move,-87.66765,22.98876
move,-86.70655,23.188272
move,-85.672615,23.416153
move,-84.695076,23.631615
move,-83.69874,23.851217
move,-82.7212,24.066677
move,-81.71546,24.288351
move,-80.719124,24.507956
move,-79.722786,24.727564
move,-79.401024,24.798485
move,-78.19745,24.475058
move,-76.973366,24.096174
move,-75.93422,23.460445
move,-75.14068,22.451944
move,-74.89205,21.26163
move,-74.88054,19.955627
move,-75.040634,18.574427
move,-75.29385,17.378965
move,-75.59771,16.170305
move,-75.91223,14.976851
move,-76.23006,13.771754
move,-76.527245,12.536719
move,-76.74454,11.3341875
move,-76.91736,10.014561
move,-77.06098,8.813114
move,-77.20136,7.574774
move,-77.25856,6.3421865
move,-77.267456,5.035595
move,-77.19639,3.7672274
move,-77.10524,2.500001
move,-77.006546,1.1726669
move,-76.91096,-0.106364675
move,-76.81227,-1.3487523
move,-76.721664,-2.5796134
move,-76.64518,-3.8477948
move,-76.60869,-5.0813484
move,-76.62222,-6.484817
move,-76.68846,-7.8261557
move,-76.805305,-9.042563
move,-77.00228,-10.432244
move,-77.19888,-11.760876
move,-77.420784,-13.195807
move,-77.62689,-14.412674
move,-77.8423,-15.62793
move,-78.05702,-16.831017
move,-78.27951,-18.069593
move,-78.517365,-19.342226
move,-78.7956,-20.544474
move,-79.14492,-21.728077
move,-79.49004,-22.756863
move,-79.80669,-23.686146
move,-80.11332,-24.63893
move,-80.36679,-25.587328
move,-80.61432,-26.55724
move,-80.84943,-27.530128
move,-81.02251,-28.496471
move,-81.180115,-29.475176
move,-81.2762,-30.471275
move,-81.29944,-31.471819
move,-81.26954,-32.47236
move,-81.23554,-33.482418
move,-81.18065,-34.46259
move,-81.09365,-35.440372
move,-80.95156,-36.431187
move,-80.77107,-37.445053
move,-80.5589,-38.403446
move,-80.27331,-39.41289
move,-79.97783,-40.37936
move,-79.66713,-41.381405
move,-79.32819,-42.302692
move,-78.97621,-43.21918
move,-78.621445,-44.124245
move,-78.22609,-45.02271
move,-77.806946,-45.899834
move,-77.36473,-46.808567
move,-76.92131,-47.716732
move,-76.475845,-48.655903
move,-76.066734,-49.600952
move,-75.69587,-50.57199
move,-75.34958,-51.541893
move,-75.01732,-52.567387
move,-74.741974,-53.599403
move,-74.54093,-54.60928
move,-74.451645,-55.63433
move,-74.515915,-56.777317
move,-74.67245,-57.872856
move,-74.893486,-58.93766
move,-75.17416,-60.008236
move,-75.524895,-61.098373
move,-75.91794,-62.091614
move,-76.38956,-63.103462
move,-76.898224,-64.086464
move,-77.44912,-65.06859
move,-77.98185,-65.97239
move,-78.48626,-66.82584
move,-79.05023,-67.75578
move,-79.61875,-68.60277
move,-80.216415,-69.41772
move,-80.84463,-70.26995
move,-81.43651,-71.06525
move,-82.0965,-71.94174
move,-82.74675,-72.67676
move,-83.527084,-73.420296
move,-84.25359,-74.08061
move,-85.0441,-74.79929
move,-85.7619,-75.46902
move,-86.514336,-76.18623
move,-87.252205,-76.89084
move,-88.00232,-77.56793
move,-88.80786,-78.239975
move,-89.61116,-78.85302
move,-90.422295,-79.40588
move,-91.31984,-79.92972
move,-92.24402,-80.36098
move,-93.17315,-80.67646
move,-94.133835,-80.876045
move,-95.10142,-80.965836
move,-96.091736,-80.940636
move,-97.19284,-80.75961
move,-98.1493,-80.5007
move,-99.180145,-80.05116
move,-99.98787,-79.51171
move,-100.83662,-78.78677
move,-101.60791,-78.033875
move,-102.30102,-77.31166
move,-103.08354,-76.4885
move,-103.83191,-75.699295
move,-104.623634,-74.88505
move,-105.32762,-74.22886
move,-106.23022,-73.52502
move,-107.183136,-72.943565
move,-108.101585,-72.436584
move,-108.98684,-71.99043
move,-110.01515,-71.53202
move,-110.942154,-71.241234
move,-112.033295,-71.0052
move,-112.987404,-70.81894
move,-114.08527,-70.615814
move,-115.18318,-70.412926
move,-116.29008,-70.20576
move,-117.334366,-69.98031
move,-118.45413,-69.66166
move,-119.47891,-69.2449
move,-120.4512,-68.696976
move,-121.26937,-68.15458
move,-122.16816,-67.49242
move,-122.91677,-66.87264
move,-123.69043,-66.16407
move,-124.403625,-65.50348
move,-125.123856,-64.83632
move,-125.91098,-64.11394
move,-126.656944,-63.46103
move,-127.54452,-62.768387
move,-128.36519,-62.23008
move,-129.23322,-61.77181
move,-130.21458,-61.350533
move,-131.19577,-61.038525
move,-132.17534,-60.79026
move,-133.12926,-60.604465
move,-134.14122,-60.47569
move,-135.14104,-60.43713
move,-136.3274,-60.434193
move,-137.58568,-60.41731
move,-138.83188,-60.400635
move,-140.09,-60.374523
move,-141.43254,-60.3377
move,-142.69044,-60.305523
move,-143.94864,-60.28719
move,-145.21812,-60.32982
move,-146.43317,-60.458683
move,-147.66309,-60.658806
move,-148.88628,-60.951977
move,-150.0269,-61.388374
move,-151.14848,-61.958443
move,-152.23431,-62.594036
move,-153.25365,-63.28925
move,-154.23245,-64.06047
move,-155.15121,-64.88428
move,-156.07843,-65.770485
move,-156.99,-66.602135
move,-157.98677,-67.32841
move,-159.06927,-67.91919
move,-160.22137,-68.35991
move,-161.41212,-68.68332
move,-162.63297,-68.933586
move,-163.84747,-69.15302
move,-165.07622,-69.36167
move,-166.2812,-69.56552
move,-167.54758,-69.8336
move,-168.74568,-70.175575
move,-169.88142,-70.6247
move,-170.94035,-71.25618
move,-171.9333,-72.02874
move,-172.87721,-72.842514
move,-173.95216,-73.78221
move,-174.88016,-74.59588
move,-175.81822,-75.41642
move,-176.7665,-76.20623
move,-177.7776,-76.975235
move,-178.80733,-77.65491
move,-179.9178,-78.24591
move,-181.06659,-78.72806
move,-182.23471,-79.08597
move,-183.4504,-79.35961
move,-184.69244,-79.56021
move,-185.95827,-79.66496
move,-187.1914,-79.64228
move,-188.4046,-79.42277
move,-189.59348,-79.05054
move,-190.90768,-78.52459
move,-192.06035,-77.99051
move,-193.25162,-77.34512
move,-194.32098,-76.659386
move,-195.31152,-75.92379
move,-196.3145,-74.96144
move,-197.06982,-73.986404
move,-197.79207,-72.78361
move,-198.36378,-71.489944
move,-198.69148,-70.300896
move,-198.93164,-68.91808
move,-199.14716,-67.616905
move,-199.40547,-66.21289
move,-199.751,-65.04161
move,-200.363,-63.754284
move,-201.28572,-62.719933
move,-202.29709,-62.037148
move,-203.56985,-61.448135
move,-204.7254,-61.051117
move,-205.88802,-60.71577
move,-207.14476,-60.357388
move,-208.3314,-59.97697
move,-209.45818,-59.475594
move,-210.55553,-58.790493
move,-211.50372,-58.002766
move,-212.34131,-57.096733
move,-213.24588,-56.00775
move,-214.04483,-55.08314
move,-214.96944,-54.125984
move,-216.0563,-53.239918
move,-217.12566,-52.601177
move,-218.44284,-52.05334
move,-219.79247,-51.66927
move,-221.19054,-51.38069
move,-222.42154,-51.18677
move,-223.69289,-51.017162
move,-224.95341,-50.857624
move,-226.20319,-50.710304
move,-227.41905,-50.587082
move,-228.73369,-50.48164
move,-230.01154,-50.371128
move,-231.30142,-50.259594
move,-232.5553,-50.1531
move,-233.84729,-50.070034
move,-235.1658,-50.04023
move,-236.42413,-50.045845
move,-237.70657,-50.05733
move,-238.96483,-50.070183
move,-240.24736,-50.084854
move,-241.52986,-50.098316
move,-242.7882,-50.106724
move,-244.03459,-50.11038
move,-245.2931,-50.112606
move,-246.56372,-50.10977
move,-247.81007,-50.103004
move,-249.08067,-50.096054
move,-250.32703,-50.08923
move,-251.59764,-50.08455
move,-252.85612,-50.08678
move,-254.09042,-50.09013
move,-255.36098,-50.095524
move,-256.61917,-50.110073
move,-257.8773,-50.135963
move,-259.17166,-50.16827
move,-260.40555,-50.200832
move,-261.63947,-50.233387
move,-262.97012,-50.268494
move,-264.2283,-50.292103
move,-265.47314,-50.248016
move,-266.76474,-49.902153
move,-267.83276,-49.199173
move,-268.6657,-48.245895
move,-269.09076,-46.994938
move,-269.23416,-45.744904
move,-269.37936,-44.495342
move,-270.01062,-43.30542
move,-270.95892,-42.51921
move,-272.09952,-41.83432
move,-273.2572,-41.283375
move,-274.4394,-40.818367
move,-275.7028,-40.40012
move,-276.89444,-40.079433
move,-278.15244,-39.77399
move,-279.40256,-39.438114
move,-280.71222,-38.93705
move,-281.93585,-38.20421
move,-283.04285,-37.36153
move,-283.99258,-36.55466
move,-284.9759,-35.67564
move,-285.8813,-34.76749
move,-286.73285,-33.792522
move,-287.48764,-32.83146
move,-288.27225,-31.71196
move,-288.92706,-30.66596
move,-289.55176,-29.4367
move,-290.03464,-28.107752
move,-290.29224,-26.741428
move,-290.37463,-25.32903
move,-290.3441,-24.107456
move,-290.28427,-22.886822
move,-290.2218,-21.617867
move,-290.15277,-20.215965
move,-290.07962,-18.729465
move,-290.016,-17.436333
move,-289.95465,-16.191545
move,-289.88812,-14.789522
move,-289.83087,-13.374981
move,-289.77997,-11.972307
move,-289.7441,-10.750738
move,-289.7094,-9.359675
move,-289.6851,-7.96839
move,-289.70413,-6.565096
move,-289.81833,-5.1423054
move,-290.11523,-3.9605691
move,-290.78616,-2.9454134
move,-291.9004,-2.104175
move,-293.248,-1.644222
move,-294.5192,-1.4810995
move,-295.9336,-1.4198838
move,-297.1554,-1.3874457
move,-298.36508,-1.3573844
move,-299.71994,-1.3237038
move,-300.96573,-1.2885659
move,-302.2114,-1.2525015
move,-303.56592,-1.2132767
move,-304.82367,-1.1768632
move,-306.05725,-1.141103
move,-307.3271,-1.1042557
move,-308.60883,-1.061488
move,-309.9368,-0.9733184
move,-311.24072,-0.77713627
move,-312.4639,-0.53824234
move,-313.767,-0.26725242
move,-315.04623,-0.00040873513
move,-316.2809,0.24285527
move,-317.52386,0.43967727
move,-318.79523,0.6090356
move,-320.08353,0.7372503
move,-321.35193,0.8083146
move,-322.64642,0.82899916
move,-323.9531,0.8176348
move,-325.2595,0.78295153
move,-326.5532,0.73167044
move,-327.8719,0.73526204
move,-329.20203,0.7825627
move,-330.50748,0.8423997
move,-331.84897,0.9094977
move,-333.20328,0.9585017
move,-334.53354,0.99685764
move,-335.87564,1.0491965
move,-337.19348,1.1033878
move,-338.53632,1.1269922
move,-339.86713,1.1074946
move,-341.16068,1.0553533
move,-342.50034,0.9621096
move,-343.81332,0.8373153
move,-345.16092,0.69361997
move,-346.46143,0.56634843
move,-347.78387,0.41652912
move,-349.08365,0.28171578
move,-350.38458,0.15876645
move,-351.67334,0.034120075
move,-353.01013,-0.09513391
move,-354.3223,-0.22732115
move,-355.6233,-0.35015994
move,-356.93777,-0.45650342
move,-358.24228,-0.5343998
move,-359.58298,-0.61364865
move,-360.8875,-0.6907581
move,-362.2282,-0.7700092
cluster,2242
move,358.7183,0.04304168
move,357.422,0.103549965
move,356.26413,0.13423699
move,355.1169,0.11286346
move,353.96155,0.03165459
move,352.7775,-0.09139649
move,351.67926,-0.21064045
move,350.41132,-0.3560909
move,349.20084,-0.52813816
move,348.0758,-0.69158816
move,346.9505,-0.8530872
move,345.77255,-1.0248647
move,344.56952,-1.170917
move,343.38098,-1.2345655
move,342.15872,-1.2194155
move,340.96176,-1.1190561
move,339.7245,-0.9889986
move,338.51727,-0.88258296
move,337.29892,-0.78098816
move,336.0992,-0.74104375
move,334.8562,-0.79046476
move,333.6466,-0.86554706
move,332.426,-0.93575126
move,331.2042,-0.9825655
move,329.96112,-1.0328739
move,328.76154,-1.0945967
move,327.5197,-1.1695025
move,326.28958,-1.2581834
move,325.057,-1.3000822
move,323.83463,-1.2908792
move,322.6044,-1.2051597
move,321.39093,-1.0569268
move,320.18225,-0.8729111
move,318.98575,-0.6801623
move,317.78876,-0.4906518
move,316.61725,-0.35175413
move,315.37946,-0.22766712
move,314.20074,-0.18081957
move,313.01068,-0.1495268
move,311.78845,-0.117390126
move,310.5769,-0.0864049
move,309.35455,-0.060460728
move,308.13214,-0.03656248
move,306.9417,-0.036344595
move,305.70844,-0.04952012
move,304.47736,-0.08218831
move,303.2663,-0.12866871
move,302.04462,-0.17701638
move,300.60913,-0.22441867
move,299.07883,-0.27125394
move,297.56137,-0.31277996
move,296.04352,-0.33163342
move,294.52548,-0.33343187
move,292.99423,-0.3383846
move,291.51575,-0.34711838
move,290.0109,-0.34872323
move,288.49292,-0.34310776
move,287.00162,-0.3211835
move,285.66837,-0.31668383
move,284.13715,-0.31700543
move,282.6455,-0.31539074
move,281.15384,-0.31123418
move,279.62262,-0.30669978
move,278.13098,-0.3022865
move,276.59973,-0.2953063
move,275.10803,-0.2834278
move,273.57675,-0.27123886
move,272.03223,-0.25894487
move,270.4878,-0.24822184
move,268.9433,-0.25546202
move,267.39886,-0.2743414
move,265.85455,-0.27243274
move,264.40335,-0.22457543
move,263.0766,-0.097844064
move,261.7383,0.14086606
move,260.2798,0.6002779
move,258.98737,1.2873772
move,257.8459,2.1176708
move,256.82425,3.0723445
move,255.88705,4.057367
move,254.91357,5.080704
move,253.96593,6.0555353
move,252.93806,6.9234304
move,251.65971,7.7133117
move,250.31485,8.220692
move,248.9425,8.60644
move,247.4993,8.983228
move,246.10884,9.352862
move,244.78305,9.835438
move,243.54935,10.494291
move,242.42647,11.387612
move,241.65062,12.51587
move,241.12651,13.76887
move,240.75697,15.226752
move,240.45712,16.701334
move,240.21782,18.17345
move,240.046,19.668217
move,239.95004,21.156662
move,239.86612,22.6459
move,239.78415,24.148472
move,239.70752,25.651318
move,239.6579,27.142021
move,239.65916,28.488373
move,239.68971,29.966454
move,239.7258,31.497217
move,239.74854,33.001854
move,239.73613,34.58525
move,239.39598,36.046844
move,238.52982,37.317627
move,237.28073,37.992813
move,235.85782,38.43783
move,234.48166,38.830296
move,233.29411,39.20615
move,232.08994,39.941357
move,231.13234,40.829548
move,230.19472,41.757133
move,229.1321,42.67173
move,227.9572,43.482983
move,226.79019,44.28447
move,225.62328,45.085957
move,224.60591,45.78465
move,223.44525,46.57383
move,222.2289,47.22161
move,221.10274,47.6962
move,219.82771,48.22255
move,218.54977,48.741596
move,217.22144,49.193382
move,215.87663,49.497765
move,214.48433,49.671955
move,213.10762,49.757664
move,211.75487,49.838734
move,210.3899,49.917885
move,208.99919,49.96523
move,207.64453,50.00329
move,206.28952,50.023296
move,204.99483,50.02896
move,203.63957,50.029213
move,202.27222,50.030308
move,200.90492,50.027172
move,199.54991,50.00537
move,198.02548,49.980824
move,196.80351,49.96114
move,195.4848,49.939903
move,194.09344,49.917492
move,192.73836,49.902515
move,191.34677,49.90546
move,189.96758,49.926273
move,188.6006,49.95678
move,187.23364,49.986504
move,185.83006,49.995266
move,184.43848,49.99427
move,183.05954,49.962013
move,181.63266,49.911545
move,180.27982,49.832386
move,178.90352,49.739807
move,177.50578,49.61241
move,176.11737,49.408916
move,174.74435,49.02398
move,173.70659,48.391644
move,172.8773,47.283318
move,172.40532,45.9528
move,172.19739,44.577705
move,172.08354,43.19091
move,172.00568,41.98343
move,171.92819,40.58198
move,171.84746,39.21708
move,171.7406,37.82968
move,171.6089,36.42016
move,171.43964,35.051205
move,171.302,33.690895
move,171.16177,32.318638
move,171.02147,30.946392
move,170.90689,29.571836
move,170.8058,28.184017
move,170.70326,26.808441
move,170.58804,25.409582
move,170.47006,24.02309
move,170.3685,22.805225
move,170.2755,21.416842
move,170.18535,20.052515
move,170.09013,18.652153
move,169.98557,17.240316
move,169.87997,15.828558
move,169.7889,14.609859
move,169.68341,13.198098
move,169.58604,11.894933
move,169.4949,10.676234
move,169.40623,9.445227
move,169.3327,8.128457
move,169.2913,6.85865
move,169.26085,5.588522
move,169.23602,4.3424687
move,169.20975,3.0238304
move,169.18341,1.705193
move,169.15881,0.47123826
move,169.13252,-0.8473995
move,169.1062,-2.1660366
move,169.08087,-3.436284
move,169.05632,-4.670239
move,169.03128,-5.9283895
move,169.00377,-7.307514
move,168.97539,-8.735031
move,168.95107,-9.956889
move,168.92314,-11.360212
move,168.89397,-12.860331
move,168.87428,-14.10647
move,168.86229,-15.497918
move,168.85854,-16.889416
move,168.8561,-18.111525
move,168.8571,-19.539326
move,168.86491,-20.930809
move,168.87828,-22.26174
move,168.89342,-23.568455
move,168.90894,-24.86306
move,168.92418,-26.133469
move,168.93973,-27.428074
move,168.95543,-28.73478
move,168.96959,-30.041504
move,168.9847,-31.311916
move,168.99908,-32.60654
move,169.01334,-33.90116
move,169.03064,-35.232044
move,169.0472,-36.466137
move,169.06584,-37.85751
move,169.08322,-39.152096
move,169.10138,-40.50718
move,169.11922,-41.838062
move,169.13322,-43.15688
move,169.12921,-44.487835
move,169.10005,-45.8306
move,169.03444,-47.20838
move,168.91357,-48.50928
move,168.67958,-49.8315
move,168.35963,-51.048134
move,167.90367,-52.23272
move,167.21541,-53.312298
move,166.37277,-54.262386
move,165.47041,-55.156742
move,164.46898,-56.140236
move,163.5296,-57.16591
move,162.71394,-58.277676
move,161.9771,-59.486153
move,161.32393,-60.71462
move,160.74751,-61.993885
move,160.30159,-63.324295
move,159.95699,-64.67228
move,159.6947,-66.07531
move,159.56128,-67.46009
move,159.45985,-68.87215
move,159.38821,-70.10423
move,159.32498,-71.47007
move,159.28456,-72.691475
move,159.26111,-74.05857
move,159.2626,-75.42585
move,159.26794,-76.81732
move,159.27333,-78.220894
move,159.2788,-79.624466
move,159.28403,-80.99174
move,159.28894,-82.40741
move,159.28427,-83.81098
move,159.27939,-85.20245
move,159.27412,-86.44873
move,159.27467,-87.779724
move,159.27751,-89.12281
move,159.28052,-90.5748
move,159.29109,-91.85734
move,159.34465,-93.25989
move,159.43285,-94.67277
move,159.61235,-96.05229
move,159.90562,-97.46171
move,160.27228,-98.791245
move,160.67572,-99.93164
move,161.27394,-101.173874
move,162.0443,-102.33022
move,162.98125,-103.34198
move,163.95393,-104.337036
move,164.90063,-105.34009
move,165.812,-106.39143
move,166.63173,-107.47032
move,167.44028,-108.61764
move,168.11555,-109.83166
move,168.59941,-111.097176
move,169.03796,-112.43045
move,169.431,-113.76502
move,169.72485,-115.087944
move,170.01884,-116.448044
move,170.31764,-117.80706
move,170.62949,-119.138245
move,171.09053,-120.4352
move,171.82379,-121.587166
move,172.66365,-122.65055
move,173.55019,-123.67534
move,174.48924,-124.65208
move,175.46216,-125.57798
move,176.47055,-126.536804
move,177.31328,-127.54916
move,178.03363,-128.66772
move,178.60368,-129.86841
move,179.03722,-131.16483
move,179.38652,-132.46147
move,179.6841,-133.95642
move,179.8606,-135.2755
move,180.00914,-136.62257
move,180.15126,-137.93378
move,180.23978,-139.27339
move,180.22649,-140.60431
move,180.20654,-141.94722
move,180.21791,-143.31413
move,180.41206,-144.65355
move,180.81372,-145.95924
move,181.45958,-147.17451
move,182.2855,-148.21645
move,183.3374,-149.14249
move,184.5027,-149.83115
move,185.83615,-150.40541
move,187.06055,-151.00725
move,188.00809,-151.99869
move,188.65584,-153.21387
move,189.0722,-154.55225
move,189.30104,-155.9483
move,189.39723,-157.32425
move,189.44177,-158.55751
move,189.43996,-159.77954
move,189.42091,-161.01358
move,189.40105,-162.23558
move,189.38036,-163.506
move,189.3442,-164.90909
move,189.2953,-166.14226
move,189.2267,-167.37445
move,189.13942,-168.5934
move,189.05446,-169.81252
move,188.9864,-171.04482
move,188.91055,-172.47055
move,188.82648,-173.7139
move,188.67293,-174.92615
move,188.43567,-176.33408
move,188.16118,-177.5495
move,187.70686,-178.70703
move,186.99321,-179.7255
move,185.92433,-180.66728
move,184.9092,-181.34752
move,183.75957,-182.08768
move,182.72653,-182.80511
move,181.81908,-183.73895
move,181.29944,-184.82857
move,180.93825,-186.18399
move,180.70998,-187.53207
move,180.49666,-188.90714
move,180.31015,-190.28603
move,180.1467,-191.66785
move,180.01157,-193.01622
move,179.90143,-194.42766
move,179.78659,-195.81442
move,179.67998,-197.21394
move,179.58154,-198.5777
move,179.47646,-199.96524
move,179.37213,-201.32854
move,179.26195,-202.72781
move,179.14969,-204.07831
move,179.0309,-205.45256
move,178.91196,-206.82683
move,178.76817,-208.21086
move,178.61888,-209.59436
move,178.47229,-210.96593
move,178.35182,-212.35222
move,178.29933,-213.73022
move,178.30656,-215.10956
move,178.31647,-216.51303
move,178.29153,-217.90387
move,178.10638,-219.25769
move,177.74783,-220.60156
move,177.29645,-221.91756
move,176.69934,-223.1584
move,175.8159,-224.23012
move,174.81325,-225.19482
move,173.77426,-226.13853
move,172.77068,-227.08437
move,171.96136,-228.19713
move,171.34247,-229.44292
move,170.80869,-230.71468
move,170.33426,-231.99693
move,169.96509,-233.16183
move,169.60114,-234.51712
move,169.30005,-235.91275
move,169.00145,-237.29652
move,168.70506,-238.49452
move,168.29315,-239.97499
move,167.9151,-241.23853
move,167.49782,-242.42548
move,166.96632,-243.53844
move,166.2985,-244.59013
move,165.50883,-245.63104
move,164.63712,-246.63666
move,163.76207,-247.52357
move,162.81233,-248.29158
move,161.70572,-249.00832
move,160.5664,-249.59639
move,159.43533,-250.05829
move,158.25465,-250.41599
move,157.03581,-250.67488
move,155.81714,-250.86925
move,154.51923,-251.02144
move,153.269,-251.16447
move,151.9796,-251.37482
move,150.76337,-251.69588
move,149.71562,-252.0713
move,148.46974,-252.68805
move,147.45964,-253.37506
move,146.3657,-254.29175
move,145.34839,-255.29349
move,144.37932,-256.29205
move,143.47086,-257.1081
move,142.37753,-257.82098
move,141.09224,-258.44165
move,139.87952,-258.92807
move,138.71774,-259.34457
move,137.49416,-259.72873
move,136.10716,-260.1152
move,134.8038,-260.43936
move,133.59966,-260.71005
move,132.38818,-260.94504
move,131.15103,-261.09265
move,129.88138,-261.129
move,128.55028,-261.12936
move,127.31605,-261.1238
move,125.86407,-261.11526
move,124.56973,-261.08478
move,123.36014,-261.05325
move,122.018166,-260.9996
move,120.652596,-260.93094
move,119.33493,-260.87344
move,117.95629,-260.82874
move,116.552956,-260.80124
move,115.17376,-260.81268
move,113.777084,-260.94458
move,112.45935,-261.2005
move,111.12613,-261.5972
move,109.83858,-262.0912
move,108.57308,-262.669
move,107.356735,-263.3677
move,106.23822,-264.1534
move,105.13623,-264.98306
move,104.00562,-265.83508
move,103.00906,-266.54227
move,101.83812,-267.2938
move,100.7846,-267.9131
move,99.50551,-268.54565
move,98.17316,-269.02246
move,96.98509,-269.35623
move,95.61685,-269.66873
move,94.31908,-269.90323
move,92.928894,-270.0964
move,91.71288,-270.2166
move,90.31071,-270.27756
move,89.07712,-270.3172
move,87.68634,-270.3622
move,86.47702,-270.40247
move,85.04991,-270.44626
move,83.64697,-270.48853
move,82.425446,-270.52524
move,81.20377,-270.5583
move,79.77648,-270.59778
move,78.55487,-270.63327
move,77.33326,-270.6688
move,76.12373,-270.70316
move,74.75658,-270.71793
move,73.4619,-270.7225
move,72.203514,-270.72595
move,70.896736,-270.72955
move,69.60204,-270.73175
move,68.367874,-270.72134
move,66.96438,-270.70438
move,65.73037,-270.6832
move,64.50847,-270.6616
move,63.28656,-270.63995
move,62.052567,-270.61816
move,60.80647,-270.59613
move,59.560375,-270.57413
move,58.19334,-270.5468
move,56.923122,-270.5199
move,55.701294,-270.49402
move,54.47946,-270.46814
move,53.136654,-270.43973
move,51.818043,-270.41177
move,50.559917,-270.3852
move,49.20489,-270.36325
move,47.946606,-270.3465
move,46.627743,-270.34277
move,45.357265,-270.3495
move,44.062588,-270.3562
move,42.731617,-270.36404
move,41.44909,-270.37692
move,40.190823,-270.39578
move,38.86023,-270.4279
move,37.48277,-270.49875
move,36.073605,-270.63303
move,34.693005,-270.88065
move,33.374275,-271.28253
move,32.235664,-271.86664
move,31.261541,-272.71625
move,30.502216,-273.6877
move,29.856775,-274.90552
move,29.278477,-276.0635
move,28.45453,-277.1005
move,27.388317,-277.81018
move,26.226643,-278.408
move,25.022627,-278.8823
move,23.758917,-279.21216
move,22.495415,-279.43192
move,21.132414,-279.6441
move,19.878386,-279.90738
move,18.68445,-280.40344
move,17.56999,-281.06094
move,16.54609,-281.8123
move,15.589944,-282.63016
move,14.649492,-283.55438
move,13.7570095,-284.6211
move,13.090631,-285.6306
move,12.470284,-286.6975
move,11.873871,-287.76413
move,11.235419,-289.0274
move,10.701109,-290.33807
move,10.244153,-291.6652
move,9.851879,-293.0253
move,9.529618,-294.39124
move,9.234874,-295.75122
move,8.933215,-297.1468
move,8.624745,-298.54095
move,8.281579,-299.90182
move,7.9239273,-301.08298
move,7.4703484,-302.21683
move,6.6931105,-303.41125
move,5.8824377,-304.32523
move,5.0131,-305.18393
move,3.9537811,-306.1046
move,2.9714766,-306.98386
move,2.159236,-307.9595
move,1.4088095,-309.05838
move,0.7030706,-310.27127
move,0.12011508,-311.3454
move,-0.49104214,-312.50046
move,-1.0576905,-313.5969
move,-1.6299704,-314.73117
move,-2.158501,-315.9127
move,-2.5778155,-317.14908
move,-2.6971588,-318.399
move,-2.6116877,-319.67737
move,-2.3305666,-320.90344
move,-1.9821697,-322.2006
move,-1.661641,-323.42972
move,-1.4898682,-324.70013
move,-1.3715773,-326.03793
move,-1.2312577,-327.28827
move,-1.0510752,-328.54593
move,-0.8482897,-329.93475
move,-0.70847976,-331.18533
move,-0.60458803,-332.4271
move,-0.57014877,-333.73343
move,-0.5648407,-335.0281
move,-0.6059308,-336.30997
move,-0.68487996,-337.60223
move,-0.7867897,-338.83215
move,-0.9004873,-340.1097
move,-0.9919821,-341.35245
move,-1.0526861,-342.7426
move,-1.0802509,-344.0007
move,-1.0804586,-345.30756
move,-1.0491534,-346.6019
move,-0.98963356,-347.89523
move,-0.89590406,-349.15012
move,-0.7700294,-350.39
move,-0.60849744,-351.67465
move,-0.43852133,-353.12875
move,-0.32715493,-354.39435
move,-0.21300794,-355.6475
move,-0.13819358,-356.9276
move,-0.1123014,-358.23416
move,-0.08812671,-359.49234
move,-0.04899206,-360.75006
move,0.058377165,-362.01584
cluster,3087
move,0.040857766,357.76324
move,0.12696254,356.51144
move,0.24169633,355.42355
move,0.34330276,354.28055
move,0.42782694,353.17914
move,0.506707,351.98053
move,0.5644499,350.54904
move,0.587772,349.4339
move,0.58504593,348.3185
move,0.5494603,347.21445
move,0.45183793,346.03888
move,0.32235277,344.94183
move,0.21218412,343.7676
move,0.15890566,342.65344
move,0.1191298,341.53876
move,0.1106305,340.42337
move,0.094425455,339.3081
move,0.08132925,338.19278
move,0.069338076,337.00235
move,0.08447168,335.87634
move,0.13679893,334.74078
move,0.2272964,333.62912
move,0.3224908,332.50708
move,0.37446052,331.36078
move,0.4055855,330.24585
move,0.3872375,329.10928
move,0.33341575,327.97363
move,0.26220262,326.80685
move,0.16009092,325.68542
move,0.017438913,324.54678
move,-0.15893091,323.42374
move,-0.31320688,322.28665
move,-0.47234666,321.161
move,-0.63041216,320.03525
move,-0.7214204,318.9454
move,-0.6706893,317.81082
move,-0.5488158,316.68054
move,-0.4228392,315.5183
move,-0.30666333,314.37665
move,-0.21383493,313.22208
move,-0.13813299,312.02335
move,-0.06871279,310.8672
move,-0.05009276,309.7199
move,-0.084668174,308.5622
move,-0.1624284,307.42804
move,-0.28845733,306.29837
move,-0.5229156,305.18677
move,-0.92867684,304.11472
move,-1.5703566,303.0881
move,-2.5223508,302.0468
move,-3.5885837,301.16245
move,-4.768993,300.38824
move,-6.041557,299.77826
move,-7.3738585,299.35345
move,-8.714978,299.00348
move,-10.040499,298.64655
move,-11.363449,298.19354
move,-12.629619,297.5152
move,-13.749768,296.70016
move,-14.804114,295.76123
move,-15.778359,294.73898
move,-16.64193,293.63895
move,-17.3779,292.4034
move,-17.965519,291.1342
move,-18.471651,289.80164
move,-18.89989,288.4558
move,-19.296711,287.05908
move,-19.678259,285.71295
move,-20.071117,284.35632
move,-20.479824,283.00433
move,-20.908009,281.6446
move,-21.356256,280.31924
move,-21.899906,278.9877
move,-22.576843,277.7491
move,-23.379593,276.58774
move,-24.283457,275.48563
move,-25.26084,274.43024
move,-26.32958,273.5082
move,-27.487686,272.74844
move,-28.746874,272.11002
move,-30.04722,271.59424
move,-31.349764,271.16107
move,-32.799587,270.75873
move,-34.16658,270.46094
move,-35.585945,270.22595
move,-36.987206,270.0491
move,-38.349705,269.88138
move,-39.78319,269.76456
move,-41.23463,269.7247
move,-42.580654,269.6919
move,-44.005848,269.6568
move,-45.456966,269.60602
move,-46.81568,269.5566
move,-48.253777,269.51187
move,-49.678783,269.4711
move,-51.090878,269.44324
move,-52.437252,269.44247
move,-53.78363,269.4423
move,-55.04201,269.44226
move,-56.27611,269.4569
move,-57.691673,269.4768
move,-58.91364,269.4949
move,-60.220413,269.49936
move,-61.4304,269.49777
move,-62.80975,269.48767
move,-64.16413,269.44467
move,-65.50064,269.31525
move,-66.825294,269.09445
move,-68.14968,268.80777
move,-69.45876,268.45764
move,-70.71775,268.02722
move,-71.92589,267.41687
move,-72.98964,266.60062
move,-73.9013,265.61523
move,-74.74478,264.52414
move,-75.496025,263.41107
move,-76.2065,262.24298
move,-76.83516,261.07007
move,-77.42369,259.82272
move,-77.93161,258.5665
move,-78.3838,257.2891
move,-78.784996,255.99464
move,-79.15425,254.67818
move,-79.50001,253.35532
move,-79.805046,252.03511
move,-80.00252,250.69473
move,-80.12466,249.34517
move,-80.177086,247.9669
move,-80.181114,246.61172
move,-80.18077,245.22012
move,-80.18126,243.78014
move,-80.18928,242.4976
move,-80.20171,241.20305
move,-80.215096,239.92052
move,-80.228676,238.65009
move,-80.248024,237.34341
move,-80.27164,236.04895
move,-80.29794,234.77872
move,-80.3238,233.54478
move,-80.353455,232.12938
move,-80.379555,230.89545
move,-80.41274,229.4801
move,-80.45297,228.24654
move,-80.517166,226.94138
move,-80.634926,225.555
move,-80.83553,224.15381
move,-81.101204,222.76328
move,-81.39593,221.40338
move,-81.73944,220.04282
move,-82.2372,218.74417
move,-82.86108,217.50104
move,-83.626884,216.35521
move,-84.526405,215.31026
move,-85.51532,214.34908
move,-86.578865,213.49097
move,-87.73753,212.74333
move,-88.95275,212.06575
move,-90.19552,211.46791
move,-91.503525,210.9596
move,-92.79168,210.53903
move,-94.14016,210.19745
move,-95.5101,209.95442
move,-96.87617,209.76337
move,-98.07793,209.62247
move,-99.4522,209.50465
move,-100.69554,209.41829
move,-101.92682,209.33276
move,-103.1455,209.24155
move,-104.49961,209.05887
move,-105.864624,208.64606
move,-107.125046,208.03201
move,-108.2402,207.20389
move,-109.053764,206.29381
move,-109.715675,205.28175
move,-110.32716,204.00609
move,-110.71445,202.82195
move,-111.07729,201.46605
move,-111.43142,200.27148
move,-111.950874,199.08687
move,-112.57529,198.03693
move,-113.4306,196.92583
move,-114.48285,195.98238
move,-115.50589,195.29262
move,-116.69617,194.52632
move,-117.64271,193.71931
move,-118.45358,192.68132
move,-119.083855,191.55124
move,-119.60605,190.38008
move,-120.02235,189.21849
move,-120.3688,187.97115
move,-120.66397,186.7977
move,-120.97488,185.56581
move,-121.35863,184.21594
move,-121.852936,183.06036
move,-122.5719,181.85577
move,-123.50593,180.7636
move,-124.47445,180.00107
move,-125.52734,179.40674
move,-126.82861,178.88216
move,-127.9524,178.3796
move,-128.78397,177.4948
move,-129.38551,176.39026
move,-129.92433,175.1079
move,-130.3257,173.91524
move,-130.70615,172.75383
move,-131.09038,171.58098
move,-131.5013,170.31505
move,-131.84895,169.08058
move,-132.19751,167.80879
move,-132.68486,166.66367
move,-133.37375,165.58282
move,-134.23495,164.44408
move,-135.0815,163.33972
move,-135.90627,162.21901
move,-136.72324,161.07767
move,-137.50854,159.92906
move,-138.24173,158.73259
move,-138.80478,157.46243
move,-139.12164,156.08432
move,-139.24635,154.69939
move,-139.13838,153.31403
move,-138.88449,152.11885
move,-138.52063,150.76353
move,-138.02007,149.466
move,-137.47859,148.38425
move,-136.73477,147.1805
move,-135.86131,146.06682
move,-134.95583,144.99434
move,-134.15977,144.06705
move,-133.32567,143.04608
move,-132.65765,142.02292
move,-132.02948,140.9606
move,-131.48026,139.86932
move,-131.09972,138.65903
move,-130.88593,137.37022
move,-130.77591,136.12894
move,-130.7227,134.88382
move,-130.67902,133.62619
move,-130.63599,132.29588
move,-130.59981,131.0501
move,-130.56609,129.80426
move,-130.53023,128.4738
move,-130.47278,127.22896
move,-130.34192,125.90474
move,-130.07994,124.68736
move,-129.64622,123.416435
move,-129.17496,122.24978
move,-128.63553,121.046265
move,-128.07599,119.9057
move,-127.43399,118.71241
move,-126.75933,117.665016
move,-125.97638,116.60367
move,-125.22823,115.62211
move,-124.47446,114.64485
move,-123.66175,113.590775
move,-122.92314,112.58707
move,-122.241196,111.55845
move,-121.6565,110.472694
move,-121.17222,109.14373
move,-120.80514,107.789024
move,-120.49381,106.45799
move,-120.29783,105.1052
move,-120.177895,103.77968
move,-120.11744,102.43809
move,-120.142006,101.18015
move,-120.22058,99.924225
move,-120.31806,98.68171
move,-120.41971,97.43959
move,-120.52648,96.21001
move,-120.64302,94.969154
move,-120.77294,93.74182
move,-120.939285,92.421295
move,-121.1475,91.156
move,-121.461105,89.95014
move,-121.92577,88.626335
move,-122.4616,87.52886
move,-123.22607,86.352554
move,-124.108894,85.24641
move,-125.05654,84.22776
move,-126.04478,83.21409
move,-126.912544,82.11385
move,-127.57644,80.877975
move,-128.05054,79.77817
move,-128.50655,78.45084
move,-128.87598,77.09719
move,-129.17451,75.71341
move,-129.40453,74.341255
move,-129.5505,72.93331
move,-129.62106,71.531525
move,-129.68095,70.14133
move,-129.73355,68.920364
move,-129.78036,67.699165
move,-129.81409,66.35651
move,-129.84511,65.13482
move,-129.89223,63.7199
move,-129.95114,62.30543
move,-130.01968,60.891388
move,-130.08823,59.57427
move,-130.15607,58.341923
move,-130.22606,57.09759
move,-130.34467,55.857327
move,-130.61426,54.567127
move,-130.99438,53.40606
move,-131.55116,52.212795
move,-132.40884,51.338627
move,-133.53815,50.82136
move,-134.72966,50.55377
move,-135.9651,50.39128
move,-137.2906,50.270813
move,-138.5822,50.180977
move,-139.82722,50.124184
move,-141.12048,50.063274
move,-142.38922,49.99697
move,-143.69446,49.9346
move,-145.02486,49.89511
move,-146.25896,49.87798
move,-147.493,49.859592
move,-148.72704,49.839725
move,-149.96107,49.81986
move,-151.19511,49.79999
move,-152.45335,49.779736
move,-153.6995,49.759674
move,-154.94565,49.739613
move,-156.2886,49.71799
move,-157.5348,49.69793
move,-158.8052,49.67747
move,-160.09982,49.656628
move,-161.38235,49.635983
move,-162.66487,49.615334
move,-163.9595,49.594463
move,-165.25414,49.57359
move,-165.98438,49.56181
move,-166.28577,49.689327
move,-167.21118,50.07088
move,-168.22421,50.439213
move,-169.16083,50.764133
move,-170.10432,51.125114
move,-171.00206,51.64657
move,-171.79733,52.253876
move,-172.51062,52.954952
move,-173.24287,53.75911
move,-173.93538,54.521328
move,-174.64458,55.20007
move,-175.42874,55.925667
move,-176.26826,56.63148
move,-177.10454,57.17986
move,-178.07928,57.660896
move,-179.01048,57.999817
move,-179.95459,58.268753
move,-180.91084,58.490738
move,-181.88567,58.67081
move,-182.87253,58.838566
move,-183.90685,59.01438
move,-184.88539,59.173275
move,-185.86536,59.32328
move,-186.83658,59.466465
move,-187.81776,59.60813
move,-188.78009,59.745773
move,-189.91618,59.891277
move,-190.92859,60.017567
move,-191.9028,60.139103
move,-192.87,60.235516
move,-193.99463,60.292133
move,-194.9665,60.311638
move,-196.08296,60.304108
move,-197.05505,60.297607
move,-198.1619,60.305363
move,-199.26869,60.3192
move,-200.39476,60.32887
move,-201.36684,60.320038
move,-202.4831,60.295895
move,-203.61858,60.27069
move,-204.59042,60.247974
move,-205.71469,60.184788
move,-206.76099,60.107655
move,-207.89108,59.99487
move,-208.91534,59.88735
move,-209.90186,59.78939
move,-210.93799,59.705723
move,-211.93625,59.631203
move,-212.92424,59.54938
move,-214.05473,59.440395
move,-215.04047,59.33471
move,-216.19016,59.183212
move,-217.40675,58.976192
move,-218.69078,58.6767
move,-219.82722,58.233856
move,-220.95744,57.428432
move,-221.83911,56.53097
move,-222.65147,55.634293
move,-223.46953,54.710102
move,-224.31616,53.77923
move,-225.22137,52.923607
move,-226.3664,52.092716
move,-227.49937,51.442776
move,-228.62978,50.94896
move,-229.80815,50.58352
move,-231.00224,50.324997
move,-232.31659,50.115387
move,-233.7082,49.932594
move,-234.93436,49.792175
move,-236.15317,49.706154
move,-237.59299,49.694595
move,-238.87566,49.69909
move,-240.09785,49.703365
move,-241.32004,49.707653
move,-242.54224,49.711937
move,-243.87334,49.716606
move,-245.24063,49.708378
move,-246.6201,49.70198
move,-247.97534,49.699497
move,-249.3185,49.694427
move,-250.68576,49.68526
move,-252.02876,49.66806
move,-253.3956,49.633583
move,-254.72528,49.574818
move,-256.0765,49.473495
move,-257.39514,49.29453
move,-258.71008,49.02194
move,-260.00656,48.630424
move,-261.24448,48.08038
move,-262.43536,47.4095
move,-263.50143,46.696754
move,-264.4878,45.91591
move,-265.39774,44.996407
move,-266.1533,43.931847
move,-266.75433,42.826748
move,-267.2922,41.649227
move,-267.77197,40.459797
move,-268.181,39.308342
move,-268.53128,37.999752
move,-268.7681,36.579895
move,-268.9219,35.37969
move,-269.07733,34.155304
move,-269.24353,32.846878
move,-269.39917,31.62251
move,-269.57132,30.290497
move,-269.75183,29.020681
move,-269.93945,27.764133
move,-270.14832,26.560015
move,-270.36865,25.296513
move,-270.59982,23.985752
move,-270.8324,22.69981
move,-271.06055,21.474575
move,-271.3114,20.253902
move,-271.67618,18.986923
move,-272.19153,17.655916
move,-272.74118,16.551321
move,-273.37842,15.509092
move,-274.15436,14.551179
move,-275.08588,13.743817
move,-276.1091,13.076344
move,-277.2013,12.476407
move,-278.30475,11.95141
move,-279.52252,11.44517
move,-280.85333,10.962967
move,-282.03333,10.601176
move,-283.3043,10.248987
move,-284.52994,9.914907
move,-285.8016,9.565671
move,-287.01736,9.196713
move,-288.27963,8.774565
move,-289.4548,8.292715
move,-290.5774,7.6981406
move,-291.6413,7.0492225
move,-292.6599,6.3109303
move,-293.6229,5.501533
move,-294.56882,4.653227
move,-295.59842,3.7172635
move,-296.5928,2.8887079
move,-297.64563,2.1357138
move,-298.75055,1.4382629
move,-299.90732,0.85810983
move,-301.11322,0.42298487
move,-302.4383,0.0883415
move,-303.7173,0.0039065233
move,-304.99985,-0.0056016734
move,-306.29462,0.004117737
move,-307.56512,0.018184548
move,-308.84772,0.020337246
move,-310.11798,-0.003541097
move,-311.399,-0.06503648
move,-312.6677,-0.13236311
move,-313.94977,-0.16125058
move,-315.22025,-0.15708329
move,-316.51514,-0.14809214
move,-317.79788,-0.13792907
move,-319.0805,-0.13386992
move,-320.39948,-0.1398179
move,-321.69397,-0.15913153
move,-323.00037,-0.19095136
move,-324.34265,-0.23739584
move,-325.6603,-0.2955225
move,-327.00156,-0.36507794
move,-328.3423,-0.44476274
move,-329.68265,-0.5299929
move,-331.01105,-0.61203605
move,-332.36316,-0.70346826
move,-333.70322,-0.79289097
move,-335.04388,-0.87448335
move,-336.38483,-0.9521645
move,-337.72595,-1.026863
move,-339.05475,-1.1031581
move,-340.39496,-1.1903709
move,-341.7099,-1.2926223
move,-343.05902,-1.4207754
move,-344.3836,-1.5513867
move,-345.7208,-1.6772527
move,-347.06924,-1.81297
move,-348.4086,-1.9138454
move,-349.7374,-1.9914088
move,-351.0553,-2.0428276
move,-352.38605,-2.0637288
move,-353.72928,-2.0751865
move,-355.06012,-2.0629625
move,-356.39084,-2.0376565
move,-357.73312,-1.9941614
move,-359.09848,-1.9230283
move,-360.47504,-1.8368988
move,-361.8516,-1.7505747
move,-362.08102,-1.7358046
cluster,725
move,355.49997,-200
move,355.1032,-200.00476
move,353.94498,-200.02008
move,352.79773,-200.04762
move,351.66254,-200.1077
move,350.51663,-200.17189
move,349.3706,-200.2313
move,348.2127,-200.24393
move,347.10815,-200.2288
move,345.9714,-200.21576
move,344.85648,-200.23454
move,343.7711,-200.36708
move,342.6894,-200.58974
move,341.6381,-200.92766
move,340.6258,-201.3417
move,339.65234,-201.8398
move,338.75037,-202.47507
move,337.92633,-203.3165
move,337.21756,-204.19154
move,336.50134,-205.08826
move,335.78827,-205.95984
move,335.0253,-206.83136
move,334.2647,-207.64711
move,333.44064,-208.46085
move,332.5845,-209.192
move,331.62778,-209.80276
move,330.59274,-210.21507
move,329.47318,-210.46349
move,328.35532,-210.59607
move,327.22983,-210.62155
move,326.09357,-210.58524
move,324.979,-210.54247
move,323.81125,-210.48788
move,322.67563,-210.43668
move,321.4755,-210.38838
move,320.34964,-210.36569
move,319.26663,-210.34758
move,318.15128,-210.33727
move,317.04663,-210.33592
move,315.89905,-210.33014
move,314.77304,-210.31738
move,313.63626,-210.30328
move,312.4565,-210.28864
move,311.2875,-210.27414
move,310.06485,-210.25897
move,308.9173,-210.2447
move,307.71613,-210.23016
move,306.50415,-210.21915
move,305.31366,-210.22331
move,304.12338,-210.24208
move,302.92245,-210.27065
move,301.72284,-210.33124
move,300.52383,-210.40535
move,299.04807,-210.4966
move,297.59943,-210.59564
move,296.09866,-210.7042
move,294.6374,-210.81001
move,293.17612,-210.91576
move,291.68832,-211.0222
move,290.18573,-211.1004
move,288.68234,-211.05241
move,287.14142,-210.94815
move,285.64194,-210.82109
move,284.10165,-210.70793
move,282.5209,-210.60448
move,281.00598,-210.50523
move,279.47742,-210.41565
move,277.92212,-210.33426
move,276.36615,-210.26453
move,274.81024,-210.19408
move,273.26688,-210.13832
move,271.70935,-210.12073
move,270.1253,-210.11621
move,268.52808,-210.11653
move,267.1949,-210.1168
move,265.61087,-210.11328
move,263.98724,-210.10902
move,262.40326,-210.10477
move,261.07004,-210.09485
move,259.5922,-210.05902
move,258.03543,-210.01266
move,256.73593,-209.97397
move,255.2846,-209.93268
move,254.05052,-209.92409
move,252.82854,-209.94044
move,251.595,-209.97847
move,250.13435,-210.07841
move,248.69852,-210.18549
move,247.25044,-210.2924
move,245.8023,-210.39742
move,244.38991,-210.49292
move,242.95264,-210.58086
move,241.57524,-210.65561
move,240.17189,-210.67155
move,238.76938,-210.61728
move,237.38254,-210.5061
move,235.96246,-210.35797
move,234.601,-210.23201
move,233.2003,-210.14204
move,231.79797,-210.08397
move,230.41884,-210.05855
move,229.02747,-210.04541
move,227.62398,-210.06009
move,226.25674,-210.07463
move,224.9016,-210.0867
move,223.48582,-210.09084
move,222.10683,-210.12381
move,220.7404,-210.17143
move,219.37509,-210.24396
move,217.99876,-210.33595
move,216.65926,-210.43452
move,215.29681,-210.54968
move,213.94179,-210.7309
move,212.62477,-210.99374
move,211.25069,-211.33397
move,209.98415,-211.7421
move,208.7199,-212.26181
move,207.52077,-212.86615
move,206.34299,-213.53627
move,205.2074,-214.29681
move,204.15361,-215.186
move,203.18198,-216.13046
move,202.27292,-217.08601
move,201.37437,-218.10039
move,200.48897,-219.25012
move,199.91577,-220.46101
move,199.62048,-221.74492
move,199.55518,-223.07187
move,199.71973,-224.3557
move,199.91562,-225.67218
move,200.06131,-226.99475
move,200.01588,-228.32272
move,199.80347,-229.6243
move,199.52185,-230.92497
move,199.11255,-232.19012
move,198.48662,-233.34819
move,197.65173,-234.36792
move,196.6835,-235.2624
move,195.64291,-236.0726
move,194.56866,-236.81642
move,193.4408,-237.49962
move,192.29347,-238.1251
move,191.13078,-238.72133
move,189.92473,-239.2547
move,188.69708,-239.73665
move,187.43091,-240.14584
move,186.16129,-240.45456
move,184.85124,-240.68813
move,183.53236,-240.86696
move,182.21123,-241.02837
move,180.8716,-241.23216
move,179.48282,-241.56212
move,178.14166,-242.01387
move,176.89345,-242.7414
move,175.94751,-243.824
move,175.16338,-244.98787
move,174.36444,-246.18582
move,173.48015,-247.30438
move,172.36223,-248.22476
move,171.0787,-248.92624
move,169.66705,-249.43103
move,168.3047,-249.81563
move,166.87775,-250.14171
move,165.43399,-250.38443
move,164.18736,-250.5555
move,162.7531,-250.68048
move,161.30186,-250.72025
move,160.06767,-250.72841
move,158.82143,-250.7415
move,157.53888,-250.75507
move,156.28056,-250.76926
move,154.85292,-250.79019
move,153.46153,-250.80498
move,152.0216,-250.81317
move,150.59372,-250.82027
move,149.16582,-250.82735
move,147.73807,-250.84192
move,146.32271,-250.8745
move,144.89526,-250.90904
move,143.46782,-250.94052
move,142.08865,-250.96733
move,140.661,-250.99161
move,139.24545,-251.01172
move,137.86613,-251.02647
move,136.45052,-251.03737
move,135.05928,-251.01707
move,133.68066,-250.97049
move,132.31462,-250.9127
move,130.91371,-250.82547
move,129.5363,-250.75127
move,128.16982,-250.70546
move,126.766846,-250.74077
move,125.37638,-250.79381
move,124.03377,-250.82756
move,122.6514,-250.97989
move,121.31132,-251.30223
move,120.10025,-251.84903
move,118.93748,-252.6115
move,117.92831,-253.5143
move,117.102905,-254.55727
move,116.35263,-255.67125
move,115.57064,-256.74765
move,114.622185,-257.71326
move,113.54079,-258.50845
move,112.3918,-259.17877
move,111.15705,-259.70444
move,109.895424,-260.04092
move,108.541916,-260.2302
move,107.262566,-260.32037
move,105.93372,-260.3956
move,104.60452,-260.46536
move,103.26215,-260.50183
move,101.91995,-260.4553
move,100.60341,-260.37753
move,99.154686,-260.28015
move,97.81442,-260.19336
move,96.44943,-260.11362
move,95.07112,-260.0598
move,93.668015,-260.02267
move,92.276535,-260.0162
move,90.872955,-260.01193
move,89.457275,-260.01376
move,88.041756,-260.03574
move,86.63873,-260.0758
move,85.18739,-260.1197
move,83.77233,-260.1626
move,82.466,-260.1979
move,81.18365,-260.22202
move,79.85286,-260.24402
move,78.57038,-260.26175
move,77.275696,-260.2736
move,75.96891,-260.2856
move,74.61372,-260.29813
move,73.27064,-260.31042
move,71.97595,-260.32242
move,70.620766,-260.33493
move,69.35028,-260.34665
move,68.007195,-260.35895
move,66.68831,-260.37134
move,65.429985,-260.38382
move,64.1233,-260.3977
move,62.87707,-260.4109
move,61.63084,-260.42395
move,60.408806,-260.43683
move,59.174835,-260.46014
move,57.711563,-260.50882
move,56.23727,-260.58282
move,55.030777,-260.67462
move,53.571728,-260.79626
move,52.15918,-260.99768
move,50.730247,-261.3666
move,49.38382,-261.92896
move,48.250523,-262.81314
move,47.27013,-263.81723
move,46.340603,-264.8528
move,45.407623,-265.91757
move,44.483635,-266.95804
move,43.46377,-267.9379
move,42.268417,-268.6665
move,40.951527,-269.11176
move,39.584583,-269.43008
move,38.245182,-269.7049
move,36.80547,-269.97107
move,35.61417,-270.18286
move,34.288532,-270.3987
move,32.912014,-270.6021
move,31.519573,-270.7774
move,30.198168,-271.16138
move,29.02033,-271.94144
move,27.974943,-272.84094
move,27.003002,-273.80228
move,26.050184,-274.8492
move,25.156702,-275.88422
move,24.24583,-276.88727
move,23.200108,-277.82208
move,22.074896,-278.57565
move,20.848314,-279.20554
move,19.558352,-279.72647
move,18.207191,-280.14822
move,16.915064,-280.46664
move,15.562406,-280.73642
move,14.187493,-280.9501
move,12.85622,-281.12796
move,11.478163,-281.32013
move,10.194518,-281.6661
move,8.932349,-282.15842
move,7.7573476,-282.82645
move,6.7173195,-283.67545
move,5.7050724,-284.55814
move,4.695992,-285.42606
move,3.6634858,-286.26596
move,2.6745305,-287.1914
move,1.8629608,-288.21368
move,1.159149,-289.34302
move,0.5187524,-290.50967
move,-0.06495383,-291.71887
move,-0.49869916,-292.95032
move,-0.77341974,-294.32605
move,-0.91577184,-295.57617
move,-0.96502584,-296.8452
move,-0.93929243,-298.17587
move,-0.9063788,-299.45798
move,-0.80068564,-300.73587
move,-0.68281984,-302.0129
move,-0.5736876,-303.31497
move,-0.46563077,-304.60498
move,-0.35247427,-305.93103
move,-0.23193625,-307.29294
move,-0.10346119,-308.61777
move,0.023620192,-309.90616
move,0.1534402,-311.21866
move,0.28809455,-312.555
move,0.42039046,-313.86728
move,0.52895004,-315.19382
move,0.59448075,-316.5352
move,0.6139841,-317.85394
move,0.5876227,-319.18463
move,0.51739615,-320.5258
move,0.43899113,-321.86655
move,0.35774946,-323.20718
move,0.27222803,-324.51117
move,0.23343138,-325.8414
move,0.251247,-327.16013
move,0.3196326,-328.465
move,0.49045974,-329.77225
move,0.8482545,-331.03955
move,1.43749,-332.17737
move,2.180481,-333.25098
move,3.112321,-334.18152
move,4.1522737,-334.95148
move,5.275485,-335.61887
move,6.431998,-336.2528
move,7.531515,-336.97565
move,8.382356,-338.01
move,8.996092,-339.17596
move,9.4853115,-340.4137
move,9.902676,-341.70273
move,10.246406,-343.02597
move,10.542312,-344.3607
move,10.778639,-345.70737
move,10.934992,-347.0532
move,10.994698,-348.41904
move,10.992987,-349.7984
move,10.9912615,-351.18988
move,10.989536,-352.58136
move,10.987783,-353.99704
move,10.987423,-354.2891
move,10.986478,-355.22076
move,10.970816,-356.61218
move,10.970755,-358.05206
move,10.981829,-359.4921
move,10.998602,-360.72626
move,11.022371,-362.00854
move,11.047955,-363.21823
cluster,2816
move,-10.000001,355.49997
move,-9.999684,354.34167
move,-9.999453,353.17267
move,-9.999125,352.01437
move,-9.999659,350.8561
move,-9.998502,349.6871
move,-9.9971,348.72186
move,-9.9929,347.35974
move,-9.944533,346.07376
move,-9.89951,344.95923
move,-9.852379,343.84485
move,-9.797932,342.64496
move,-9.683117,341.4927
move,-9.46844,340.38797
move,-9.070622,339.33563
move,-8.570027,338.36353
move,-7.950028,337.4094
move,-7.2588935,336.53403
move,-6.519169,335.69977
move,-5.6641607,335.00272
move,-4.7039843,334.4155
move,-3.7106879,333.90857
move,-2.6876738,333.4132
move,-1.8134964,332.72693
move,-1.1186961,331.8575
move,-0.5987762,330.85947
move,-0.2085464,329.7815
move,0.017540485,328.72263
move,0.13261475,327.64612
move,0.13968652,326.5631
move,0.09581327,325.45944
move,0.005963369,324.36923
move,-0.10358366,323.29156
move,-0.28757212,322.06116
move,-0.45196885,320.96878
move,-0.5792728,319.89313
move,-0.65763307,318.813
move,-0.6835098,317.71933
move,-0.7126583,316.43265
move,-0.7282948,315.34958
move,-0.7419755,314.245
move,-0.75698876,313.0223
move,-0.7707479,311.90695
move,-0.78485715,310.7594
move,-0.79901284,309.6119
move,-0.8128537,308.48584
move,-0.827359,307.3061
move,-0.8392341,306.1263
move,-0.8500719,304.9465
move,-0.8609273,303.76675
move,-0.87428296,302.60846
move,-0.88968056,301.40735
move,-0.9086561,300.04462
move,-0.9309661,298.5402
move,-0.9528462,297.06216
move,-0.9808922,295.54453
move,-1.0157675,294.01367
move,-1.049318,292.5356
move,-1.0866765,291.01804
move,-1.110124,289.51355
move,-1.1315517,288.00912
move,-1.1539332,286.4387
move,-1.1769418,284.9606
move,-1.218877,283.48285
move,-1.2704586,281.9657
move,-1.3254293,280.42233
move,-1.428119,278.90805
move,-1.6849585,277.37332
move,-2.2360902,275.9342
move,-3.074945,274.67197
move,-4.0932837,273.64078
move,-5.290461,272.75192
move,-6.621574,271.9721
move,-7.962849,271.45367
move,-9.370362,271.00146
move,-10.806531,270.60004
move,-12.233163,270.33096
move,-13.67026,270.12448
move,-15.1107645,269.9421
move,-16.560194,269.72833
move,-17.946613,269.46042
move,-19.323355,269.04626
move,-20.635313,268.48978
move,-21.917356,267.83707
move,-23.154959,267.10385
move,-24.310982,266.2711
move,-25.391558,265.24368
move,-26.38281,264.2561
move,-27.391838,263.23065
move,-28.231703,262.1462
move,-28.97624,260.94647
move,-29.574486,259.654
move,-30.023281,258.3154
move,-30.339811,256.9802
move,-30.469921,255.60149
move,-30.393095,254.19232
move,-30.24158,252.78802
move,-30.156374,251.36555
move,-30.370108,250.03978
move,-30.939985,248.69347
move,-31.700727,247.5201
move,-32.532455,246.46207
move,-33.62632,245.49094
move,-34.731155,244.6986
move,-35.894394,243.82985
move,-36.90641,242.8474
move,-37.735905,241.75446
move,-38.50875,240.5415
move,-39.14501,239.32532
move,-39.69186,237.96782
move,-39.96607,236.62396
move,-40.10928,235.29857
move,-40.225918,233.86453
move,-40.331295,232.41644
move,-40.41785,231.06628
move,-40.439137,229.80824
move,-40.429382,228.54987
move,-40.381954,227.30449
move,-40.323387,225.97476
move,-40.267307,224.74184
move,-40.21018,223.48473
move,-40.1547,222.26387
move,-40.088264,221.00726
move,-40.016087,219.77524
move,-39.94252,218.51906
move,-39.866737,217.22664
move,-39.77945,215.98347
move,-39.66554,214.68158
move,-39.63312,213.41235
move,-39.688118,212.11884
move,-39.757782,210.81395
move,-39.881767,209.5009
move,-40.00799,208.26099
move,-40.13376,207.03328
move,-40.278038,205.66145
move,-40.456814,204.29372
move,-40.627842,202.88849
move,-40.73706,201.54979
move,-40.789104,200.21997
move,-40.822502,198.9137
move,-40.847507,197.58296
move,-40.866737,196.2521
move,-40.87949,194.90915
move,-40.892525,193.542
move,-40.905228,192.21115
move,-40.91844,190.81981
move,-40.93163,189.44057
move,-40.944973,188.03712
move,-40.9575,186.69415
move,-40.970303,185.27861
move,-40.98264,183.91145
move,-40.9901,182.5321
move,-40.99442,181.08002
move,-40.993195,179.7005
move,-40.99168,178.27258
move,-40.990166,176.85677
move,-40.988373,175.46515
move,-40.972855,174.12215
move,-40.95331,172.7187
move,-40.93522,171.38782
move,-40.94301,170.03271
move,-40.95745,168.64133
move,-41.027706,167.32433
move,-41.10127,165.97115
move,-41.15383,164.56856
move,-41.18505,163.25002
move,-41.20663,161.88283
move,-41.253994,160.49225
move,-41.29468,159.12561
move,-41.250275,157.735
move,-41.177532,156.40599
move,-41.116554,155.01578
move,-41.072147,153.63708
move,-41.037548,152.30661
move,-40.995293,150.93994
move,-40.94275,149.58575
move,-40.889515,148.31639
move,-40.830303,146.93828
move,-40.788254,145.65634
move,-40.746986,144.27748
move,-40.70563,142.93506
move,-40.66334,141.5806
move,-40.617096,140.17776
move,-40.55636,138.79973
move,-40.49381,137.45816
move,-40.456528,136.06721
move,-40.419273,134.6762
move,-40.29091,133.36398
move,-40.052567,132.0304
move,-39.692642,130.73682
move,-39.23316,129.4495
move,-38.650467,128.1862
move,-37.99451,126.97317
move,-37.176266,125.86592
move,-36.155952,124.88519
move,-35.097256,123.94531
move,-34.03501,123.04678
move,-32.90259,122.17726
move,-31.715132,121.40838
move,-30.41251,120.82583
move,-29.153065,120.396484
move,-27.819971,120.04314
move,-26.487732,119.796455
move,-25.131416,119.62385
move,-23.773796,119.46147
move,-22.385437,119.255905
move,-21.045336,118.98551
move,-19.720358,118.648094
move,-18.37454,118.21033
move,-17.16048,117.561134
move,-16.068771,116.70024
move,-15.072712,115.71185
move,-14.165431,114.70536
move,-13.225929,113.66303
move,-12.21777,112.70396
move,-11.138711,111.73339
move,-9.953262,111.032845
move,-8.652055,110.50832
move,-7.3158126,110.07888
move,-5.973413,109.66893
move,-4.632783,109.216156
move,-3.304921,108.57389
move,-2.1383185,107.753586
move,-1.2851156,106.84742
move,-0.5401318,105.63371
move,-0.08904913,104.30629
move,0.1906337,102.98079
move,0.385433,101.61533
move,0.5084283,100.25376
move,0.5619669,98.86352
move,0.5182705,97.509186
move,0.44965312,96.16785
move,0.38106215,94.82651
move,0.31213892,93.47307
move,0.24899232,92.15565
move,0.18718801,90.813934
move,0.13185824,89.49619
move,0.08056341,88.17831
move,0.025965745,86.82416
move,-0.03007461,85.51857
move,-0.09138401,84.17687
move,-0.15618618,82.88378
move,-0.22240384,81.590775
move,-0.28422138,80.29756
move,-0.33791023,78.99189
move,-0.37413317,77.721886
move,-0.40713957,76.39125
move,-0.40290427,75.10867
move,-0.3930959,73.813995
move,-0.38581407,72.53142
move,-0.37923753,71.23674
move,-0.37762713,69.942055
move,-0.38225746,68.65948
move,-0.3930677,67.35271
move,-0.40627024,66.05803
move,-0.41984814,64.72705
move,-0.43329936,63.408195
move,-0.44674683,62.089367
move,-0.46019873,60.770535
move,-0.47389278,59.4275
move,-0.48650527,58.14497
move,-0.48723775,56.80189
move,-0.48502615,55.483013
move,-0.48275942,54.127834
move,-0.48052913,52.784756
move,-0.47895983,51.381176
move,-0.48133752,50.062294
move,-0.48742184,48.791817
move,-0.49310133,47.388233
move,-0.49398428,46.166145
move,-0.48293775,44.798878
move,-0.4712046,43.431644
move,-0.45966858,42.08862
move,-0.44761112,40.68509
move,-0.43628338,39.366257
move,-0.42683363,38.047386
move,-0.4182694,36.704308
move,-0.40962914,35.349133
move,-0.40106088,34.006054
move,-0.39014375,32.723507
move,-0.37327865,31.38052
move,-0.3547521,30.085962
move,-0.33336937,28.718842
move,-0.2980128,27.43676
move,-0.20573649,26.121145
move,-0.104546696,24.781864
move,0.004158869,23.467495
move,0.19376758,22.150608
move,0.5256981,20.87502
move,1.0491247,19.666168
move,1.7408323,18.54393
move,2.5457323,17.499834
move,3.4502678,16.524189
move,4.4453683,15.756869
move,5.5657063,15.084239
move,6.6705227,14.43287
move,7.609947,13.586286
move,8.352762,12.558259
move,8.8862505,11.3804035
move,9.2564745,10.140589
move,9.510746,8.895947
move,9.699297,7.6395845
move,9.837452,6.3645372
move,9.917699,5.060356
move,9.924506,3.8021219
move,9.861001,2.533372
move,9.716968,1.2713664
move,9.428761,-0.07683734
move,9.044213,-1.3255692
move,8.610165,-2.493682
move,8.115838,-3.6375823
move,7.493995,-4.8685603
move,6.770912,-5.955364
move,5.8846245,-6.897666
move,4.7660904,-7.822313
move,3.7528467,-8.526569
move,2.618329,-9.173831
move,1.4441317,-9.656684
move,0.20065321,-10.014875
move,-1.0983689,-10.239648
move,-2.3622317,-10.368983
move,-3.6509576,-10.4932165
move,-4.9480467,-10.6512165
move,-6.206469,-10.89609
move,-7.4516697,-11.291139
move,-8.695418,-11.76507
move,-9.955222,-12.264521
move,-11.237995,-12.803699
move,-12.474221,-13.2969
move,-13.726114,-13.845201
move,-14.877945,-14.555757
move,-15.950669,-15.322948
move,-17.018726,-16.195288
move,-17.97153,-17.14136
move,-18.857218,-18.182299
move,-19.533178,-19.349392
move,-19.910622,-20.687187
move,-20.09349,-22.02908
move,-20.17927,-23.466398
move,-20.201262,-24.845558
move,-20.191235,-26.188593
move,-20.12677,-27.542118
move,-20.024364,-28.917702
move,-19.929703,-30.281595
move,-19.858088,-31.659136
move,-19.785194,-33.07296
move,-19.70596,-34.437954
move,-19.653708,-35.828358
move,-19.666843,-37.207443
move,-19.80416,-38.591526
move,-19.998037,-40.0183
move,-20.12439,-41.415962
move,-20.19389,-42.81783
move,-20.251707,-44.23237
move,-20.308533,-45.622734
move,-20.363575,-47.037357
move,-20.414171,-48.464256
move,-20.449783,-49.9158
move,-20.468203,-51.137753
move,-20.475393,-52.541332
move,-20.481798,-53.981213
move,-20.487944,-55.360596
move,-20.49405,-56.727875
move,-20.500256,-58.119354
move,-20.514294,-59.45026
move,-20.54012,-60.865726
move,-20.565292,-62.244892
move,-20.593727,-63.57557
move,-20.661682,-64.96537
move,-20.766386,-66.30431
move,-20.924402,-67.686714
move,-21.144045,-69.036156
move,-21.400133,-70.354576
move,-21.79015,-71.68768
move,-22.528044,-72.80448
move,-23.492603,-73.71939
move,-24.596045,-74.50411
move,-25.749878,-75.14264
move,-26.923397,-75.7952
move,-27.956936,-76.64625
move,-28.721685,-77.761246
move,-29.136105,-78.99657
move,-29.29233,-80.31763
move,-29.369736,-81.6221
move,-29.441948,-82.92695
move,-29.50327,-84.23231
move,-29.563034,-85.52561
move,-29.62505,-86.86728
move,-29.683142,-88.12432
move,-29.734577,-89.40588
move,-29.740984,-90.68832
move,-29.708181,-91.99466
move,-29.636414,-93.2631
move,-29.543839,-94.57874
move,-29.484,-95.87163
move,-29.619965,-97.16959
move,-29.910227,-98.43087
move,-30.321737,-99.65765
move,-30.875343,-100.85438
move,-31.479181,-102.01324
move,-32.175972,-103.14657
move,-33.019444,-104.12649
move,-34.005775,-104.98274
move,-34.976406,-105.70508
move,-36.057987,-106.43822
move,-37.266045,-107.176216
move,-38.38759,-107.82298
move,-39.548916,-108.44783
move,-40.71814,-109.00359
move,-41.95946,-109.51589
move,-43.20212,-109.95743
move,-44.472916,-110.30855
move,-45.79757,-110.52615
move,-47.13353,-110.66428
move,-48.470226,-110.79542
move,-49.82043,-110.91164
move,-51.195686,-111.0184
move,-52.56109,-111.088394
move,-53.90361,-111.12806
move,-55.307037,-111.14224
move,-56.67418,-111.12233
move,-58.029144,-111.097
move,-59.4205,-111.07992
move,-60.799877,-111.07578
move,-62.167126,-111.06788
move,-63.534355,-111.05328
move,-64.88936,-111.03002
move,-66.26751,-110.971954
move,-67.58472,-110.9053
move,-68.93803,-110.83367
move,-70.303024,-110.75456
move,-71.631836,-110.67867
move,-72.93709,-110.6153
move,-74.254616,-110.55521
move,-75.54843,-110.50703
move,-76.87851,-110.45749
move,-78.22069,-110.40746
move,-79.55078,-110.35794
move,-80.94132,-110.306114
move,-82.343956,-110.25387
move,-83.735085,-110.25829
move,-85.04038,-110.32005
move,-86.453896,-110.39861
move,-85.04038,-110.32005
move,-87.55329,-110.459724
move,-89.17219,-110.549706
move,-90.51337,-110.62125
move,-91.891495,-110.67963
move,-93.23435,-110.70295
move,-94.46854,-110.704025
move,-95.69062,-110.702286
move,-97.04562,-110.67979
move,-98.46103,-110.65186
move,-99.86421,-110.61821
move,-101.086235,-110.60735
move,-102.42931,-110.61223
move,-103.88111,-110.63547
move,-105.24823,-110.65769
move,-106.70012,-110.67971
move,-108.09151,-110.70074
move,-109.55549,-110.7229
move,-110.98318,-110.74456
move,-112.39877,-110.74175
move,-113.620445,-110.71056
move,-115.068085,-110.60092
move,-116.520065,-110.41357
move,-117.77598,-110.22172
move,-116.520065,-110.41357
move,-119.24665,-109.99326
move,-120.77206,-109.81467
move,-122.01785,-109.78084
move,-123.25143,-109.74136
move,-124.47218,-109.71868
move,-125.66616,-110.06037
move,-126.78786,-110.60254
move,-127.890335,-111.25762
move,-128.9554,-111.92783
move,-129.98904,-112.57983
move,-131.06145,-113.26104
move,-132.15152,-113.95961
move,-133.15086,-114.66238
move,-134.14813,-115.48777
move,-135.08469,-116.27287
move,-136.15057,-117.10971
move,-137.16835,-117.807106
move,-138.27187,-118.41054
move,-139.46709,-118.836815
move,-140.67091,-119.10736
move,-141.91508,-119.29416
move,-143.20451,-119.40929
move,-144.62985,-119.49408
move,-145.89828,-119.56795
move,-147.11874,-119.62973
move,-148.34004,-119.67473
move,-149.59808,-119.704094
move,-151.06213,-119.70645
move,-152.36884,-119.6895
move,-153.5908,-119.682144
move,-154.84912,-119.67511
move,-156.10753,-119.6797
move,-157.4747,-119.693085
move,-158.73311,-119.6952
move,-160.01558,-119.68678
move,-161.38275,-119.67754
move,-162.8467,-119.66763
move,-164.32274,-119.65768
move,-165.55681,-119.6493
move,-166.80298,-119.64085
move,-168.03705,-119.63252
move,-169.27112,-119.624176
move,-170.50525,-119.61707
move,-171.7636,-119.60812
move,-172.99767,-119.58904
move,-174.24384,-119.56985
move,-175.5021,-119.548546
move,-176.76039,-119.53604
move,-177.99454,-119.52792
move,-179.27711,-119.51845
move,-180.75313,-119.500336
move,-182.03555,-119.477936
move,-183.27919,-119.40062
move,-184.64575,-119.14521
move,-185.84695,-118.73624
move,-187.0137,-118.05317
move,-188.03545,-117.07409
move,-188.53789,-115.8957
move,-188.8687,-114.68197
move,-189.16194,-113.297264
move,-189.45724,-111.8512
move,-189.88353,-110.52864
move,-190.48459,-109.36892
move,-191.29387,-108.164375
move,-192.12415,-107.2197
move,-193.08008,-106.44113
move,-194.1095,-105.78283
move,-195.17665,-105.11595
move,-196.23032,-104.36466
move,-197.27948,-103.36254
move,-198.04674,-102.397514
move,-198.56595,-101.270035
move,-198.81354,-100.00052
move,-198.93672,-98.602425
move,-199.06343,-97.1803
move,-199.25778,-95.80285
move,-199.72063,-94.468864
move,-200.3966,-93.23994
move,-201.33185,-92.16956
move,-202.47232,-91.39794
move,-203.74846,-90.816734
move,-205.13263,-90.42583
move,-206.51347,-90.26359
move,-207.78238,-90.20013
move,-209.01561,-90.15108
move,-210.29785,-90.12041
move,-211.67694,-90.091736
move,-213.08022,-90.06259
move,-214.47145,-90.03519
move,-215.89775,-89.9762
move,-217.31927,-89.84248
move,-218.54462,-89.69592
move,-219.94215,-89.40881
move,-221.27483,-88.87672
move,-222.36015,-87.919525
move,-223.30373,-86.75425
move,-224.0382,-85.54434
move,-224.77338,-84.306305
move,-225.56537,-83.179726
move,-226.58716,-82.23764
move,-227.75229,-81.43564
move,-228.99706,-80.8771
move,-230.38632,-80.55454
move,-231.72327,-80.43501
move,-233.11465,-80.43789
move,-234.46983,-80.44758
move,-235.84874,-80.41664
move,-237.20903,-80.283646
move,-238.57152,-80.00499
move,-239.89468,-79.57667
move,-241.14287,-79.04966
move,-242.39355,-78.38736
move,-243.51613,-77.6291
move,-244.57411,-76.763664
move,-245.5736,-75.77869
move,-246.45833,-74.691444
move,-247.18163,-73.46065
move,-247.79657,-72.18664
move,-248.31029,-70.81611
move,-248.69379,-69.41622
move,-248.96616,-67.97796
move,-249.15863,-66.51447
move,-249.30054,-65.08159
move,-249.425,-63.61065
move,-249.5428,-62.212
move,-249.65031,-60.93391
move,-249.7394,-59.496845
move,-249.78004,-58.0819
move,-249.7893,-56.666225
move,-249.79887,-55.214256
move,-249.807,-53.980087
move,-249.81487,-52.77011
move,-249.82428,-51.318142
move,-249.83359,-49.89037
move,-249.84312,-48.4505
move,-249.85323,-46.998528
move,-249.86293,-45.570766
move,-249.86673,-44.155087
move,-249.86932,-42.703114
move,-249.84126,-41.275597
move,-249.81279,-39.86018
move,-249.78412,-38.432667
move,-249.76164,-36.980846
move,-249.75618,-35.60147
move,-249.75677,-34.16159
move,-249.76122,-32.75801
move,-249.7742,-31.342375
move,-249.78833,-29.92674
move,-249.80774,-28.499073
move,-249.84499,-27.132317
move,-249.89363,-25.911188
move,-249.94788,-24.544966
move,-250.00264,-23.166649
move,-250.07736,-21.765123
move,-250.17041,-20.328236
move,-250.25874,-18.963787
move,-250.33429,-17.550123
move,-250.39154,-16.1598
move,-250.44824,-14.733128
move,-250.51353,-13.355295
move,-250.63628,-11.957377
move,-250.8666,-10.597782
move,-251.22917,-9.242274
move,-251.73492,-7.9209843
move,-252.38097,-6.7030525
move,-253.13287,-5.561508
move,-254.00212,-4.4755945
move,-254.9824,-3.454985
move,-256.08725,-2.5329897
move,-257.11542,-1.8077396
move,-258.30505,-1.0867192
move,-259.60645,-0.4726962
move,-260.96323,-0.0309648
move,-262.38007,0.2845374
move,-263.80124,0.5159062
move,-265.27518,0.7208009
move,-266.69916,0.81581324
move,-268.16235,0.7719083
move,-269.5883,0.69895023
move,-270.90408,0.6096392
move,-272.26807,0.5150592
move,-273.65656,0.42537576
move,-275.00903,0.33952543
move,-276.38556,0.2508473
move,-277.73813,0.16774873
move,-279.128,0.10222261
move,-280.47034,0.058941342
move,-281.84933,0.025897741
move,-283.21622,-0.006862391
move,-284.53473,-0.038455665
move,-285.87744,-0.070637
move,-287.20807,-0.10252169
move,-288.55078,-0.1346938
move,-289.82086,-0.1651326
move,-291.10312,-0.19672155
move,-292.39752,-0.23189493
move,-293.6796,-0.26995367
move,-294.97342,-0.31607205
move,-296.2549,-0.36985892
move,-297.54852,-0.42415428
move,-298.8059,-0.4748931
move,-300.13608,-0.5239311
move,-301.36984,-0.5569486
move,-302.66452,-0.57116884
move,-303.94714,-0.5793298
move,-305.19342,-0.58365154
move,-306.5244,-0.5866357
move,-307.807,-0.5882079
move,-309.10168,-0.5897913
move,-310.3722,-0.5913486
move,-311.65472,-0.6036191
move,-312.9717,-0.6740207
move,-314.22873,-0.730122
move,-315.52313,-0.75653034
move,-316.8051,-0.79440117
move,-318.07272,-0.87995404
move,-319.36264,-0.9912025
move,-320.61618,-1.0997535
move,-321.8874,-1.3408654
move,-323.13803,-1.6738665
move,-324.26807,-2.223538
move,-325.5016,-2.8935084
move,-326.62808,-3.5068076
move,-327.76517,-4.125896
move,-328.9235,-4.7565546
move,-329.8721,-5.27301
move,-330.19965,-5.578058
move,-330.9887,-6.5993953
move,-331.54556,-7.779861
move,-331.8266,-9.004618
move,-331.8789,-10.321173
move,-331.77902,-11.599391
move,-331.5515,-12.885714
move,-331.21567,-14.11069
move,-330.80548,-15.338699
move,-330.3875,-16.576866
move,-330.05466,-17.802105
move,-329.93158,-19.065296
move,-330.08008,-20.42124
move,-330.48602,-21.571806
move,-331.11023,-22.69102
move,-331.90222,-23.666267
move,-332.89407,-24.45763
move,-333.98257,-25.112013
move,-335.1025,-25.685772
move,-336.2455,-26.267513
move,-337.38007,-26.865585
move,-338.47537,-27.485111
move,-339.591,-28.117775
move,-340.72357,-28.69308
move,-341.91296,-29.203995
move,-343.12985,-29.645742
move,-344.36194,-30.000648
move,-345.63333,-30.24293
move,-346.9696,-30.37705
move,-348.20105,-30.461401
move,-349.42035,-30.54344
move,-350.63947,-30.629787
move,-351.8817,-30.73137
move,-353.36472,-30.855738
move,-354.78802,-30.969215
move,-356.1402,-31.060413
move,-357.56656,-31.119524
move,-358.98236,-31.132607
move,-360.37326,-31.09862
move,-361.61597,-31.003927
move,-363.04953,-30.867949
move,-364.5305,-30.721
move,-365.96576,-30.606419
move,-367.36673,-30.519236
move,-368.61157,-30.458248
move,-370.02606,-30.39867
move,-371.48987,-30.370808
move,-372.95407,-30.355654
move,-374.2125,-30.35397
move,-375.44675,-30.357143
move,-376.71732,-30.345701
move,-378.10852,-30.320633
move,-379.58444,-30.290825
move,-381.0361,-30.252958
move,-382.26987,-30.218481
move,-383.0198,-30.200222
cluster,2766
move,43.46219,-10.5
move,42.09508,-10.5185175
move,40.595314,-10.559875
move,39.42327,-10.465816
move,38.39886,-10.032047
move,37.49234,-9.4084425
move,36.661972,-8.634193
move,35.84213,-7.8905306
move,35.015163,-7.140406
move,34.731743,-6.883322
